title,content,source,category,published_date,label,reason
SPBU Pertamina di Medan Sudah Beroperasi Normal,"PT Pertamina Patra Niaga memastikan layanan penyaluran BBM di seluruh SPBU wilayah Medan , Sumatra Utara dan sekitarnya telah kembali beroperasi normal setelah sempat terjadi kelangkaan yang menyebabkan antrean panjang.
VP Corporate Communication Pertamina Patra Niaga Kitty Andhora mengatakan meningkatnya konsumsi BBM di wilayah Medan terjadi karena meningkatnya aktivitas masyarakat, termasuk dimulainya kembali kegiatan sekolah dan perkantoran yang mendorong kenaikan mobilitas.
""Seiring meningkatnya aktivitas masyarakat, kebutuhan BBM di Medan juga mengalami kenaikan sekitar 5-10 persen dibandingkan rata-rata harian. Kami segera meningkatkan kapasitas distribusi melalui penambahan armada mobil tangki, penguatan personel distribusi, serta optimalisasi operasional sehingga layanan di SPBU kini telah kembali berjalan normal,"" ujar Kitty dalam keterangan tertulis, Rabu (15/7).
Sebagai langkah percepatan distribusi, perusahaan menambah 10 unit mobil tangki operasional, 30 unit mobil tangki spot charter, serta memperkuat personel distribusi dengan tambahan 34 Awak Mobil Tangki (AMT) dari Fuel Terminal terdekat dan dukungan 16 personel dari Bekangdam.
Perusahaan juga terus melakukan pembinaan dan penindakan atas pelanggaran disiplin terhadap seluruh mitra operasional guna memastikan proses distribusi berjalan sesuai standar keselamatan, kepatuhan, dan keandalan.
Selain itu, operasional Fuel Terminal Medan dan sejumlah SPBU dioptimalkan selama 24 jam untuk mempercepat penyaluran BBM ke masyarakat.
Upaya tersebut membuahkan hasil positif. Per Selasa (14/7), realisasi penyaluran 104 persen dari target harian, dengan pengoperasian 149 unit mobil tangki atau 115 persen.
Saat ini, operasional Fuel Terminal Medan telah berjalan normal dan seluruh proses distribusi BBM ke SPBU berlangsung lancar.
Pertamina Patra Niaga terus berkoordinasi dengan pemerintah daerah, aparat keamanan, dan seluruh pemangku kepentingan untuk memastikan keandalan pasokan energi bagi masyarakat.
""Kami mengapresiasi dukungan seluruh pihak yang telah membantu percepatan distribusi. Saat ini layanan SPBU di Medan telah beroperasi normal dengan stok BBM dalam kondisi aman. Kami mengimbau masyarakat untuk membeli BBM sesuai kebutuhan agar distribusi tetap berjalan optimal,"" pungkas Kitty.",CNN Indonesia,Business,2026-07-15,Positive,"SPBU Pertamina di Medan kembali beroperasi normal setelah mengatasi kelangkaan BBM dengan peningkatan kapasitas distribusi, pencapaian target penyaluran 104%, dan optimalisasi operasional."
BPDP Siap Sokong Subsidi BBM Solar Rp15 Ribu untuk Kapal Nelayan,"Badan Pengelola Dana Perkebunan ( BPDP ) mengungkapkan pihaknya siap mendukung pembiayaan dana subsidi harga khusus BBM solar untuk kapal nelayan dan pelaku usaha perikanan.
Diketahui, pemerintah menetapkan harga khusus BBM solar tersebut sebesar Rp15 ribu untuk kapal nelayan berukuran 30-120 Gross Tonnage (GT).
Direktur Penyaluran Dana Sektor Hilir BPDP Mohammad Alfansyah menyampaikan saat ini pendanaan subsidi BBM solar masih tahap pembahasan. Ia menegaskan pihaknya siap untuk mendukung subsidi program tersebut saat ditanya oleh wartawan.
""Ya, BPDP siap support lah,"" ujar Alfansyah kepada wartawan usai Media Briefing di Gedung BPDP, Jakarta Pusat pada Rabu (15/7).
Dalam kesempatan sama, Alfansyah mengatakan dana subsidi solar kapal nelayan tidak akan mengganggu program lainnya yang dilakukan oleh BPDP, yakni insentif Biodiesel B50 dan Peremajaan Sawit Rakyat (PSR).
Adapun insentif program transisi Biodiesel B40 menjadi B50 sepanjang 2026 yang disiapkan BPDP adalah Rp32,3 triliun.
""PSR, sarpras (sarana dan prasarana), riset, SDM (sumber daya manusia), tidak boleh tidak ada dananya, ya. Itu pasti harus ada dananya,"" terangnya.
Sebelumnya, pemerintah menetapkan harga khusus BBM solar tersebut diambil sebagai respons keluhan nelayan dan pelaku usaha perikanan soal harga solar non-subsidi yang menembus Rp20 ribu per liter.
""Harga BBM yang nonsubsidi sempat melonjak ke Rp21.300 (per liter) dan karena pengusaha nelayan ini perlu diberi harga kekhusuan, tadi dibahas bahwa harga yang disepakati adalah Rp15 ribu per liter,"" ujar Menteri Koordinator Bidang Perekonomian Airlangga Hartarto usai Rapat Terbatas bersama Presiden Prabowo Subianto di Hambalang, Bogor, seperti ditayangkan kanal Youtube Sekretariat Presiden , Senin (13/7).
Sementara, harga BBM untuk nelayan di bawah 30 GT tetap sesuai harga solar subsidi Rp6.800 per liter. Harga tersebut jauh di bawah harga pasar.
""Harga daripada BBM yang nonsubsidi ini berdasarkan harga rata-rata produksi solar di dalam negeri itu bisa dipatok di angka Rp18.600 (per liter),"" ujarnya.
Selanjutnya, kata Airlangga, Menteri ESDM Bahlil Lahadalia akan menerbitkan regulasi terkait subsidi harga tersebut.
Airlangga mengungkapkan besaran subsidi sekitar Rp3.600 akan ditutup oleh Badan Pengelola Dana Perkebunan Kelapa Sawit (BPDPKS).
""Sekarang BPDP memiliki cukup dana untuk membiayai hal tersebut, bukan oleh APBN, karena harga minyak solar dan biodiesel sudah dekat sehingga ada dana yang bisa digunakan,"" ujarnya.",CNN Indonesia,Business,2026-07-15,Neutral,"The article discusses the BPDP's support for a subsidy on solar fuel for fishermen's boats, which is an informational update on government policy. There is no direct positive or negative financial impact mentioned."
"Pupuk Indonesia Bukukan Laba Rp8,51 Triliun di Semester Pertama 2026","PT Pupuk Indonesia (Persero) mencatatkan laba sebesar bersih sebesar Rp8,51 triliun. Jumlah ini tumbuh 253 persen dibandingkan periode yang sama pada tahun sebelumnya.
Dalam keterangan tertulis Pupuk Indonesia, peningkatan laba signifikan ini disebut seiring dengan upaya transformasi bisnis dan tata kelola perusahaan, yang sejalan dengan agenda Danantara Indonesia. Kinerja ini disebut hasil dari penerapan operational excellence dan cost leadership yang disiplin, di bawah supervisi Danantara.
Direktur Utama Pupuk Indonesia Rahmad Pribadi mengatakan efisiensi operasional dan disiplin biaya yang dijalankan secara konsisten sesuai agenda pemerintahan Presiden Prabowo Subianto.
""Berkat dukungan pemerintah melalui Danantara transformasi bisnis secara menyeluruh sudah mulai membuahkan hasil berupa capaian kinerja keuangan yang membanggakan. Dengan fondasi keuangan yang semakin kuat, kami optimistis pertumbuhan ini berkelanjutan, bukan hanya untuk kinerja perusahaan, tapi juga untuk kontribusi yang lebih besar terhadap ketahanan pangan nasional,"" kata Rahmad, Rabu (15/7).
Perusahaan mencatatkan pertumbuhan pendapatan mencapai Rp59,67 triliun, tumbuh 51% dengan peningkatan EBITDA sebesar 140% menjadi Rp14,28 triliun. Jumlah ini didapat seiring pertumbuhan volume produksi dan efisiensi biaya operasional yang sejalan dengan upaya transformasi dan bisnis perusahaan.
Transformasi juga memperkuat daya tahan bisnis Pupuk Indonesia melalui strategi yang memastikan kinerja perusahaan tetap adaptif dan berkelanjutan, meski di tengah dinamika ekonomi global.
Perusahaan menerapkan diversifikasi sumber pendapatan dengan memperkuat kontribusi segmen non-subsidi dan produk non-pupuk, serta memperluas sumber pasokan dan skema kontrak bahan baku untuk meredam dampak volatilitas harga komoditas global terhadap struktur biaya.
Selain itu, selama beberapa tahun terakhir, Pupuk Indonesia terus melakukan upaya transformasi bisnis secara menyeluruh melalui operational & digital excellence, penguatan holding business streamlining , hingga distribusi public service obligation serta penguatan komersial.
Dari sisi tata kelola transformasi perusahaan didukung oleh penerbitan Peraturan Presiden Nomor 113 tahun 2025 yang menjadi titik balik efisiensi operasional perusahaan.
Perusahaan juga berkomitmen melakukan peremajaan atau revitalisasi 7 pabrik dalam 5 tahun ke depan sejalan dengan arahan Danantara untuk mengoptimalkan portofolio aset BUMN agar lebih produktif dan bernilai tambah.
Tak hanya itu, dalam beberapa tahun ke depan Pupuk Indonesia juga menyiapkan sejumlah langkah strategis pengembangan, di antaranya ekspansi dan diversifikasi portofolio produk seperti pengembangan metanol dan turunannya; pengembangan bisnis clean ammonia; pengembangan bisnis industrial support, dan sebagainya.
Transformasi yang dijalankan Pupuk Indonesia juga memberikan dampak positif bagi petani, dengan semakin mudahnya akses terhadap pupuk bersubsidi.
Sepanjang tahun 2025, perusahaan berhasil menyalurkan 8.110.571 ton pupuk bersubsidi, meningkat 10,68% dibandingkan tahun sebelumnya.
Peningkatan tersebut didukung oleh implementasi sistem i-Pubers yang mempercepat dan mempermudah proses penebusan, serta penerapan Peraturan Presiden Nomor 6 Tahun 2025 yang menyederhanakan tata kelola penyaluran pupuk bersubsidi sehingga distribusi menjadi lebih cepat, mudah, dan tepat sasaran.
Hingga 12 Juli 2026 Pupuk Indonesia sudah menyalurkan pupuk bersubsidi sebanyak 5,13 juta ton atau 52% dari alokasi 9,8 juta ton yang ditetapkan Pemerintah.
""Sejalan dengan agenda transformasi BUMN yang didorong Danantara, semua perubahan struktural ini bermuara pada satu hal, pupuk yang terjangkau dan lebih cepat sampai ke petani, dengan cost yang lebih sehat bagi negara serta menjaga ketahanan pangan,"" kata Rahmad. Di sisi operasional, Pupuk Indonesia menjadikan efisiensi dan optimalisasi aset sebagai praktik bisnis yang berkelanjutan sehingga mampu menjaga daya saing perusahaan dalam jangka panjang. Dengan kapasitas produksi nasional sekitar 14,8 juta ton per tahun, perusahaan memiliki ruang yang memadai untuk menjamin kebutuhan pupuk dalam negeri sekaligus merespons peluang pasar global tanpa mengganggu pasokan bagi petani Indonesia.
""Bagi kami, keberlanjutan laba bukan soal mengejar angka tertinggi tiap tahun, tapi memastikan fondasi yang cukup kuat untuk tetap tumbuh meski kondisi global berubah-ubah. Ketahanan bisnis kami bukan hanya soal bertahan dari gejolak industri, tapi juga soal memastikan pertumbuhan ini dirasakan langsung oleh pelaku usaha kecil dan petani di akar rumput,"" kata Rahmad.",CNN Indonesia,Business,2026-07-15,Positive,"Pupuk Indonesia reported a significant profit increase of 253% to Rp8,51 triliun in the first half of 2026, along with revenue growth of 51% and a 140% increase in EBITDA, indicating strong financial performance and positive company outlook."
Notaris Wajib Setor Rp500 Juta ke Negara Jika Mau Pindah ke Jakarta,"Pemerintah menetapkan tarif baru penerimaan negara bukan pajak ( PNBP ) bagi notaris yang mengajukan perpindahan wilayah jabatan. Dalam aturan terbaru, notaris yang pindah ke Jakarta akan dikenai tarif hingga Rp500 juta per 1 Agustus 2026.
Ketentuan tersebut diatur dalam Peraturan Pemerintah (PP) Nomor 30 Tahun 2026 tentang Jenis dan Tarif atas Jenis Penerimaan Negara Bukan Pajak yang Berlaku pada Kementerian Hukum.
Aturan itu ditandatangani Presiden Prabowo Subianto pada 2 Juli 2026 dan mulai berlaku pada 1 Agustus 2026.
Berdasarkan lampiran beleid tersebut, perpindahan wilayah jabatan notaris kini dikenakan tarif berbeda sesuai kategori daerah tujuan.
Tarif tertinggi sebesar Rp500 juta berlaku bagi notaris yang berpindah ke Jakarta. Besaran yang sama juga dikenakan bagi notaris yang berpindah dari kategori daerah C ke kategori daerah A dengan tujuan akhir Jakarta.
Sementara itu, notaris yang berpindah ke kategori daerah A selain Jakarta dikenai tarif Rp100 juta per orang. Khusus perpindahan dari kategori daerah C ke kategori daerah A selain Jakarta, tarifnya ditetapkan sebesar Rp150 juta.
Adapun perpindahan ke kategori daerah B dikenai PNBP sebesar Rp50 juta, sedangkan perpindahan ke kategori daerah C dikenakan tarif Rp25 juta per orang.
Tak hanya mengatur biaya perpindahan wilayah jabatan, pemerintah juga menaikkan tarif PNBP untuk pengangkatan notaris baru menjadi Rp5 juta per orang.
Angka tersebut naik dari ketentuan sebelumnya dalam PP Nomor 45 Tahun 2024 yang menetapkan tarif Rp1,5 juta.
Selain itu, pemerintah menetapkan tarif PNBP untuk perpanjangan masa jabatan notaris berusia 67 hingga 70 tahun sebesar Rp40 juta per orang per tahun.
Meski demikian, sejumlah layanan lain tidak mengalami perubahan tarif. Biaya permohonan akses untuk pengangkatan maupun perpindahan wilayah jabatan tetap sebesar Rp200 ribu per permohonan.
Begitu pula biaya penggantian Surat Keputusan (SK) Menteri terkait pengangkatan, perpindahan wilayah, perpanjangan masa jabatan, atau pemberhentian akibat hilang maupun rusak yang tetap dipatok Rp1 juta per orang.
Dalam PP tersebut, pemerintah menegaskan seluruh PNBP yang dipungut Kementerian Hukum wajib disetorkan ke kas negara.
""Seluruh PNBP yang berlaku pada Kementerian Hukum wajib disetor ke kas negara,"" demikian bunyi Pasal 7 PP Nomor 30 Tahun 2026.",CNN Indonesia,Business,2026-07-15,Neutral,"The article provides information about a new government regulation imposing fees on notaries for job location changes, without indicating direct financial impact on companies or economic trends."
"Diinterupsi, Mentan Ajak Mahasiswa Diskusi saat Pidato di Medan","Kuliah umum Menteri Pertanian Andi Amran Sulaiman di Universitas Sumatera Utara (USU), Rabu (15/7), diwarnai aksi protes dua mahasiswa yang menyoroti persoalan lahan di Papua. Amran kemudian mengajak kedua mahasiswa naik ke atas panggung untuk berdiskusi dan menanyakan persoalan yang mereka suarakan. Namun, keduanya memilih menolak ajakan tersebut. Penolakan itu disambut sorakan dari sebagian peserta kuliah umum lainnya. Menjelang berakhirnya kuliah umum, kedua mahasiswa kembali memasuki auditorium dan memenuhi ajakan Amran untuk naik ke atas panggung. Di hadapan peserta, salah satu dari mereka menyampaikan permohonan maaf atas aksi orasi yang dilakukan saat acara berlangsung. Meski demikian, ia tetap menyampaikan sejumlah pertanyaan dan pandangan terkait ketimpangan yang dihadapi petani, termasuk persoalan lahan di Papua. Amran kemudian menanggapi pertanyaan tersebut dalam sesi dialog yang berlangsung sebelum acara ditutup.",CNN Indonesia,Business,2026-07-15,Neutral,"The article discusses a university lecture by the Minister of Agriculture interrupted by student protests regarding land issues in Papua, followed by a discussion. The content is primarily informational and does not indicate direct financial impact or clear positive/negative economic indicators."
"Respons Purbaya soal Dugaan Mark Up Rp5,5 T di Pengadaan Pikap Kopdes","Menteri Keuangan Purbaya Yudhi Sadewa merespons temuan Indonesian Corruption Watch ( ICW ) soal dugaan penggelembungan ( mark up ) anggaran pengadaan mobil pikap di program Koperasi Desa/Kelurahan Merah Putih ( Kopdes Merah Putih ).
Purbaya mengatakan Kementerian Keuangan hanya akan mencairkan anggaran pengadaan mobil tersebut jika sudah melalui proses audit.
""Itu kan nanti diaudit. Saya bayar yang diaudit saja,"" katanya ketika ditemui di Kompleks DPR RI, Senayan, Jakarta, Selasa (14/7).
""Begitu diaudit, lolos, baru dia nagih ke saya, saya bayar. Jadi saya secure . Aman,"" lanjutnya.
Purbaya mengakui pihaknya belum mengantongi data yang menjadi temuan ICW.
""Saya belum lihat,"" ujar eks Ketua Dewan Komisioner Lembaga Penjamin Simpanan (LPS) itu.
Temuan ICW terkait dugaan penggelembungan anggaran itu diperoleh berdasarkan hasil pemantauan terhadap pengadaan mobil pikap yang dilakukan PT Agrinas Pangan Nusantara (APN) untuk program tersebut.
Dari temuan ICW, diduga terdapat selisih harga pembelian Rp61 juta hingga Rp69 juta per unit pikap tersebut. Jika diakumulasikan dengan target pengadaan pikap sebanyak 80 ribu unit, maka ICW menaksir potensi perburuan rente mencapai Rp4,86 triliun hingga Rp5,54 triliun.
Atas temuan tersebut, ICW merekomendasikan penghentian sementara proyek, pembukaan seluruh dokumen pengadaan kepada publik, serta penyelidikan oleh aparat penegak hukum untuk memastikan tidak terjadi praktik perburuan rente maupun penyalahgunaan kewenangan dalam penggunaan keuangan negara.
""Secara keseluruhan, temuan ICW menunjukkan bahwa pengadaan mobil pikap KDMP berpotensi tidak memenuhi prinsip transparansi, akuntabilitas, efisiensi dan persaingan usaha yang sehat,"" tulis ICW dalam laporannya, dikutip dari detikFinance.",CNN Indonesia,Business,2026-07-15,Negative,"The article discusses allegations of budget overruns (mark up) in the procurement of pick-up trucks for a village cooperative program, which could indicate potential corruption or financial mismanagement."
OJK Sebut 32.453 Rekening Terindikasi Judi Online Diblokir,"Otoritas Jasa Keuangan ( OJK ) mengungkap sebanyak 32.453 rekening yang terindikasi digunakan untuk aktivitas judi online ( judol ) telah diblokir setelah melalui proses pemeriksaan (enhanced due diligence/EDD).
Kepala Eksekutif Pengawas Perbankan OJK Dian Ediana Rae mengatakan pemblokiran dilakukan setelah perbankan menindaklanjuti rekomendasi dari Kementerian Komunikasi dan Digital (Komdigi) terhadap rekening yang diduga digunakan sebagai penampung dana perjudian online.
""Terkait hal ini, setelah melalui proses enhanced due diligence (EDD), sebanyak 32.453 rekening telah diblokir,"" ujar Dian dalam OJK Banking Forum 2026 di Jakarta, Selasa (14/7).
OJK akan terus mendorong perbankan meningkatkan efektivitas pemberantasan judi online dengan memperkuat pengawasan terhadap rekening-rekening yang diduga digunakan untuk aktivitas ilegal tersebut.
Menurut Dian, OJK meminta bank menindaklanjuti pemilik rekening yang terbukti memanfaatkan rekening untuk menampung dana judi online maupun praktik penyewaan rekening (mule account), termasuk melalui proses hukum sesuai ketentuan yang berlaku.
OJK juga meminta perbankan memperkuat fraud detection system (FDS) dan sistem pemantauan transaksi agar mampu mengidentifikasi pola transaksi perjudian online secara aktif.
""Penguatan fraud detection system dan sistem pemantauan transaksi bank yang secara aktif dapat mengidentifikasi pola transaksi perjudian online menggunakan rekening sebagai rekening penampungan maupun penyalahgunaan rekening lainnya,"" katanya.
Dian menambahkan perbankan juga diminta secara berkelanjutan memberikan edukasi kepada nasabah mengenai dampak perjudian online, praktik mule account, hingga risiko pembatasan akses terhadap produk dan layanan perbankan.
Di sisi lain, OJK tengah mengembangkan perangkat pengawasan berbasis kecerdasan buatan (artificial intelligence/AI) untuk meningkatkan kemampuan mendeteksi rekening yang digunakan sebagai penampung dana aktivitas ilegal.
""Saat ini OJK juga tengah mengembangkan tools pengawasan agar dapat lebih efektif dalam mengidentifikasi informasi rekening penampungan atau mule account beserta identitas pemiliknya, termasuk dengan memanfaatkan kecerdasan buatan untuk mendukung hal tersebut,"" ujar Dian.
Menurutnya, pemanfaatan AI diharapkan dapat mempercepat identifikasi pola transaksi mencurigakan sekaligus memperkuat upaya pemberantasan perjudian online dan kejahatan keuangan lainnya.
Namun, Dian menegaskan keberhasilan pemberantasan perjudian online tidak hanya bergantung pada teknologi, melainkan juga sinergi seluruh pemangku kepentingan.
""Keberhasilan pemberantasan perjudian online pada akhirnya tidak akan ditentukan oleh kecanggihan teknologi semata, melainkan oleh kuatnya sinergi, kesamaan komitmen, dan kolaborasi seluruh pemangku kepentingan,"" katanya.",CNN Indonesia,Business,2026-07-15,Neutral,"The article is a government announcement regarding OJK's regulatory actions to block accounts suspected of online gambling, focusing on preventive measures and compliance efforts without indicating direct financial performance impacts on companies or the economy."
Harga Ayam-Telur di Pasar DKI Stabil Meski HAP Tingkat Peternak Naik,"Harga daging ayam dan telur ayam ras di sejumlah pasar tradisional Jakarta terpantau stabil meski harga acuan pembelian (HAP) ayam hidup ( live bird ) sebesar Rp19.500 per kilogram (kg) dan telur ayam ras Rp24 ribu per kg di tingkat peternak mulai berlaku hari ini, Rabu (15/7).
Pantauan CNNIndonesia.com di Pasar Lenteng Agung, Jakarta Selatan, harga daging ayam berada di kisaran Rp45 ribu per kg, sedangkan telur ayam ras dijual Rp23.500 per kg.
Sementara itu, bawang merah dijual Rp35 ribu per kg, bawang putih Rp45 ribu per kg, cabai merah Rp45 ribu per kg, minyak goreng merek Resto Rp20 ribu per liter, dan beras dijual bervariasi mulai Rp11 ribu hingga Rp15 ribu per kg.
Salah seorang pedagang ayam di Pasar Lenteng Agung, Ucok, mengatakan belum ada kenaikan harga komoditas pangan sejak kebijakan baru pemerintah mulai berlaku.
""Sejauh ini belum ada yang naik. Paling bawang merah saja yang turun, tadinya Rp50 ribu sekarang Rp35 ribu,"" ujar Ucok kepada CNNIndonesia.com.
Pantauan serupa juga ditemukan di Pasar Minggu, Jakarta Selatan. Harga ayam dijual Rp34 ribu per kg dan telur ayam ras Rp26 ribu per kg.
Untuk komoditas lain, bawang merah dipatok Rp45 ribu per kg. Bawang putih bulat dijual Rp45 ribu per kg, sedangkan bawang putih kating Rp50 ribu per kg.
Cabai merah diperdagangkan Rp45 ribu per kg, minyak goreng Rp22 ribu per liter, serta beras berkisar Rp12 ribu hingga Rp15 ribu per kg.
Pedagang di Pasar Minggu, Sudrajat, mengatakan harga bawang putih menjadi satu-satunya komoditas yang naik dalam sepekan terakhir.
""Bawang putih yang naik sudah seminggu ini. Yang bulat tadinya Rp40 ribu sekarang Rp45 ribu, yang kating tadinya Rp45 ribu sekarang Rp50 ribu,"" ujar Sudrajat.
Sementara itu, harga ayam dan telur menurutnya masih relatif stabil dan belum terdampak kebijakan harga acuan di tingkat peternak.
Kementerian Pertanian menetapkan harga acuan pembelian ayam pedaging hidup (live bird) di tingkat peternak sebesar Rp19.500 per kg dan telur ayam ras Rp24 ribu per kg. Kebijakan tersebut mulai berlaku pada 15 Juli 2026.
Berdasarkan data Pusat Informasi Harga Pangan Strategis (PIHPS) Nasional per Rabu (15/7), harga rata-rata daging ayam ras segar tercatat Rp37.550 per kg, telur ayam ras segar Rp28 ribu per kg, dan bawang merah Rp45.550 per kg.
Kemudian, bawang putih Rp45.500 per kg, cabai merah keriting Rp43.650 per kg, minyak goreng Rp23.950 per liter, serta beras berada di kisaran Rp14.750-Rp17.350 per kg.
Selain memantau dampak kebijakan harga acuan ayam dan telur, CNNIndonesia.com juga menelusuri perkembangan harga bahan pangan di tengah kembali bergulirnya program Makan Bergizi Gratis (MBG).
Namun, dari pantauan di dua pasar tersebut, belum terlihat kenaikan harga yang signifikan pada mayoritas komoditas pangan. Hanya bawang putih yang mengalami kenaikan dalam sepekan terakhir, sementara harga ayam, telur, cabai, minyak goreng, dan beras masih relatif stabil.",CNN Indonesia,Business,2026-07-15,Neutral,"The article provides information about stable prices of chicken and eggs in Jakarta markets despite increased farmer prices, with no clear positive or negative financial impact on companies or the economy."
Membangun Prestasi dari Papua: Ketika Pembinaan Atlet Mulai dari Akses,"Di banyak daerah terpencil Indonesia, bakat olahraga sering kali terhenti bukan karena kurang kemauan, melainkan karena akses yang tak kunjung datang. Lapangan yang jauh, kompetisi yang jarang, dan biaya latihan yang tak terjangkau membuat banyak talenta muda tak sempat berkembang.
Di Papua, pendekatan tersebut mulai menunjukkan hasil. Pembinaan atlet tidak lagi hanya berfokus pada pencarian bibit berbakat, tetapi juga memperluas kesempatan bagi anak-anak muda untuk berkembang melalui ekosistem latihan yang lebih terstruktur.
Model ini menjadi salah satu upaya memperkecil kesenjangan akses pembinaan olahraga antara wilayah timur dan daerah lain di Indonesia.
Salah satu program yang berkembang adalah Papua Athletics Center (PAC), pusat pelatihan atletik hasil kolaborasi PB Persatuan Atletik Seluruh Indonesia (PASI) dan PT Freeport Indonesia (PTFI). Program tersebut menggabungkan pembinaan intensif, pendampingan pelatih, fasilitas latihan, hingga kesempatan mengikuti kompetisi nasional sebagai bagian dari proses pengembangan atlet.
Keikutsertaan atlet muda PAC dalam berbagai kejuaraan sepanjang 2026 menjadi bagian dari strategi tersebut. Setelah mempertahankan gelar juara umum pada Kejuaraan Atletik Jatim Open 2026, para atlet kembali turun pada Jakarta Athletics League untuk menambah pengalaman bertanding sekaligus mengukur perkembangan kemampuan mereka di level nasional.
Mengitup dari Antara, Sekretaris Umum PB PASI, Jodi Mahardi, menilai kompetisi memiliki peran penting dalam proses pembinaan atlet usia muda.
""Mereka tidak hanya berlatih, tapi mereka juga mendapatkan jam terbang yang memadai untuk memastikan regenerasi atletik kita benar-benar berkesinambungan,"" ujarnya.
Jam terbang tersebut dinilai menjadi pelengkap dari latihan harian. Melalui kompetisi yang rutin, atlet memperoleh pengalaman menghadapi tekanan pertandingan, membangun kepercayaan diri, sekaligus mengevaluasi perkembangan teknik yang telah diasah selama masa pelatihan.
Pendekatan pembinaan berbasis kompetisi juga mulai menghasilkan atlet-atlet baru yang mampu bersaing di nomor berbeda dalam waktu relatif singkat. Salah satunya ditunjukkan oleh Yusuf Manakopeyau yang meraih medali perak lompat jauh sekaligus menjalani debut di nomor tolak peluru U-18 dalam Jakarta Athletics League.
Direktur & Executive Vice President Sustainable Development PT Freeport Indonesia, Claus Wamafma, mengatakan perkembangan tersebut menunjukkan pembinaan mulai memberikan dampak terhadap kemampuan atlet.
""Pencapaian atlet seperti Yusuf Manakopeyau yang mampu tampil kompetitif di nomor barunya menunjukkan hasil dari pembinaan yang berjalan baik di PAC,"" ucap dia.
Menurut Claus, kompetisi yang berlangsung secara berkelanjutan juga membantu membentuk kesiapan mental atlet selain meningkatkan kemampuan teknik bertanding. PT Freeport Indonesia bersama PB PASI, kata dia, berkomitmen melanjutkan pembinaan agar talenta muda Papua memiliki kesempatan berkembang hingga level internasional.
Perkembangan yang dicapai PAC turut mendapat perhatian dari PB PASI. Organisasi tersebut menilai munculnya atlet-atlet debutan yang langsung mampu menyumbang medali menunjukkan pembinaan yang dilakukan di Papua mulai melahirkan regenerasi baru.
Jodi Mahardi menyebut hasil tersebut memperlihatkan potensi atletik dari Indonesia Timur terus berkembang.
""Lahirnya juara dari atlet-atlet debutan menegaskan bahwa potensi atletik Timur Indonesia akan terus mekar melalui program pembinaan yang terstruktur,"" imbuhnya.
Ia menambahkan sinergi pembinaan yang dijalankan di daerah menjadi bagian dari upaya memperluas basis atlet nasional sehingga regenerasi tidak hanya bertumpu pada pusat-pusat latihan di Pulau Jawa.
Model pembinaan tersebut menunjukkan bahwa pembangunan prestasi olahraga tidak semata ditentukan oleh bakat individu. Ketersediaan akses terhadap fasilitas, pelatih, lingkungan latihan, dan kesempatan bertanding menjadi faktor yang saling melengkapi dalam membentuk atlet berprestasi.
Salah satu wujud paling nyata Freeport dari komitmen tersebut adalah pembangunan Mimika Sport Complex (MSC) di Kabupaten Mimika, kompleks olahraga senilai sekitar US$33 juta atau setara Rp462 miliar yang rampung dibangun pada 2016 dan 2018.
Ketika akses tersebut dapat dijangkau sejak usia muda, peluang lahirnya atlet baru dari berbagai daerah pun semakin terbuka. Papua menjadi salah satu contoh bagaimana investasi pada pembinaan jangka panjang dapat memperluas kesempatan generasi muda untuk berkembang sekaligus memperkuat regenerasi olahraga nasional.",CNN Indonesia,Business,2026-07-15,Neutral,"The article discusses the development of sports training in Papua, focusing on access to facilities and competitions. It highlights efforts to improve athletic development but does not directly mention financial performance, profit, or economic impact."
Efek Domino Smelter Freeport: Ekonomi dan Rantai Pasok Berkelanjutan,"Kehadiran fasilitas pemurnian dan pengolahan (smelter) konsentrat tembaga PT Freeport Indonesia (PTFI) di Gresik, Jawa Timur, memperkuat struktur perekonomian nasional. Kapasitas pengolahan fasilitas ini yang mencapai tiga juta ton per tahun mencatatkan rekor tersendiri bagi perkembangan industri hilirisasi di Tanah Air.
Penguatan sektor industri manufaktur sangat bergantung pada rantai pasok material strategis yang stabil. Kapasitas smelter ini memastikan ketersediaan bahan baku bagi industri lanjutan, termasuk pabrik kabel, industri otomotif, dan komponen energi baru terbarukan, sehingga menekan ketergantungan pada pasokan luar negeri.
Presiden Direktur PTFI, Tony Wenas, menjelaskan bahwa hilirisasi merupakan langkah fundamental untuk menciptakan nilai tambah secara berkelanjutan.
""Hilirisasi tembaga menjadi fondasi penting bagi kemandirian industri Indonesia. Dengan beroperasinya smelter Gresik, kita tidak hanya mengekspor bahan mentah, tetapi juga produk olahan,"" ujarnya beberapa waktu lalu.
Dampak dari peningkatan kapasitas industri ini juga langsung terlihat pada porsi penerimaan negara. Kementerian Energi dan Sumber Daya Mineral (ESDM) melaporkan sektor pertambangan mineral dan batubara (minerba) telah mencetak Penerimaan Negara Bukan Pajak (PNBP) sebesar Rp56 triliun hingga pertengahan Mei 2026.
Capaian tersebut mencatatkan pertumbuhan sebesar 6,21 persen secara tahunan. Peningkatan ini ditopang penuh oleh operasional sejumlah fasilitas pemurnian yang terintegrasi dalam ekosistem hilirisasi nasional, yang secara konsisten membentuk rantai nilai ekonomi di tingkat pusat maupun daerah.
Direktur Jenderal Minerba Kementerian ESDM, Tri Winarno, menyatakan bahwa penyelesaian sarana pemurnian berdampak langsung pada ketahanan kapasitas industri domestik.
""Khusus untuk smelter tembaga PT Freeport di Java Integrated Industrial and Ports Estate (JIIPE) Gresik, Jatim, kehadirannya menjadi salah satu tonggak penting untuk memperkuat kapasitas pemurnian konsentrat tembaga dalam negeri,"" tegas dia.
Dalam rangka memastikan kelancaran rantai pasok tersebut, perusahaan terus mempercepat proses transisi dan perbaikan pasca-gangguan suplai dari hulu. Ketersediaan bahan baku dari area tambang menuju fasilitas peleburan menjadi prasyarat mutlak agar aliran produksi tembaga tidak terputus dan mampu memenuhi permintaan pasar.
Selama masa transisi, proses pemeliharaan rutin dan persiapan teknis terus difokuskan sebelum fasilitas dapat dioperasikan secara penuh. Manajemen telah menetapkan garis waktu teknis agar proses peleburan dapat kembali berjalan dengan aman dan efisien.
Terkait target operasional lanjutan untuk fasilitas pengolahan di Gresik, Tony Wenas mengonfirmasi jadwal aktivitas pengolahan konsentrat tembaga tersebut.
""Kira-kira bulan September akan produksi. Agustus sudah mulai olah konsentrat lagi,"" tegasnya.
Selain kontribusi pada PNBP dan kapasitas industri, efek berganda (multiplier effect) dari megaproyek ini turut dirasakan langsung oleh masyarakat sekitar. Berdasarkan catatan investasi terbaru pada awal hingga pertengahan 2026, kawasan JIIPE kini menjelma menjadi ekosistem mandiri yang menghidupkan berbagai Usaha Mikro, Kecil, dan Menengah (UMKM) lokal.
Kehadiran ribuan pekerja di kawasan smelter secara otomatis menggerakkan sektor riil di Kabupaten Gresik dan sekitarnya. Mulai dari penyediaan akomodasi, katering, hingga logistik harian, seluruhnya mengalami lonjakan permintaan yang signifikan dan menjadi bagian tak terpisahkan dari rantai pasok pendukung.
Menteri Investasi/Kepala Badan Koordinasi Penanaman Modal (BKPM), Bahlil Lahadalia, menyoroti pentingnya integrasi kawasan industri raksasa dengan masyarakat lokal agar pertumbuhan ekonomi berjalan inklusif dan tidak hanya terjadi di level makro.
""Investasi smelter Freeport ini bukan hanya soal angka triliunan rupiah. Yang paling penting adalah penciptaan lapangan kerja dan bagaimana UMKM di sekitar Gresik ikut tumbuh menjadi penyuplai kebutuhan harian,"" papar dia.
Rantai pasok yang terbentuk ini diharapkan tidak hanya bersifat sementara selama masa konstruksi atau transisi, melainkan terus berkelanjutan ketika smelter beroperasi pada kapasitas penuh. Pemerintah daerah juga diinstruksikan untuk terus memberikan pendampingan agar standar kualitas pelaku usaha lokal tetap terjaga dan sesuai dengan kebutuhan industri.
Sejalan dengan hal tersebut, ekosistem yang dibangun oleh Freeport diproyeksikan menjadi cetak biru yang ideal bagi program hilirisasi di wilayah lain. Transformasi ini menjadi bukti nyata peralihan paradigma Indonesia dari sekadar negara eksportir barang mentah menjadi pemain utama dalam rantai pasok global.
Sinergi antara pemerintah, pelaku industri, dan masyarakat lokal menjadi prasyarat mutlak agar rantai nilai ini tetap kokoh. Sejumlah pengamat ekonomi energi menilai bahwa stabilitas operasional dan kepastian regulasi adalah jangkar penentu masa depan hilirisasi Indonesia.",CNN Indonesia,Business,2026-07-15,Positive,"The article highlights the positive economic impact of Freeport's smelter, including revenue growth (PNBP increase), strengthening of the national economy, sustainable supply chains, and job creation. It emphasizes industrial expansion, government support, and long-term economic benefits."
Kala Karbon Bawa Kopi Pelosok Jambi Melanglang ke Negeri Kincir Angin,"Hujan turun perlahan di Desa Laman Panjang, Kecamatan Bathin III Ulu, Kabupaten Bungo, Jambi .
Di atas tikar hijau yang membentang di lantai sebuah rumah produksi sederhana, beberapa cangkir bening berisi kopi robusta tersaji bersama makanan kecil manis.
Kepulan uap tipis terus mengepul dari permukaannya. Sesekali terdengar suara seruputan yang diikuti embusan napas lega. ""Aaah...""
Suara itu bersahut-sahutan dengan rintik hujan yang membasahi atap bangunan kayu tersebut.
Secangkir kopi menjadi pengikat obrolan bersama orang-orang di balik Kelompok Usaha Perhutanan Sosial (KUPS) Kelompok Agam Maju Bersama.
Dari tempat sederhana inilah mereka mengolah Kopi Delapan, merek kopi robusta yang lahir dari hutan dan kini mulai dikenal hingga ke luar negeri.
Nama ""Delapan"" bukan tanpa alasan. Nama itu diambil dari Desa Laman Panjang, kampung tempat kopi tersebut berasal. Kemasannya sederhana.
Sebungkus kopi seberat 50 gram dijual seharga Rp10 ribu. Pada bagian depan terpampang ilustrasi seorang petani sedang berdiri di kebun kopi. Di sudut kemasan terpasang logo halal, lalu pada bagian belakang tertulis kalimat yang mengundang senyum.
""Kopi robusta Delapan ini cocok jadi teman ngumpul bareng teman dan keluarga, dijamin bikin ngantuk hilang.""
Di tengah udara yang dingin, kopi tersebut benar-benar menghangatkan tubuh sekaligus membuka percakapan panjang mengenai perjalanan usaha yang mereka bangun bersama.
Rumah produksi tempat mereka berkumpul jauh dari kata mewah. Bangunannya terbuat dari kayu dengan pencahayaan alami yang masuk melalui jendela-jendela. Tikar hijau menjadi alas duduk. Aroma kopi yang baru diseduh pun memenuhi seluruh ruangan.
Di tempat itulah para anggota bercerita tentang bagaimana mereka merawat kopi sejak masih berupa bibit hingga berubah menjadi bubuk siap seduh.
Tak lama setelah hujan reda, rombongan diajak berjalan menuju salah satu kebun kopi milik anggota kelompok. Jalan setapak yang cukup curam mengantarkan ke hamparan tanaman kopi.
Di sana, Neti, salah seorang anggota yang bertanggung jawab di bidang pemasaran, mulai menceritakan perjalanan Kelompok Kopi Agam Maju Bersama.
Menurut dia, hampir seluruh proses produksi dikerjakan sendiri oleh para anggota. Mulai dari memilih bibit, menanam, merawat pohon, memanen buah kopi, menggilingnya menjadi bubuk, hingga memasarkannya ke konsumen.
Kelompok Kopi Agam Maju Bersama tercipta pada 2019 setelah para petani menyadari kopi yang mereka tanam selama ini hanya dijual dalam bentuk biji kepada tengkulak. Padahal, nilai jualnya bisa jauh lebih tinggi apabila diolah menjadi produk jadi.
Meski kelompok sudah dibentuk sejak 2019, kegiatan produksi baru benar-benar berjalan pada 2023.
""KUPS-nya mulai berjalan pada 2023,"" ujar Neti kepada CNNIndonesia.com pada Juni lalu.
Perlahan, Kopi Delapan mulai menemukan pasarnya. Penjualannya memang masih didominasi wilayah Kecamatan Bathin III Ulu, tetapi kopi tersebut telah menembus berbagai daerah di luar Kabupaten Bungo hingga luar Provinsi Jambi.
Bahkan, sebagian produknya pernah terbang ke Bangkok, Thailand. Tahun lalu, mereka mengirim sekitar dua kilogram kopi ke Negeri Gajah Putih tersebut.
Dalam sebulan, mereka biasanya melakukan produksi dua kali. Setiap kali proses produksi, sekitar 20 kilogram kopi berhasil diolah.
Pada tahun pertama usaha berjalan, omzet kotor yang mereka peroleh mencapai sekitar Rp21 juta. Meski begitu, Neti mengakui perjalanan usaha tidak selalu mulus.
""Namanya usaha kadang naik kadang turun, tapi alhamdulillah kami masih tetap produksi,"" ujar Neti.
Tantangan terbesar justru datang dari pemasaran. Jumlah orang yang memperkenalkan produk masih terbatas dan pengembangan kebun juga terkendala modal dan tenaga.
Ada kalanya mereka menitipkan kopi ke warung, tetapi produk tersebut tidak laku. Perasaan kecewa tentu ada. Namun, semangat mereka tidak luntur.
Bersambung ke halaman berikutnya...
Menurut Neti, bergabung ke kelompok ini memiliki segudang manfaat. Keuntungan pun tidak meluluhkan soal penghasilan.
Ia merasa pengetahuannya tentang kopi berkembang sangat pesat. Kalau dulu hanya mengenal kopi sebagai tanaman, kini ia memahami seluruh proses produksi hingga pemasaran.
Bahkan, ia berkelakar sudah cukup percaya diri apabila diminta menjadi narasumber mengenai kopi.
Perubahan serupa juga dirasakan anggota lainnya. Kini mereka memahami teknik budidaya yang lebih baik, mulai dari memilih bibit hingga memasarkannya.
Dari sisi ekonomi pun manfaatnya mulai terasa. Setiap anggota memperoleh keuntungan ganda. Hasil panen dari kebun menjadi milik pribadi serta keuntungan penjualan kopi bubuk yang dibagikan kepada kelompok.
Neti juga bercerita kalau kopi ini sudah membawa dia ke Belanda. Kopi Delapan membawanya terbang dari Jambi ke Amsterdam.
Ia terpilih mewakili Indonesia dalam kerja sama bersama International Union for Conservation of Nature (IUCN) sebagai perwakilan perempuan yang dikirim dari Indonesia.
""Dari IUCN meminta perwakilan seorang perempuan dari Indonesia. Alhamdulillah saya terpilih,"" ujar Neti.
Selama dua pekan berada di Negeri Kincir Angin, Neti berkesempatan mengunjungi berbagai institusi, mulai dari kantor pemerintahan, Uni Eropa, Kementerian Luar Negeri Belanda, hingga Kedutaan Besar Republik Indonesia.
Di kesempatan tersebut, ia memperkenalkan Kopi Delapan sekaligus menceritakan bagaimana masyarakat menjaga hutan di kampung halamannya.
Sambutan yang diterimanya membuat Neti terkesan. Menurut dia, masyarakat Eropa menunjukkan perhatian yang sangat besar terhadap kelestarian hutan.
""Saya beberapa kali mendapatkan surprise sebagai ucapan terima kasih karena sudah menjaga hutan dan tinggal di sekitar hutan,"" ujar Neti.
Baginya, penghargaan tersebut terasa istimewa. Apa yang selama ini dianggap biasa oleh masyarakat yang hidup di sekitar hutan, ternyata dipandang sangat berharga oleh masyarakat di belahan dunia lain.
""Rasa cinta orang terhadap hutan dan lingkungan sangat tinggi. Mereka memberikan apresiasi kepada saya yang mungkin bagi saya yang tinggal di hutan ini enggak seberapa nilainya, tetapi bagi orang luar sana sangat berharga, sangat berterima kasih sekali,"" ujarnya.
""Perempuan memang terlihat lemah, tetapi untuk menjaga hutan, perempuan sangat kuat,"" ujar Neti secara bangga.
Di balik berkembangnya Kelompok Kopi Agam Maju Bersama, ada cuan dari perdagangan karbon.
Kementerian Kehutanan (Kemenhut) mencatat potensi karbon Indonesia dari sektor kehutanan yang dapat diperdagangkan mencapai sekitar 13,4 miliar ton setara karbon dioksida (CO2e) hingga 2050.
Potensi tersebut tersebar di sejumlah wilayah kehutanan, termasuk Jambi.
Pada 2018, perdagangan karbon hasil proyek karbon di wilayah tersebut mulai dilakukan.
Fredi Yusuf, Carbon Accounting Specialist Komunitas Konservasi Indonesia Warsi (KKI Warsi) selaku komunitas pendamping masyarakat setempat, mengatakan sebagian dana hasil perdagangan karbon di daerah tersebut digunakan untuk meningkatkan kapasitas kelompok kopi ini.
Melalui dana tersebut, para petani dibawa belajar ke Jangkat, Kabupaten Merangin, salah satu sentra kopi di Jambi. Di sana mereka mempelajari berbagai teknik budidaya, mulai dari penanaman, pemangkasan, hingga perawatan tanaman.
""Itu daerah penghasil kopi di kabupaten sebelah. Memang daerah itu terkenal sebagai penghasil kopi,"" ujar Fredi.
Sebelumnya, masyarakat memang telah menanam kopi secara turun-temurun. Namun, pengetahuan mengenai teknik budidaya masih terbatas, sehingga produktivitas kebun belum optimal.
Selain memberikan pelatihan di lapangan, KKI Warsi juga mendampingi anggota kelompok mengoperasikan mesin pengolahan kopi yang diberikan pemerintah daerah.
Dari sebuah rumah kayu sederhana di pelosok Jambi, secangkir Kopi Delapan akhirnya tak lagi sekadar menjadi hasil panen petani.
Ia berubah menjadi bukti bahwa hutan yang dijaga dengan baik bukan hanya melahirkan udara bersih dan sumber air yang lestari, tetapi juga membuka jalan bagi masyarakat desa untuk memperkenalkan hasil buminya hingga ke panggung dunia.
Nature Climate Solution Lead Konservasi Indonesia Iwan Wibisono menilai hal yang paling berharga dari keterlibatan masyarakat dalam rantai perdagangan karbon adalah membangun kesadaran bersama untuk menjaga hutan.
Bagi Iwan, nilai ekonomi karbon dan turunannya hanyalah bonus.
""Awalnya pemanfaatan jasa lingkungan melalui pemanfaatan nilai ekonomi karbon itu bukan target utamanya, tetapi target utamanya adalah bagaimana masyarakat memiliki kemampuan atau kapasitas mengelola hutannya dengan baik, hutan yang ada di sekitar mereka,"" ujar Iwan.
Pemerintah Indonesia sendiri terus melakukan perbaikan untuk mengoptimalkan aktivitas perdagangan karbon di Indonesia.
Salah satunya dengan menerbitkan Peraturan Menteri Kehutanan (Permenhut) Nomor 6 Tahun 2026 tentang Tata Cara Perdagangan Karbon Melalui Offset Emisi Gas Rumah Kaca (GRK) Sektor Kehutanan.
Penasihat Utama Menteri Kehutanan Edo Mahendra menilai Permenhut 6/2026 menjadi terobosan penting karena memberikan kepastian hukum yang lebih jelas bagi investor dan pelaku usaha.
Aturan ini juga memberikan kepastian mengenai peran pemerintah, masyarakat, dan pelaku usaha dalam perdagangan karbon.
""Kita memberikan kepastian hukum. (Permenhut 6/2026) ini memberikan certainty, clarity, dan stability bagi para investor,"" ujar Edo saat ditemui beberapa waktu lalu.
Tak hanya itu, pemerintah juga baru Sistem Registri Unit Karbon (SRUK) sebagai fondasi utama tata kelola pasar karbon nasional pada Kamis (9/7) lalu.
Sistem ini diharapkan meningkatkan transparansi, akuntabilitas, keterlacakan (traceability), serta memberikan kepastian bagi pelaku usaha dan investor di perdagangan karbon RI.",CNN Indonesia,Business,2026-07-15,Positive,"The article highlights the growth and success of Kopi Delapan, a coffee brand from Jambi, which has expanded its market beyond local areas and even reached Bangkok. The group's efforts in processing and marketing their product, along with increasing sales and recognition, indicate a positive development."
Pendaftaran Magang Nasional Angkatan II Batch I 2026 Dibuka 16 Juli,"Kementerian Ketenagakerjaan ( Kemnaker ) akan membuka pendaftaran calon peserta Program Pemagangan Nasional ( MagangHub ) Angkatan II Batch I Tahun 2026 pada 16 Juli 2026.
Saat ini, Kemnaker masih memberi kesempatan bagi mitra penyelenggara yang terdiri atas perusahaan serta kementerian/lembaga (K/L) untuk menyelesaikan proses registrasi hingga 15 Juli 2026 pukul 23.59 WIB.
Direktur Jenderal Bina Pelatihan Vokasi dan Produktivitas (Binalavotas) Kemnaker Darmawansyah mengimbau mitra penyelenggara yang ingin bergabung dalam Program MagangHub agar segera menuntaskan proses registrasi.
""Batas akhir registrasi ditetapkan pada 15 Juli 2026 agar proses verifikasi dan validasi dapat diselesaikan sesuai jadwal,"" ujar Darmawansyah dalam keterangan tertulis, Selasa (14/7).
Setelah proses registrasi dan verifikasi mitra penyelenggara selesai, Kemnaker akan membuka pendaftaran bagi calon peserta pada 16 Juli 2026 pukul 13.00 WIB.
Mulai waktu tersebut, masyarakat yang telah memenuhi persyaratan dapat memilih mitra penyelenggara dan posisi magang yang telah lolos proses verifikasi.
""Bagi calon peserta yang telah melakukan pengecekan eligibilitas atau kesesuaian persyaratan, pendaftaran resmi dapat dilakukan mulai 16 Juli 2026,"" ujar Darmawansyah.
""Peserta dapat memilih mitra penyelenggara dan posisi magang yang telah terverifikasi sesuai minat dan kualifikasi,"" lanjutnya.
Sebelum mendaftar, calon peserta diimbau memastikan seluruh persyaratan administrasi telah dipenuhi, termasuk ketentuan mengenai usia dan latar belakang pendidikan agar sesuai dengan kualifikasi yang dipersyaratkan.
Informasi mengenai persyaratan, tahapan pendaftaran, jadwal pelaksanaan, serta daftar mitra penyelenggara dan posisi magang dapat diakses melalui platform resmi MagangHub Kemnaker di https://maganghub.kemnaker.go.id .",CNN Indonesia,Business,2026-07-15,Neutral,"The article is about the opening of a national internship program registration, which is an informational announcement without direct financial impact."
"Lapor Prabowo, Luhut Sebut Uji Bansos Digital di Banyuwangi Berhasil","Ketua Dewan Ekonomi Nasional (DEN) Luhut Binsar Pandjaitan melaporkan keberhasilan uji coba (piloting) digitalisasi bantuan sosial ( bansos ) di Banyuwangi, Jawa Timur, kepada Presiden Prabowo Subianto , Selasa (14/7).
Luhut mengatakan piloting digitalisasi bansos yang dilaksanakan di Banyuwangi telah menunjukkan hasil nyata dalam menyederhanakan birokrasi dan memastikan bantuan jauh lebih tepat sasaran.
""Piloting digitalisasi di Banyuwangi membuktikan bahwa pelayanan publik dapat dilakukan dengan jauh lebih cepat, sederhana, dan tepat sasaran,"" ujar Luhut dalam keterangan tertulis, Selasa (14/7).
Berkat keberhasilan tersebut, pemerintah kini memperluas program ini ke 43 kabupaten/kota di 26 provinsi, yang mencakup sekitar 38,7 juta penduduk atau setara dengan 12,5 juta keluarga.
Luhut mengatakan digitalisasi ini membuat masyarakat tidak lagi terbebani proses administrasi yang panjang dan berbelit.
""Ini menunjukkan bahwa digitalisasi pemerintahan bukan sekadar penggunaan teknologi, tetapi merupakan reformasi tata kelola yang meningkatkan kualitas pelayanan sekaligus memperkuat kepercayaan masyarakat,"" ujarnya.
Ke depan, digitalisasi ini tidak hanya untuk bansos, tetapi juga akan diperluas untuk penyaluran bantuan UMKM, reformasi subsidi energi, peningkatan kualitas penerimaan negara, percepatan perizinan usaha, serta transparansi penegakan hukum.
Luhut dan DEN tidak hanya melaporkan soal keberhasilan digitalisasi bansos.
Mereka juga memberi laporan mengenai kebijakan ekonomi Indonesia yang tetap mendapat kepercayaan tinggi dari dunia internasional, sebagaimana terlihat dari keputusan lembaga pemeringkat Standard & Poor's (S&P) yang mempertahankan peringkat kredit Indonesia pada level BBB+ dengan Outlook Stable.
S&P memberikan respons positif terhadap inisiatif pemerintah melakukan konsolidasi BUMN melalui Danantara, yang dinilai berpotensi meningkatkan efisiensi dan pengelolaan aset negara.
Lembaga pemeringkat utang internasional itu juga merespons positif komitmen disiplin fiskal, termasuk penyesuaian anggaran dan program prioritas untuk menjaga defisit tetap di bawah 3 persen PDB.
Guna melanjutkan momentum positif dari S&P, pemerintah disebut harus menjaga konsistensi reformasi pasar modal.
MSCI pun kini menantikan implementasi yang konsisten dari berbagai reformasi yang telah diumumkan.
Bersamaan dengan itu, pemerintah juga mempercepat pembentukan Pusat Finansial Internasional Indonesia (PFII) sebagai langkah strategis untuk membanguntrust and confidenceinvestor terhadap Indonesia.
Di tengah berbagai perkembangan ini, Luhut menekan pemerintah tetap perlu mengedepankan kewaspadaan terhadap dinamika geopolitik global yang masih penuh ketidakpastian.
Eskalasi konflik berpotensi meningkatkan biaya produksi dan memicu tekanan harga-harga yang pada akhirnya dapat memengaruhi daya beli masyarakat dan aktivitas dunia usaha.
Di tengah ketidakpastian yang masih tinggi, ia menegaskan koordinasi kebijakan makroekonomi, fiskal, dan moneter harus terus diperkuat.
""Kami telah menyampaikan kepada Bapak Presiden mengenai perlunya menyiapkan langkah-langkah antisipatif dan contingency plan untuk menjaga daya beli masyarakat, membantu dunia usaha, serta mendorong aktivitas ekonomi pada semester II tahun ini,"" ujar Luhut.
Menurut dia, pemerintah perlu berfokus pada upaya menjaga kelancaran rantai pasok, memberikan kepastian ketersediaan bahan baku bagi dunia usaha, serta meningkatkan efisiensi biaya logistik untuk melindungi daya saing industri nasional.
""Saya percaya, kekuatan ekonomi Indonesia tidak hanya ditentukan oleh stabilitas makro, tetapi juga oleh keberanian melakukan reformasi dan memanfaatkan teknologi tata kelola pemerintahan yang lebih baik,"" ujar Luhut.
Luhut optimistis dengan konsistensi reformasi dan semangat untuk terus berbenah, Indonesia akan semakin tangguh menghadapi berbagai tantangan untuk menjadi negara yang lebih maju.",CNN Indonesia,Business,2026-07-15,Positive,"The article reports on the successful digitalization of social assistance (bansos) in Banyuwangi, which has led to administrative simplification and more targeted aid. Additionally, it mentions positive ratings from S&P and the government's focus on economic reforms and improving governance, indicating a positive outlook for Indonesia's economy."
Menperin Matangkan Tata Kelola Kimia RI untuk Masuk OECD,"Kementerian Perindustrian berupaya mengamankan kepercayaan pasar global melalui kolaborasi intensif bersama Sekretariat Organization for Economic Co-operation and Development (OECD).
Kolaborasi dilakukan Kemenperin dengan memperketat pengawasan dan tata kelola bahan kimia berbahaya guna memastikan pertumbuhan industri berjalan selaras dengan prinsip keselamatan dan kelestarian lingkungan.
Kolaborasi dilakukan di tengah tren positif perkembangan industri bahan kimia dan barang dari bahan kimia. Berdasarkan data Kemenperin,  ekspor komoditas itu pada kuartal pertama 2026 telah menembus angka US$ 5,97 miliar
Upaya tersebut dilakukan sebagai bagian dari langkah strategis Indonesia dalam memenuhi standar internasional dalam proses aksesi OECD.
Komitmen tersebut diwujudkan melalui pelaksanaan 1st Fact-Finding Mission on Chemicals Management Instruments bersama Sekretariat OECD pada 1-3 Juli 2026 di Jakarta.
Kegiatan ini menjadi forum bagi pemerintah dan Sekretariat OECD untuk mengkaji kebijakan, regulasi, serta implementasi pengelolaan bahan kimia di Indonesia, sekaligus menilai kesiapan nasional dalam menyelaraskan berbagai instrumen pengelolaan bahan kimia dengan standar dan praktik terbaik OECD.
Menteri Perindustrian Agus Gumiwang Kartasasmita menjelaskan pengelolaan tata kelola bahan kimia tidak hanya ditujukan untuk memenuhi syarat aksesi OECD, namun juga sebagai bagian dari upaya mewujudkan sektor industri bahan kimia nasional yang lebih aman, berdaya saing, dan berkelanjutan.
""Kami berkomitmen untuk menyelaraskan kebijakan dan sistem pengelolaan bahan kimia. Langkah ini diharapkan mampu meningkatkan kepercayaan global terhadap industri Indonesia sekaligus mampu memperluas akses pasar bagi sektor industri bahan kimia,"" ungkapnya dalam keterangannya di Jakarta, Senin (13/7).
Dalam pelaksanaannya, kegiatan tersebut mempertemukan kementerian dan lembaga terkait bersama Sekretariat OECD untuk membahas kebijakan, regulasi, serta implementasi pengelolaan bahan kimia di Indonesia. Melalui rangakaian diskusi dan pendalaman, OECD memperoleh gambaran mengenai kesiapan Indonesia dalam melakukan penyelarasan berbagai instrumen internasional di bidang bahan kimia.
Direktur Industri Kimia Hulu Wiwik Pudjiastuti menambahkan, proses aksesi OECD ini menjadi kesempatan bagi Indonesia untuk memperkuat sistem pengelolaan bahan kimia melalui penyelarasan kebijakan, serta koordinasi antar kementerian dan lembaga terkait. ""Melalui proses ini, kami tidak hanya melakukan penyesuaian terhadap standar internasional, namun juga membangun sistem pengelolaan bahan kimia yang transparan dan efektif,"" ungkapnya.
Lebih lanjut, sektor industri kimia memiliki keterkaitan yang erat dengan aspek keselamatan, kesehatan manusia, dan perlindungan lingkungan. Pemerintah berkomitmen untuk terus memperkuat pengawasan terhadap bahan kimia berbahaya serta harmonisasi regulasi guna memastikan penerapan prinsip keselamatan, kesehatan dan lingkungan secara konsisten.
Sebelumnya, industri bahan kimia dan barang dari bahan kimia menunjukkan perkembangan yang positif. Pada tahun 2026, ekspor dikuartal pertama sebesar USD 5,97 miliar tumbuh 16,83% dibandingkan kuartal yang sama tahun 2025 sebesar USD 5,11 miliar, sementara impor meningkat seiring bertambahnya kebutuhan bahan baku industri. Perkembangan tersebut menunjukkan kuatnya sistem pengelolaan bahan kimia agar pertumbuhan industri dapat berlangsung secara berkelanjutan, sekaligus memperhatikan perlindungan kesehatan masyarakat dan lingkungan.
""Penguatan sistem pengelolaan bahan kimia bukan hanya untuk memenuhi komitmen internasional, tetapi juga menjadi kebutuhan nasional agar industri dapat tumbuh secara aman, bertanggung jawab, dan mampu bersaing di pasar global,"" kata Wiwik.
Selama tiga hari pelaksanaan, peserta membahas berbagai instrumen legal OECD, antara lain Global Framework on Chemicals, Export of Banned or Severely Restricted Chemicals, Countering the Illegal Trade of Pesticides, Polychlorinated Biphenyls (PCB), Mutual Acceptance of Data (MAD), serta Good Laboratory Practice (GLP).
Selain diskusi teknis dan pertukaran informasi, agenda kegiatan juga mencakup kunjungan lapangan ke pelabuhan untuk melihat secara langsung implementasi pengawasan dan pengendalian bahan kimia serta pestisida dalam aktivitas perdagangan internasional. Melalui rangkaian kegiatan tersebut, diharapkan Sekretariat OECD memperoleh pemahaman yang lebih komprehensif mengenai kesiapan Indonesia dalam menyelaraskan kebijakan nasional dengan instrumen legal OECD, sekaligus mengidentifikasi aspek-aspek yang perlu diperkuat dalam proses aksesi.
""Keberhasilan proses aksesi memerlukan sinergi yang baik antara pemerintah, dunia usaha, akademisi, dan seluruh pemangku kepentingan agar penerapan kebijakan dapat berjalan secara efektif sehingga mampu mendukung daya saing industri nasional di tingkat global,"" tutup Wiwik.",CNN Indonesia,Business,2026-07-15,Positive,"The article discusses Indonesia's efforts to improve chemical management to meet OECD standards, which is part of a strategic move to enhance global market confidence and expand market access for the chemical industry. The positive growth in exports and the commitment to safety and sustainability indicate a positive outlook for the industry."
IHSG Menanjak ke Level 6.067 Siang Ini,"Indeks Harga Saham Gabungan ( IHSG ) menguat 28,31 poin atau 0,47 persen ke level 6.067 pada penutupan perdagangan sesi I, Rabu (15/7) siang.
Mengutip RTI Business , IHSG dibuka menguat di level 6.068. Sepanjang sesi I, indeks terpantau fluktuatif hingga menyentuh level tertinggi 6.080 dan level terendah 6.007.
Sebanyak 360 saham menguat, 236 melemah, dan 197 bergerak stagnan. Kapitalisasi pasar tercatat sebesar Rp10.622 triliun.
Volume perdagangan mencapai 18,41 miliar saham dengan nilai transaksi Rp6,23 triliun. Frekuensi perdagangan tercatat sebanyak 1,23 juta kali transaksi.
Investor asing masih membukukan jual bersih sebesar Rp830,60 miliar di seluruh pasar. Di pasar reguler, investor asing mencatat jual bersih Rp885,58 miliar, sedangkan di pasar negosiasi dan tunai terjadi beli bersih sebesar Rp54,98 miliar.
Berdasarkan volume perdagangan sebanyak 37,6 miliar saham, investor domestik mendominasi dengan porsi 71,50 persen atau sekitar 26,6 miliar saham. Sementara investor asing berkontribusi 28,50 persen atau sekitar 11,0 miliar saham.
Dari sisi nilai transaksi sebesar Rp16,8 triliun, investor asing membukukan pembelian Rp5,4 triliun dan penjualan Rp6,2 triliun. Sementara investor domestik mencatat pembelian Rp11,5 triliun dan penjualan Rp10,6 triliun.
Frekuensi perdagangan tercatat sebanyak 2.812.682 kali transaksi. Investor domestik mendominasi dengan porsi 86,25 persen atau sekitar 2,5 juta kali transaksi, sedangkan investor asing berkontribusi 13,75 persen atau sekitar 333.619 kali transaksi.",CNN Indonesia,Business,2026-07-15,Positive,"The IHSG index rose to 6,067, indicating a positive movement in the stock market."
Bocoran OJK soal Pembentukan Bank Umum Syariah Baru,"Otoritas Jasa Keuangan ( OJK ) mengungkapkan bakal ada bank umum syariah (BUS) baru di Indonesia. Saat ini, proses pembentukannya masih dalam tahap pembahasan oleh pihak terkait.
Kepala Eksekutif Pengawas Perbankan OJK Dian Ediana Rae mengatakan pembentukan bank syariah baru tersebut masih dikaji sehingga belum bisa mengungkap identitas entitas yang akan terlibat.
""Sekarang juga masih sedang ada pembicaraan, tentu yang terkait dengan bank syariah lain ya. Saya belum bisa disclose karena ada beberapa rencana yang memang dirasa sedang mereka pelajari dulu,"" ujar Dian kepada wartawan di Gedung Bank Indonesia (BI), Jakarta, Selasa (14/7).
Dian menjelaskan pembentukan BUS baru itu tengah dikaji melalui mekanisme spin-off atau pemisahan unit usaha syariah menjadi entitas bank tersendiri.
Meski demikian, ia belum dapat memastikan kapan bank syariah tersebut akan resmi berdiri.
""Ya sekarang masih sedang work out , ya. Tentu saja setelah Bank Syariah Nasional berdiri, itu sudah satu hal ya,"" ujarnya.
OJK sebelumnya menargetkan terbentuk satu BUS baru melalui proses spin-off pada tahun ini. Langkah tersebut ditempuh untuk memperkuat struktur industri perbankan syariah nasional, khususnya di kelompok Bank Berdasarkan Modal Inti (KBMI) 2.
Saat ini, PT Bank Syariah Indonesia Tbk (BSI) merupakan satu-satunya bank syariah yang berada di kelompok KBMI 3. Sementara di kelompok KBMI 2 terdapat PT Bank Syariah Nasional (BSN) dan PT Bank BTPN Syariah Tbk.",CNN Indonesia,Business,2026-07-15,Neutral,"The article discusses the OJK's announcement about the potential formation of a new syariah bank, but it is still in the discussion phase and no concrete financial impact is mentioned."
50 Ribu Pekerja Volkswagen Terancam PHK di Tengah Tekanan Bisnis,"Volkswagen membuka peluang kembali memangkas sekitar 50 ribu pekerja tambahan di seluruh dunia. Hal ini sebagai bagian dari upaya menekan biaya dan meningkatkan daya saing di tengah ketatnya persaingan industri otomotif global.
Mengutip Reuters , Selasa (14/7), rencana tersebut disampaikan Chief Executive Officer (CEO) Volkswagen Oliver Blume dalam memo internal kepada karyawan.
Jika terealisasi, total pemutusan hubungan kerja (PHK) di grup otomotif asal Jerman itu bisa mencapai sekitar 100 ribu pekerja.
Volkswagen sebelumnya telah menyepakati pemangkasan sekitar 50 ribu posisi di berbagai unit usaha, termasuk di Porsche dan Audi.
Blume mengatakan perusahaan masih menghadapi tekanan besar akibat biaya tarif yang mencapai miliaran euro, persaingan ketat di pasar China, serta tuntutan untuk meningkatkan efisiensi jaringan pabrik di Jerman.
Volkswagen juga menghitung biaya operasionalnya sekitar 20 persen lebih tinggi dibandingkan perusahaan sejenis. Kondisi itu membuat perusahaan perlu kembali mengevaluasi struktur biaya, termasuk kebutuhan tenaga kerja.
""Secara teoritis, itu berarti pengurangan sekitar 50 ribu pekerjaan lagi di seluruh dunia,"" kata Blume dalam memo tersebut.
Meski demikian, ia menegaskan jumlah pasti karyawan yang akan terdampak masih dalam tahap kajian.
""Saat ini kami sedang menilai di seluruh merek, perusahaan, dan wilayah, berapa banyak penyesuaian yang benar-benar diperlukan dan memungkinkan untuk dilakukan,"" ujarnya.
Rencana tersebut menjadi konfirmasi pertama dari manajemen Volkswagen mengenai kemungkinan pengurangan hingga 100 ribu pekerja. Sebelumnya, perusahaan enggan mengomentari laporan media mengenai besarnya jumlah PHK yang tengah dipertimbangkan.
Memo itu juga muncul setelah perwakilan pekerja mendesak manajemen menjelaskan rencana restrukturisasi yang dipaparkan Blume kepada dewan pengawas pekan lalu.
Dalam pernyataan resmi usai rapat dengan para pemangku kepentingan, perusahaan tidak menyinggung rencana PHK maupun penutupan pabrik.
Perusahaan hanya mengumumkan rencana memangkas kapasitas produksi dan secara bertahap mengurangi jumlah model kendaraan yang dipasarkan.
Namun, sejumlah analis menilai langkah tersebut belum cukup untuk mengatasi berbagai tantangan yang dihadapi Volkswagen.
Tekanan terhadap Volkswagen juga tercermin dari kinerja sahamnya. Saham perusahaan turun ke level terendah dalam 16 tahun terakhir, sekaligus berkinerja lebih buruk dibandingkan sejumlah produsen otomotif besar lainnya di Eropa.",CNN Indonesia,Business,2026-07-15,Negative,"The article discusses Volkswagen's potential layoffs of 50,000 workers globally amid business pressures, including high operational costs, competition, and a declining stock price. Key negative indicators include workforce reductions, financial challenges, and poor market performance."
OJK Targetkan POJK Demutualisasi BEI Rampung September 2206,"Otoritas Jasa Keuangan ( OJK ) menargetkan Peraturan OJK soal demutualisasi PT Bursa Efek Indonesia ( BEI ) rampung pada September 2026.
Hal ini disampaikan Ketua Dewan Komisioner OJK Friderica Widyasari Dewi atau disapa Kiki, usai bertemu Menteri Koordinator Bidang Perekonomian Airlangga Hartarto untuk membahas berbagai isu di jasa keuangan.
""Beberapa inisiatif baru seperti rencana demutualisasi bursa yang insyaallah nanti POJK-nya akan selesai di September,"" ujar Kiki saat ditemui di kantor Kementerian Koordinator Bidang Perekonomian, Jakarta Pusat, Selasa (14/7).
Ketentuan demutualisasi diatur dalam Undang Undang Nomor 4 Tahun 2026 tentang Perubahan atas Undang Undang Nomor 4 Tahun 2023 tentang Pengembangan dan Penguatan Sektor Keuangan (UU PPSK).
Aturan tersebut menegaskan tiga kementerian/lembaga (K/L) yang dapat menjadi pemegang saham BEI, yakni Kementerian Keuangan, Bank Indonesia (BI), dan Badan Pengelola Investasi Daya Anagata Nusantara Indonesia (BPI Danantara).
Selain itu, OJK juga menyampaikan kepada pemerintah terkait rencana reformasi pasar modal yang telah dijalankan OJK bersama BEI.
Kiki menyebut saat ini reformasi integritas pasar modal telah dilakukan yang sebelumnya diperhatikan oleh lembaga penyedia indeks global Morgan Stanley Capital International (MSCI).
""Kami menyampaikan update terkait dengan reformasi di pasar modal yang memang kita ketahui Pak Menko kan sejak awal sudah mendampingi kita lah ya dalam hal reformasi integritas di pasar modal dan kita sudah sampaikan bahwa semua apa apa ya concern dari MSCI sudah kita kita lakukan,"" terangnya.
Sementara itu, Menteri Koordinator Bidang Perekonomian Airlangga Hartarto meminta OJK untuk menyiapkan peta jalan demutualisasi bursa sebelum K/L dapat masuk ke pasar modal.
""Porsinya kan ada roadmap-nya nanti. Makanya itu yang kami minta supaya roadmap-nya disiapkan,"" kata Airlangga.
DPR resmi mensahkan Undang Undang Nomor 4 Tahun 2026 tentang Perubahan atas Undang Undang Nomor 4 Tahun 2023 tentang Pengembangan dan Penguatan Sektor Keuangan (UU P2SK) dalam Rapat Paripurna, Kamis (4/6).
Dalam UU tersebut, salah satu pokok materi muatan dan pengaturan yang telah disepakati dalam pembahasan Panja adalah Demutualisasi Bursa Efek di Pasar Modal.
Berikut daftar 17 pokok materi muatan dan pengaturan dalam RUU Perubahan UU PPSK yang telah disepakati dalam pembahasan Panja:
1. Kelembagaan LPS
2. Kelembagaan OJK
3. Kelembagaan BI
4. Evaluasi kinerja LPS, OJK, dan Bank Indonesia oleh DPR
5. Cakupan perluasan usaha Perbankan dan Perbankan Syariah
6. Demutualisasi Bursa Efek di Pasar Modal
7. Transfer Margin dalam Transaksi di Pasar Keuangan
8. Surat Utang Danantara
9. Perusahaan Asuransi dan Asuransi Syariah Dalam Resolusi
10. Dana Pertanggungan Wajib Kecelakaan Lalu Lintas
11. Bursa Mineral dan Komoditas Strategis
12. Aset kripto
13. Satuan tugas pencegahan dan penanganan peminjaman daring dan perjudian daring
14. Pusat Finansial Internasional Indonesia
15. Penanganan piutang macet kepada UMKM
16. Penyelidikan dan penyidikan di sektor jasa keuangan serta mekanisme keadilan restoratif
17. Bank dalam penyehatan.",CNN Indonesia,Business,2026-07-15,Neutral,"The article discusses the OJK's target to complete the demutualization regulation for BEI by September 2026, which is an informational update on regulatory progress without clear positive or negative financial impact."
"Usung Prinsip Kehati-hatian, BNI Perkuat Tata Kelola Penyaluran KUR","PT Bank Negara Indonesia (Persero) Tbk atau BNI menjalankan serangkaian penguatan tata kelola penyaluran Kredit Usaha Rakyat (KUR) mencakup analisis kredit, verifikasi calon debitur, pencairan, pemantauan penggunaan dana, digitalisasi proses, hingga audit secara berkala. Tujuannya, agar pembiayaan berjalan lebih tepat sasaran, terukur, dan sesuai prinsip kehati-hatian.
Corporate Secretary BNI Okki Rushartomo mengatakan, langkah tersebut menjadi wujud komitmen perseroan dalam menjaga kualitas penyaluran kredit program pemerintah. BNI memastikan KUR diberikan kepada pelaku usaha yang berhak dan dimanfaatkan sesuai tujuan pembiayaan.
""BNI terus melakukan penguatan tata kelola penyaluran KUR agar pembiayaan benar-benar diterima dan dimanfaatkan oleh pelaku usaha yang berhak. Penguatan dilakukan sejak tahap analisis kredit, verifikasi, pencairan, pemantauan penggunaan dana, hingga evaluasi kualitas kredit,"" ujar Okki dalam keterangan tertulis.
Okki menjelaskan, analisis kredit diterapkan secara langsung atau one-on-one kepada petani tanpa melibatkan collection agent (CA). Melalui proses ini, bank dapat memperoleh informasi langsung mengenai profil usaha, kebutuhan pembiayaan, kemampuan membayar, serta rencana penggunaan dana dari calon debitur.
Selain itu, BNI memperkuat pola penyaluran kredit berbasis ekosistem atau ecosystem-based financing. Pada skema ini, BNI bekerja sama dengan perusahaan inti yang merupakan nasabah korporasi BNI dan berperan sebagai offtaker. Perusahaan inti akan turut mendukung pendampingan usaha, penyerapan hasil produksi, serta monitoring terhadap pelaksanaan kredit.
""Pendekatan berbasis ekosistem memungkinkan adanya pendampingan, pemantauan usaha, serta kepastian pasar bagi hasil produksi petani. Dengan demikian, pembiayaan tidak hanya tersalurkan, tetapi juga dapat mendukung keberlanjutan usaha debitur,"" kata Okki.
BNI juga menerapkan pembatasan radius untuk memudahkan proses Know Your Customer atau KYC, verifikasi usaha, pemantauan lahan, serta pengawasan aktivitas debitur setelah pencairan. Kebijakan ini bertujuan agar proses pengenalan dan pemantauan debitur dapat dilakukan lebih dekat dan efektif oleh unit terkait.
Dari sisi teknologi, proses kredit dilakukan secara digital sehingga data debitur dapat dimonitor secara lebih terukur. Melalui sistem tersebut, BNI dapat memantau nama petani, lokasi lahan, tahapan budi daya, perkembangan usaha, hingga penggunaan kredit oleh masing-masing debitur.
""Digitalisasi proses kredit memungkinkan BNI memonitor data petani, lokasi lahan, tahapan budi daya, hingga penggunaan kredit secara lebih terukur. Monitoring dan audit juga dilakukan secara berkala untuk menjaga kualitas kredit,"" ujar Okki.
Selain digitalisasi, BNI melakukan monitoring berkala untuk memastikan usaha debitur berjalan sesuai rencana, dana digunakan sesuai tujuan pembiayaan, dan kualitas kredit tetap terjaga.
Perseroan juga melakukan audit secara rutin atas setiap pemberian kredit untuk memastikan proses penyaluran telah sesuai ketentuan, mendeteksi potensi penyimpangan sejak dini, serta memperkuat akuntabilitas seluruh pihak yang terlibat.
Okki menambahkan, penguatan tata kelola tersebut sejalan dengan langkah BNI dalam menindaklanjuti setiap indikasi penyimpangan secara objektif. Menyinggung perkara dugaan penyimpangan KUR di Jember, BNI menegaskan bahwa proses hukum yang berjalan merupakan tindak lanjut atas laporan perseroan kepada aparat penegak hukum setelah menemukan adanya indikasi penyimpangan dalam proses pengajuan dan penyaluran kredit.
""Kasus KUR Jember berawal dari laporan BNI kepada aparat penegak hukum. BNI menghormati proses hukum yang berjalan dan bersikap kooperatif dalam proses penyidikan,"" pungkas Okki.",CNN Indonesia,Business,2026-07-15,Neutral,"The article discusses BNI's efforts to strengthen governance and oversight in KUR credit distribution, focusing on procedural improvements and compliance. There is no explicit mention of financial performance metrics like profit, revenue, or stock price changes, nor does it indicate negative outcomes like losses or fraud. The content is primarily informational about internal processes and regulatory compliance."
BP Tapera-Asbanda Perkuat Bersinergi Dukung Program 3 Juta Rumah,"Badan Pengelola Tabungan Perumahan Rakyat (BP Tapera) memperkuat kolaborasi dengan PT Sarana Multigriya Finansial (SMF) dan Asosiasi Bank Pembangunan Daerah (Asbanda) melalui penandatanganan Nota Kesepahaman (MoU) tentang Penyaluran Pembiayaan Perumahan dalam rangka mendukung Program Pemerintah 3 Juta Rumah.
Penandatanganan yang berlangsung di Gedung Utama SMF 2, Jakarta, Selasa (14/7), menjadi langkah strategis untuk memperluas akses pembiayaan perumahan bagi masyarakat melalui sinergi BP Tapera, SMF, Asbanda, dan bank penyalur.
Acara tersebut dihadiri oleh Komisioner BP Tapera Heru Pudyo Nugroho, Deputi Komisioner Bidang Pemanfaatan Dana BP Tapera Sid Herdi Kusuma, Direktur Utama PT SMF Ananta Wiyogo, Ketua Umum Asbanda Agus Hartoyo Widodo, serta jajaran perwakilan bank penyalur.
Dalam sambutannya, Komisioner BP Tapera Heru Pudyo Nugroho menegaskan bahwa kolaborasi antarlembaga menjadi kunci dalam mempercepat pencapaian target Program 3 Juta Rumah.
Menurutnya, tantangan penyediaan hunian layak bagi masyarakat tidak dapat diselesaikan oleh satu pihak saja, melainkan membutuhkan sinergi pemerintah, lembaga pembiayaan, asosiasi perbankan, dan seluruh bank penyalur.
Heru menjelaskan bahwa BP Tapera terus melakukan berbagai inovasi untuk memperluas akses pembiayaan perumahan, salah satunya melalui penguatan skema Fasilitas Likuiditas Pembiayaan Perumahan (FLPP). Selain itu, BP Tapera juga mendorong usulan perpanjangan tenor KPR Sejahtera FLPP hingga 40 tahun agar cicilan semakin ringan dan terjangkau bagi masyarakat berpenghasilan rendah.
Ia menambahkan, sinergi yang dibangun melalui Nota Kesepahaman ini diharapkan semakin memperkuat kapasitas penyaluran pembiayaan perumahan sekaligus mendukung pelaksanaan Akad Massal KPR Sejahtera FLPP yang dijadwalkan berlangsung pada 23 Juli 2026.
Kegiatan tersebut diharapkan mampu mempercepat realisasi penyaluran rumah subsidi sekaligus memberikan dampak positif terhadap sektor perumahan secara menyeluruh, mulai dari pengembang, kontraktor, hingga industri pendukung lainnya.
Direktur Utama PT SMF Ananta Wiyogo menyampaikan bahwa Nota Kesepahaman tersebut merupakan bentuk komitmen bersama dalam membangun ekosistem pembiayaan perumahan yang lebih kuat, terstruktur, dan berkelanjutan.
Menurutnya, kolaborasi antara SMF, BP Tapera, Asbanda, dan bank penyalur akan memperkuat kapasitas pembiayaan sehingga mampu mendukung target pemerintah dalam penyediaan rumah layak bagi masyarakat. Ia juga menyampaikan apresiasi atas komitmen seluruh pihak yang terus memperkuat sinergi untuk memperluas akses pembiayaan perumahan di Indonesia.
Sementara itu, Ketua Umum Asbanda Agus Hartoyo Widodo menegaskan bahwa keberhasilan Program 3 Juta Rumah membutuhkan keterlibatan seluruh pemangku kepentingan. Menurutnya, pemerintah, lembaga pembiayaan, dan industri perbankan harus berjalan beriringan agar masyarakat semakin mudah memperoleh akses terhadap pembiayaan rumah.
Agus mengatakan Bank Pembangunan Daerah memiliki peran strategis karena memiliki jaringan yang tersebar di seluruh Indonesia, kedekatan dengan pemerintah daerah, serta pemahaman terhadap karakteristik ekonomi lokal. Dengan keunggulan tersebut, bank penyalur diharapkan mampu memperluas jangkauan pembiayaan perumahan hingga ke berbagai daerah.
Ia mengungkapkan bahwa pada tahun 2025 kontribusi Bank Pembangunan Daerah dalam penyaluran KPR Sejahtera FLPP mencapai sekitar 23.515 unit atau sekitar 8,43 persen dari total penyaluran nasional. Menurutnya, capaian tersebut menunjukkan komitmen yang kuat dalam mendukung program pemerintah sekaligus membuka peluang peningkatan kontribusi yang lebih besar pada tahun-tahun mendatang.
""Rumah bukan sekadar bangunan, tetapi fondasi lahirnya keluarga yang sehat, produktif, dan sejahtera. Ketika semakin banyak masyarakat memiliki akses terhadap rumah yang layak, sesungguhnya kita sedang membangun kualitas sumber daya manusia sekaligus memperkuat perekonomian daerah,"" ujar Agus.
Melalui penandatanganan Nota Kesepahaman ini, BP Tapera menegaskan komitmennya untuk terus memperkuat kolaborasi dengan SMF, Asbanda, dan bank penyalur dalam membangun ekosistem pembiayaan perumahan yang semakin inklusif dan berkelanjutan. Sinergi tersebut diharapkan dapat mempercepat pencapaian Program 3 Juta Rumah sekaligus memperluas kesempatan bagi masyarakat Indonesia untuk memiliki rumah yang layak, berkualitas, dan terjangkau.",CNN Indonesia,Business,2026-07-15,Positive,"BP Tapera strengthens collaboration with SMF and Asbanda to support the 3 Million Homes Program, aiming to expand housing finance access and accelerate the program's goals, which indicates positive strategic initiatives and support for housing development."
"Utang Luar Negeri RI Tembus Rp8.030,35 T pada Mei 2026","Bank Indonesia (BI) melaporkan posisi utang luar negeri (ULN) Indonesia mencapai US$444,4 miliar atau sekitar Rp8.030,35 triliun (asumsi kurs Rp18.070 per dolar AS pada Mei 2026.
Angka tersebut tumbuh 2,1 persen secara tahunan ( year on year /yoy), sedikit lebih tinggi dibandingkan pertumbuhan 2 persen pada April 2026.
Direktur Eksekutif Departemen Komunikasi BI Ramdan Denny Prakoso menyebut kenaikan tersebut didorong oleh pertumbuhan utang luar negeri sektor publik, baik pemerintah maupun bank sentral, di tengah kontraksi ULN swasta yang mulai mereda.
""Perkembangan tersebut dipengaruhi oleh pertumbuhan ULN publik, baik pemerintah maupun bank sentral, di tengah kontraksi pertumbuhan ULN swasta yang lebih rendah,"" ujar Ramdan dalam keterangan resmi, Rabu (15/7).
Apabila dirinci, ULN pemerintah tercatat sebesar US$217,3 miliar pada Mei 2026 atau tumbuh 3,7 persen (yoy), relatif stabil dibandingkan bulan sebelumnya.
Ramdan menjelaskan perkembangan tersebut terutama dipengaruhi oleh aliran masuk investor ke Surat Berharga Negara (SBN) internasional di tengah pembayaran neto pinjaman luar negeri pemerintah yang jatuh tempo.
Menurut Ramdan, kondisi tersebut mencerminkan masih terjaganya kepercayaan investor terhadap prospek perekonomian Indonesia.
""Pemerintah tetap berkomitmen untuk menjaga kredibilitas dengan memenuhi kewajiban pembayaran pokok dan bunga utang secara tepat waktu, serta mengelola ULN secara pruden, terukur, dan fleksibel untuk mewujudkan pembiayaan yang efisien dan optimal,"" terang Ramdan.
Sebagai bagian dari pembiayaan APBN, pemerintah mengarahkan pemanfaatan ULN untuk sektor-sektor produktif dengan tetap menjaga keberlanjutan pengelolaan utang.
Berdasarkan sektor ekonomi, utang luar negeri pemerintah paling banyak digunakan untuk mendukung sektor jasa kesehatan dan kegiatan sosial sebesar 22 persen dari total ULN pemerintah, disusul administrasi pemerintahan, pertahanan, dan jaminan sosial wajib 20,6 persen, jasa pendidikan 16,2 persen, konstruksi 11,5 persen, serta transportasi dan pergudangan 8,5 persen.
Bank sentral juga mencatat peningkatan utang luar negeri bank sentral didorong oleh bertambahnya kepemilikan investor asing pada instrumen Sekuritas Rupiah Bank Indonesia (SRBI) seiring kebijakan operasi moneter pro-pasar dan upaya menjaga stabilitas nilai tukar rupiah.
Sementara itu, ULN swasta tercatat sebesar US$195,9 miliar atau masih mengalami kontraksi 0,1 persen (yoy) pada Mei 2026. Meski demikian, penurunan tersebut lebih kecil dibandingkan kontraksi 0,5 persen pada April lalu.
Ramdan menjelaskan perbaikan terutama berasal dari kelompok lembaga keuangan yang kontraksinya menyempit menjadi 0,8 persen dari sebelumnya 5 persen.
Secara sektoral, ULN swasta terbesar berasal dari industri pengolahan, jasa keuangan dan asuransi, pengadaan listrik dan gas, serta pertambangan dan penggalian. Keempat sektor tersebut menyumbang 79,9 persen dari total ULN swasta.
Bank sentral menilai struktur utang luar negeri Indonesia masih tergolong sehat. Hal itu tercermin dari rasio ULN terhadap produk domestik bruto (PDB) yang berada di level 29,9 persen pada Mei 2026.
Selain itu, struktur ULN juga masih didominasi utang jangka panjang yang mencapai 83,9 persen dari total utang luar negeri Indonesia.
""Bank Indonesia dan Pemerintah terus memperkuat koordinasi dalam pemantauan perkembangan ULN. Indonesia akan terus mengoptimalkan peran ULN untuk menopang pembiayaan pembangunan dan mendorong pertumbuhan ekonomi nasional yang berkelanjutan dengan meminimalkan risiko terhadap stabilitas perekonomian,"" ujar Ramdan.",CNN Indonesia,Business,2026-07-15,Neutral,"The article provides factual information about Indonesia's foreign debt levels and management without explicitly indicating positive or negative financial impacts. While there is mention of debt growth, it is contextualized within prudent management and stable economic indicators."
"Purbaya Masih Kaji Usulan Penghapusan Pajak JHT, Sebut 95 Persen Penerima Sudah Bebas Pajak","JAKARTA, KOMPAS.com - Menteri Keuangan Purbaya Yudhi Sadewa menyatakan pemerintah masih mengkaji usulan penghapusan pajak Jaminan Hari Tua (JHT). Salah satu yang menjadi perhatian adalah validitas data.
Purbaya yang menunjukkan 95 persen penerima manfaat JHT sebenarnya sudah tidak dikenai pajak.
Purbaya mengatakan Kementerian Keuangan akan memeriksa kembali data tersebut sebelum memutuskan apakah usulan penghapusan pajak JHT perlu dilakukan.
""Yang 95 persen itu, menurut data kita tuh , pesangonnya di bawah Rp 50 juta. Jadi sudah nol. Yang belum hanya 5 persen. Tapi akhirnya datanya ada yang mesti dilihat,"" kata Purbaya kepada Kompas.com ditemui di Kantor Koordinator Bidang Pembangunan Manusia dan Kebudayaan (Menko PMK) Jakarta, Rabu (15/7/2026).
Menurut Menkeu Purbaya, pemerintah juga akan meminta penjelasan dari BPJS Ketenagakerjaan terkait data tersebut, termasuk adanya dugaan penghitungan ganda terhadap peserta yang beberapa kali keluar dan kembali bekerja.
""BPJS kalau setuju juga angkanya apa. Itu bisa dilihat itu. Dari data yang ada sekarang. Tapi BPJS kalau tidak salah, Pak Said mau bilang seperti itu kan . Ada yang keluar, masuk lagi, keluar, masuk lagi. Sehingga dia masuk ke yang 95 persen itu. Harusnya kan jumlahnya lebih sedikit katanya. Kalau dihitung satu kali,"" ujarnya.
Purbaya menjelaskan, apabila satu peserta tercatat beberapa kali karena berpindah pekerjaan, persentase penerima manfaat yang bebas pajak bisa terlihat lebih besar dari kondisi sebenarnya.
""Misalnya keluar masuk tiga kali, keluar masuk kan tiga kali dihitung. Jadi kalau dihitung cuma satu kan , dihitung tiga, jadi persentasenya lebih besar katanya. Tapi saya akan cek, betul tidak seperti itu,"" katanya.
Meski demikian, Purbaya menegaskan apabila hasil verifikasi menunjukkan 95 persen penerima JHT memang sudah tidak dikenai pajak, maka tidak ada urgensi untuk menghapus pajak bagi seluruh penerima manfaat.
Sebelumnya, Penasihat Khusus Presiden Bidang Ketenagakerjaan dan Kesejahteraan Buruh, Said Iqbal, mengatakan, BPJS Ketenagakerjaan mendukung usulan penerapan pajak 0 persen untuk manfaat Jaminan Hari Tua (JHT).
Dukungan tersebut disampaikan dalam pertemuan Said dengan Direktur Utama BPJS Ketenagakerjaan beserta jajaran direksi di Plaza BPJamsostek, Jakarta, Selasa (14/7/2026).
Pertemuan itu merupakan tindak lanjut dari pembahasan sebelumnya dengan Menteri Keuangan Purbaya Yudhi Sadewa terkait usulan perubahan skema pajak JHT.
Dalam pertemuan tersebut, Said juga mempertanyakan alasan manfaat JHT dikenai pajak atas pokok tabungan dengan tarif progresif, sementara tabungan perbankan hanya dikenai pajak atas bunga.
Menurut Said, Kementerian Keuangan saat ini masih mengkaji usulan perubahan kebijakan tersebut, termasuk penghapusan tarif pajak JHT menjadi 0 persen.
""Kami sampaikan kepada Bapak Dirut BPJS Ketenagakerjaan. Pada prinsipnya, terhadap pajak 0 persen JHT, beliau setuju, BPJS bisa mendukung. Ya, pajak 0 persen karena ini asas keadilan,"" ungkap Said Iqbal kepada wartawan di Plaza BPJamsostek, Selasa",Kompas Money,Financial,2026-07-15,Neutral,"The article discusses the government's consideration of removing the tax on JHT benefits, mentioning that 95% of recipients are already tax-free. It provides information on the ongoing evaluation and data verification process without indicating a clear positive or negative financial impact."
"Gaji Manajer Kopdes Merah Putih Belum Diputuskan, Masih Dikaji Kemenkeu","JAKARTA, KOMPAS.com - Menteri Koperasi (Menkop) Ferry Juliantono mengatakan pemerintah belum menetapkan besaran gaji Manajer Koperasi Desa/Kelurahan (Kopdes) Merah Putih.
Pembahasan besaran gaji masih berlangsung di Kementerian Keuangan (Kemenkeu). Kementerian Koperasi telah menyampaikan usulan skema penggajian, tetapi keputusan akhir masih menunggu hasil kajian pemerintah.
""Wah, itu belum kita tetapkan. Masih di Kementerian Keuangan. Kalau Kementerian Koperasi ada tindak lanjut, maksudnya ada usulan,"" ujar Ferry saat ditemui di Gedung DPR RI, Jakarta, Selasa (15/7/2026).
Ferry menegaskan pembahasan tersebut hanya menyangkut gaji manajer Kopdes Merah Putih.
Sementara itu, pendapatan pegawai koperasi lainnya diharapkan berasal dari hasil usaha koperasi.
""Yang sedang kita kaji soal gaji manajernya. Soal pegawainya diharapkan nanti bisa dari pendapatan usaha,"" ucap dia.
Pemerintah saat ini sedang merekrut 30.000 Manajer Kopdes Merah Putih.
Sebelumnya, Ferry menjelaskan para manajer akan berstatus sebagai pegawai BUMN selama dua tahun pertama.
Mereka akan ditempatkan di bawah PT Agrinas Pangan Nusantara. Perusahaan tersebut mendapat penugasan membangun gerai, gudang, serta melakukan pengadaan kendaraan untuk Kopdes Merah Putih.
Setelah masa penugasan itu berakhir, pemerintah berharap para manajer beralih ke Kementerian Koperasi dengan status Perjanjian Kerja Waktu Tertentu (PKWT).
""Kita berharap sih di Kementerian Koperasi. Pegawai PKWT,"" ucap Ferry dalam konferensi pers di Kantor Kementerian Koperasi, Jumat (8/5/2026).",Kompas Money,Financial,2026-07-15,Neutral,"The article discusses the ongoing discussion about the salary of Kopdes Merah Putih managers, which is still under review by the Ministry of Finance. There is no clear positive or negative financial impact mentioned."
Dialektika Ekonomi Politik Danantara yang Masih Meragukan,"Penikmat kopi yang nyambi jadi Pengamat Ekonomi
Penikmat kopi yang nyambi jadi Pengamat Ekonomi
Artikel ini adalah kolom, seluruh isi dan opini merupakan pandangan pribadi penulis dan bukan cerminan sikap redaksi.
PEMBENTUKAN Badan Pengelola Investasi Daya Anagata Nusantara (BPI Danantara) oleh Presiden Prabowo Subianto menandai pergeseran paradigma yang fundamental dalam pengelolaan kapitalisme negara ( state capitalism ) di Indonesia.
Secara historis, pengelolaan Badan Usaha Milik Negara (BUMN) di Indonesia selalu terjebak dalam dikotomi antara peran regulasi birokratis dan fungsi komersial korporasi.
Danantara didirikan sebagai respons strategis untuk memotong rantai kemacetan birokrasi tersebut, mengonsolidasikan kekayaan negara yang tersebar, dan bertindak sebagai penggerak utama transformasi ekonomi nasional menuju visi Asta Cita.
Struktur kepemimpinan awal Danantara mencerminkan kombinasi kekuatan politik-ekonomi yang signifikan.
Badan ini dipimpin oleh Rosan Perkasa Roeslani sebagai Chief Executive Officer (CEO), yang dibantu oleh Dony Oskaria sebagai Chief Operating Officer (COO) dan Pandu Sjahrir sebagai Chief Investment Officer (CIO).
Untuk memperkuat fungsi pengawasan struktural, Presiden menunjuk beberapa menteri sebagai Ketua Dewan Pengawas, Wakil, dan Anggota.
Mantan-mantan presiden Republik Indonesia juga diundang untuk menduduki posisi Dewan Penasihat guna memberikan legitimasi politik dan mengawal arah strategis lembaga agar tetap selaras dengan kepentingan nasional.
Fondasi hukum pembentukan Danantara bertumpu pada arsitektur legislasi yang dirancang untuk memberikan kepastian hukum sekaligus fleksibilitas operasional yang tinggi.
Kerangka regulasi ini didirikan melalui produk hukum krusial, yakni Undang-Undang Nomor 1 Tahun 2025 tentang Perubahan Ketiga atas Undang-Undang Nomor 19 Tahun 2003 tentang Badan Usaha Milik Negara, yang kemudian disempurnakan melalui Undang-Undang Nomor 16 Tahun 2025 tentang Perubahan Keempat atas UU BUMN.
Produk legislasi ini secara eksplisit memperkenalkan konsep ""Badan"" sebagai entitas sui generis yang menerima delegasi langsung dari kewenangan Presiden dalam mengelola investasi dan aset strategis negara.
Selanjutnya, Peraturan Pemerintah (PP) Nomor 10 Tahun 2025 tentang Organisasi dan Tata Kelola BPI Danantara direvisi secara signifikan melalui PP Nomor 16 Tahun 2026 dan PP Nomor 19 Tahun 2026 untuk menyesuaikan struktur organisasi dengan UU BUMN terbaru, mempertegas pembagian kewenangan, dan merancang mekanisme akuntabilitas yang lebih kuat.
Berdasarkan regulasi tersebut, tugas utama Danantara mencakup spektrum yang sangat luas, mulai dari peran sebagai pengelola investasi berdaulat ( sovereign investor ) hingga fungsi pengendali superholding korporasi negara.
Secara rinci, kewenangan Danantara meliputi pengelolaan dividen yang berasal dari Holding Investasi, Holding Operasional, dan BUMN sesuai dengan porsi kepemilikan saham pemerintah.
Badan ini juga berwenang menyetujui penambahan atau pengurangan penyertaan modal pada BUMN yang bersumber dari akumulasi pengelolaan dividen tersebut, tanpa harus melalui birokrasi Anggaran Pendapatan dan Belanja Negara (APBN) konvensional.
Selain itu, Danantara dapat membentuk Holding Investasi dan Holding Operasional baru berbentuk perseroan terbatas yang seluruh sahamnya dimiliki oleh Danantara, menyetujui usulan hapus buku ( write-off ) dan hapus tagih terhadap aset-aset BUMN yang bermasalah, melakukan aktivitas pendanaan aktif termasuk memberikan atau menerima pinjaman serta menjaminkan aset setelah mendapatkan persetujuan Presiden dan Dewan Pengawas, serta mengangkat dan memberhentikan direksi serta dewan komisaris di tingkat Holding Investasi dan Holding Operasional.
Arsitektur kelembagaan baru ini menciptakan hubungan tripartit yang kompleks antara Danantara, kementerian sektoral, dan struktur negara.
Kehadiran UU BUMN hasil revisi memunculkan lembaga baru bernama Badan Pengaturan BUMN (BP BUMN) yang bertindak sebagai regulator tunggal kebijakan korporasi negara. Dalam ekosistem ini, hubungan kekuasaan didefinisikan ulang secara radikal.
Di satu sisi, Danantara bertindak sebagai entitas pengelola komersial ( commercial operator/investment holding ) yang independen, sedangkan BP BUMN memegang kendali regulasi ( regulatory authority ).
Di sisi lain, hubungan Danantara dengan kementerian teknis seperti Kementerian Keuangan mengalami redefinisi, terutama dalam hal pengelolaan dividen BUMN yang kini tidak lagi langsung menyetor ke kas negara sebagai Penerimaan Negara Bukan Pajak (PNBP) konvensional, melainkan dikelola secara internal oleh Danantara untuk direinvestasikan ke sektor-sektor produktif.
Sejak resmi diluncurkan, Danantara bergerak cepat untuk mengonsolidasikan kapasitas investasinya.
Dengan modal awal dari efisiensi APBN yang dialokasikan sebesar 20 miliar dollar AS atau setara Rp 325 triliun – Rp 326 triliun, Danantara memproyeksikan akumulasi aset dalam pengelolaan (Asset Under Management/AUM) mencapai lebih dari Rp 15.000 triliun setelah seluruh aset BUMN terkonsolidasi.
Untuk memperluas kapasitas pendanaannya, Danantara berhasil menerbitkan obligasi internasional ( international bonds ) senilai 1,5 miliar dollar AS yang mengalami kelebihan permintaan ( oversubscribed ) hingga lebih dari tiga kali lipat.
Langkah operasional konkret yang paling menyita perhatian publik adalah pelaksanaan 26 Proyek Hilirisasi Strategis Nasional dengan total nilai investasi mencapai Rp 225 triliun.
Proyek-proyek tersebut dirancang untuk dieksekusi dalam dua fase taktis sepanjang tahun 2026, yang mencakup Fase I senilai Rp 109 triliun di 13 lokasi dengan 6 proyek prioritas, serta Fase II senilai Rp 116 triliun di 13 lokasi dengan 10 proyek prioritas. Total penyerapan tenaga kerja diproyeksikan mencapai 37.833 pekerja.
Proyek hilirisasi ini mencakup tiga pilar komoditas utama yang dinilai memiliki efek pengganda ekonomi ( economic multiplier effect ) terbesar bagi wilayah domestik.
Di sektor pertambangan dan mineral, fokus diarahkan pada pembangunan fasilitas peleburan (smelter) aluminium, pengolahan baja nirkarat (stainless steel), dan smelter tembaga terintegrasi demi menghentikan ekspor bahan mentah secara total dan memindahkan nilai tambah pemrosesan ke dalam negeri.
Sektor energi transisi meliputi pengembangan kilang bioavtur dan pabrik bioetanol generasi kedua, serta proyek gasifikasi batu bara ( coal gasification ) yang dijalankan bekerja sama dengan konsorsium energi asal Amerika Serikat.",Kompas Money,Financial,2026-07-15,Neutral,"The article provides an informational overview of the establishment and structure of BPI Danantara, focusing on institutional frameworks, legislative changes, and regulatory roles without explicitly indicating positive or negative financial outcomes."
"B50 Bikin Ekspor Sawit Menyusut, Pasar Domestik Jadi Penopang","Penulis
JAKARTA, KOMPAS.com – Industri kelapa sawit Indonesia memasuki babak baru pada kuartal III 2026.
Selama bertahun-tahun, ekspor menjadi penopang utama industri ini.
Namun, mulai Juli hingga September 2026, peran tersebut diperkirakan bergeser seiring meningkatnya kebutuhan dalam negeri, terutama untuk mendukung implementasi mandatori biodiesel B50 .
PEXELS/ENGIN AKYURT Ilustrasi biodiesel.
Indonesia Palm Oil Strategic Studies (IPOSS) dalam Outlook Industri Sawit Indonesia Q3 2026 yang dipublikasikan pada Selasa (14/7/2026) menyebut pasar domestik kini tidak lagi sekadar menjadi penyangga ketika ekspor melemah, tetapi mulai menjadi faktor utama yang menentukan arah industri sawit nasional sekaligus memengaruhi keseimbangan pasar global.
Menurut IPOSS, implementasi mandatori biodiesel B50 yang mulai berlaku pada 1 Juli 2026 menjadi salah satu penanda perubahan tersebut.
Kebutuhan minyak sawit mentah ( crude palm oil /CPO) untuk energi meningkat ketika produksi menghadapi tekanan, stok berada pada level rendah, dan ruang untuk ekspor semakin terbatas.
Perubahan ini membuat dinamika industri sawit tidak lagi hanya ditentukan oleh perkembangan ekspor atau harga global. Produksi, konsumsi domestik, stok, harga, kebijakan biodiesel, hingga tata kelola ekspor saling memengaruhi dalam satu ekosistem yang sama.
Di sisi pasokan, produksi nasional minyak sawit diperkirakan mengalami tekanan pada kuartal III 2026.
SHUTTERSTOCK/Nirapai Boonpheng Ilustrasi minyak sawit.
IPOSS memproyeksikan produksi kumulatif CPO dan palm kernel oil (PKO) hingga akhir kuartal III 2026 mencapai sekitar 37,1 juta ton, lebih rendah dibandingkan realisasi periode yang sama tahun 2025 sebesar 38,08 juta ton.
Meski demikian, capaian tersebut masih berada dalam kisaran historis produksi nasional beberapa tahun terakhir.
Koreksi produksi dipengaruhi beberapa faktor, mulai dari banjir di Sumatera yang mengurangi sebagian area panen di Aceh dan Sumatera Utara hingga kondisi iklim kering akibat fenomena El Nino dan Indian Ocean Dipole (IOD) positif.
Secara khusus pada kuartal III, produksi diproyeksikan mencapai 11,1 juta ton, lebih rendah dibandingkan kuartal yang sama pada tahun-tahun sebelumnya. Penurunan terbesar diperkirakan terjadi pada Juli dan September 2026.
IPOSS menjelaskan proyeksi tersebut menggunakan pemodelan distribusi produksi yang memasukkan faktor curah hujan, defisit air, serta kondisi ENSO dan IOD sebagai variabel yang memengaruhi perkembangan bunga, buah, dan produksi tanaman sawit.
Dalam laporan itu disebutkan, prediksi ENSO menunjukkan anomali yang semakin positif pada kuartal III 2026 sehingga kondisi diperkirakan lebih kering. Di sisi lain, IOD juga diperkirakan berada pada fase positif yang meningkatkan risiko defisit air di sejumlah wilayah Indonesia.
Model tersebut menunjukkan penurunan produksi pada kuartal III 2026 lebih mencerminkan redistribusi produksi akibat faktor iklim dan respons fisiologis tanaman dibandingkan penurunan kapasitas produksi secara permanen.",Kompas Money,Financial,2026-07-15,Neutral,"The article discusses the shift in focus from exports to domestic markets for Indonesia's palm oil industry due to the B50 biodiesel mandate, but does not clearly indicate positive or negative financial impact."
Ke Mana Utang Pemerintah Dialokasikan? Kesehatan Jadi Penerima Terbesar,"Penulis
JAKARTA, KOMPAS.com – Pembahasan mengenai utang pemerintah kerap berhenti pada besarnya nilai yang harus dibayar negara. Padahal, di balik angka tersebut terdapat informasi mengenai ke mana pembiayaan itu dialokasikan.
Bank Indonesia (BI) mencatat posisi utang luar negeri (ULN) Indonesia pada Mei 2026 mencapai 444,4 miliar dollar AS,tumbuh 2,1 persen secara tahunan (year on year/yoy), sedikit lebih tinggi dibandingkan pertumbuhan pada April 2026 sebesar 2 persen.
Perkembangan tersebut dipengaruhi pertumbuhan ULN publik, baik pemerintah maupun bank sentral, di tengah kontraksi utang luar negeri swasta yang semakin terbatas.
Laman resmi Bank Indonesie (BI), bi.go.id Bank Indonesia (BI).
Dari total tersebut, posisi ULN pemerintah mencapai 217,3 miliar dollar AS, tumbuh 3,7 persen dibandingkan periode yang sama tahun sebelumnya.
Menurut bank sentral, perkembangan utang pemerintah terutama dipengaruhi oleh aliran masuk pada Surat Berharga Negara (SBN) internasional yang mencerminkan kepercayaan investor terhadap prospek perekonomian Indonesia di tengah pembayaran neto pinjaman luar negeri pemerintah yang jatuh tempo.
""Pemerintah tetap berkomitmen untuk menjaga kredibilitas dengan memenuhi kewajiban pembayaran pokok dan bunga utang secara tepat waktu, serta mengelola ULN secara pruden, terukur, dan fleksibel untuk mewujudkan pembiayaan yang efisien dan optimal,"" ujar Direktur Eksekutif Departemen Komunikasi BI Ramdan Denny Prakoso dalam pernyataan resmi, Rabu (15/7/2026).
Namun, selain mencatat besaran utang, Statistik Utang Luar Negeri Indonesia (SULNI) juga memperlihatkan bagaimana pemerintah mengarahkan pemanfaatan pembiayaan tersebut ke berbagai sektor ekonomi.
KOMPAS.com/SAKINA RAKHMA DIAH SETIAWAN Bank Indonesia (BI) mencatat posisi utang luar negeri (ULN) Indonesia pada Mei 2026 mencapai 444,4 miliar dollar AS,tumbuh 2,1 persen secara tahunan (year on year/yoy), sedikit lebih tinggi dibandingk
Sebagai salah satu instrumen pembiayaan Anggaran Pendapatan dan Belanja Negara (APBN), utang luar negeri pemerintah terus diarahkan untuk mendukung sektor-sektor produktif dengan tetap memperhatikan keberlanjutan pengelolaannya.
Data BI menunjukkan sektor jasa kesehatan dan kegiatan sosial menjadi penerima porsi terbesar dari pemanfaatan utang luar negeri pemerintah.
Sektor tersebut menyerap sekitar 22 persen dari total utang luar negeri pemerintah.
Porsi tersebut menjadi yang terbesar dibandingkan sektor ekonomi lainnya yang memperoleh pembiayaan melalui utang luar negeri pemerintah.
Dalam klasifikasi yang digunakan BI, sektor jasa kesehatan dan kegiatan sosial mencakup berbagai aktivitas pelayanan kesehatan maupun kegiatan sosial yang menjadi bagian dari pembiayaan pemerintah.
Setelah sektor kesehatan, porsi terbesar berikutnya dialokasikan kepada sektor administrasi pemerintahan, pertahanan, dan jaminan sosial wajib.
Kelompok ini memperoleh porsi 20,6 persen dari total utang luar negeri pemerintah.",Kompas Money,Financial,2026-07-15,Neutral,"The article provides information about the allocation of government foreign debt, focusing on sectors like healthcare and social services, without indicating positive or negative financial impact."
"Adaro Group Buka Lowongan Kerja untuk D3-S1, Simak Persyaratannya","Penulis
KOMPAS.com – Adaro Group membuka sejumlah lowongan kerja 2026 untuk berbagai posisi di bidang sumber daya manusia (HR), pemeliharaan, hubungan eksternal, keselamatan kerja, hingga sekretaris perusahaan.
Lowongan pekerjaan ini terbuka bagi lulusan D3 maupun S1, termasuk fresh graduate untuk posisi tertentu.
Dikutip dari laman resminya, terdapat enam posisi yang dibuka di berbagai entitas Adaro Group dengan penempatan di Kalimantan Selatan, Kalimantan Tengah, Sumatera Selatan, dan DKI Jakarta.
Keenam posisi tersebut di antaranya, Maintenance Foreman, External Relation Staff, HR Staff, QHSE Staff, Corporate Secretary Officer, dan HR Officer.
Posisi ini terbuka bagi lulusan baru.
Kualifikasi:
Tugas utama:
Batas akhir pendaftaran: 20 Juli 2026.
Kualifikasi:
Tugas utama:
Batas akhir pendaftaran: 21 Juli 2026.
Kualifikasi:
Tugas utama:
Batas akhir pendaftaran: 31 Juli 2026.
Adaro Group membuka sejumlah lowongan kerja 2026 untuk berbagai posisi
Kualifikasi:",Kompas Money,Financial,2026-07-15,Neutral,The article is purely informational about job openings and does not indicate any financial performance impact.
"Minat Pembiayaan Kendaraan Syariah Masih Tinggi, BSI Catat Pertumbuhan 12,4 Persen","JAKARTA, KOMPAS.com - PT Bank Syariah Indonesia (Persero) Tbk (BSI) menilai minat masyarakat terhadap pembiayaan kendaraan bermotor masih tinggi. Hal ini tercermin dari pertumbuhan pembiayaan kendaraan perseroan hingga pertengahan 2026.
Direktur Retail Banking BSI Kemas Erwan Husainy mengatakan, outstanding pembiayaan kendaraan melalui produk BSI OTO mencapai sekitar Rp 6,70 triliun hingga Juni 2026. Nilai tersebut tumbuh 12,40 persen secara tahunan (year on year/YoY).
Menurut dia, capaian itu menunjukkan kebutuhan masyarakat terhadap kendaraan bermotor masih terjaga meski konsumen kini lebih selektif dalam membelanjakan uang.
""Peningkatan tersebut menunjukkan bahwa minat masyarakat terhadap pembiayaan kendaraan berbasis syariah tetap kuat di tengah kondisi ekonomi yang dinamis,"" ujarnya dalam keterangan resmi, Selasa (14/7/2026).
Kemas mengatakan, transformasi digital turut mendorong pertumbuhan pembiayaan kendaraan. Melalui aplikasi BYOND by BSI, nasabah dapat mengajukan pembiayaan kendaraan dengan proses yang lebih mudah dan praktis.
BSI juga menawarkan skema angsuran tetap hingga akhir masa pembiayaan. Skema ini memberi kepastian besaran cicilan sehingga nasabah lebih mudah mengatur arus kas bulanan.
Perseroan juga memperluas kerja sama dengan dealer dan mitra strategis untuk memperluas akses pembiayaan kendaraan. BSI juga aktif menggelar kegiatan literasi guna meningkatkan pemahaman masyarakat terhadap pembiayaan syariah .
""Sejak penguatan transformasi digital, fitur BYOND by BSI semakin lengkap dan bisa mengakomodir pengajuan pembiayaan termasuk kendaraan,"" ucapnya.
Selain digitalisasi, pertumbuhan pembiayaan kendaraan ditopang meningkatnya kebutuhan mobilitas masyarakat.
BSI juga menilai percepatan adopsi kendaraan listrik, meningkatnya kesadaran terhadap kendaraan ramah lingkungan, serta semakin banyaknya pilihan kendaraan di pasar ikut mendorong permintaan pembiayaan.
Kinerja pembiayaan kendaraan BSI sejalan dengan tren industri otomotif nasional.
Data Gabungan Industri Kendaraan Bermotor Indonesia (Gaikindo) menunjukkan penjualan mobil secara wholesales sepanjang Januari hingga Juni 2026 mencapai lebih dari 400.000 unit. Angka tersebut naik 15,89 persen dibandingkan periode yang sama tahun lalu yang sebanyak 376.000 unit.
""Capaian tersebut menjadi sinyal positif bahwa sektor otomotif masih memiliki prospek yang baik. Masyarakat tetap melakukan pembelian kendaraan, namun dengan pertimbangan yang lebih matang dan mengedepankan skema pembiayaan syariah yang memberikan kepastian dalam pengelolaan keuangan,"" tuturnya.
BSI optimistis pembiayaan kendaraan akan tetap menjadi salah satu pendorong utama pertumbuhan pembiayaan konsumer sepanjang 2026, didukung fundamental bisnis dan ekosistem pembiayaan yang terus diperkuat.",Kompas Money,Financial,2026-07-15,Positive,"BSI reported 12.4% year-on-year growth in vehicle financing, reaching Rp 6.70 trillion, indicating strong demand and expansion in the syariah vehicle financing sector. The article highlights positive trends in consumer behavior, digital transformation, industry growth, and optimism for future performance."
Komdigi Sebut Pelaku Judol Tawarkan Rp 100.000-500.000 ke Petani hingga IRT untuk Buka Rekening Penampung,"JAKARTA, KOMPAS.com - Kementerian Komunikasi dan Digital (Komdigi) mengungkap modus yang digunakan pelaku judi online (judol) untuk mendapatkan rekening penampung transaksi.
Untuk diketahui, rekening penampung adalah rekening bank yang digunakan untuk menerima, menyimpan sementara, atau meneruskan dana hasil tindak kejahatan seperti judol.
Menteri Komunikasi dan Digital Meutya Hafid mengatakan, umumnya pelaku akan menawarkan imbalan kepada masyarakat sebesar Rp 100.000 hingga Rp 500.000 untuk membuka rekening bank atau akun dompet digital ( e-wallet ).
Rekening tersebut akan dijadikan sebagai rekening penampung oleh pelaku agar mereka dapat menerima dan menyimpan dana deposit dari pemain judol ke rekening tersebut, sebelum uang tersebut dipindahkan ke rekening lain agar sulit dilacak.
Lebih lanjut dia mengungkapkan, para pelaku judol biasanya menargetkan masyarakat awam dengan kelompok ekonomi rentan seperti petani hingga ibu rumah tangga (IRT).
“Bagaimana mudahnya kemudian membuat penampungan rekening dengan meminta kepada masyarakat yang kurang mampu dibayar Rp 100.000-Rp 500.000 untuk membuat rekening-rekening penampungan. Banyak yang petani, banyak yang ibu rumah tangga,” ujarnya dalam acara OJK Banking Forum 2026 di Menara Radius Prawiro, Jakarta, Selasa (14/7/2026).
Oleh karenanya, Meutya meminta industri perbankan memperkuat penerapan prinsip Know Your Customer (KYC) hingga ke tingkat kantor cabang maupun gerai layanan.
Dengan penguatan proses verifikasi calon nasabah, diharapkan dapat membantu mendeteksi lebih dini praktik pembukaan rekening yang tidak wajar.
“Terutama kalau rekeningnya mungkin jumlahnya sedikit tapi mohon maaf angka saldonya tidak banyak tapi rekeningnya sampai banyak, itu juga pasti dapat dideteksi lebih awal kalau kita semua hati-hati,” ungkapnya.
Hingga Mei 2026, Komdigi bersama Otoritas Jasa Keuangan (OJK) telah memblokir sekitar 36.191 rekening bank yang terindikasi digunakan untuk aktivitas judi online hingga Mei 2026.
Jumlah tersebut meningkat dibandingkan bulan sebelumnya yang mencapai 33.836 rekening.
Itu artinya, dalam waktu kurang dari sebulan, jumlah rekening yang diblokir bertambah 2.355 rekening.
Namun, menurut Meutya, pemberantasan judi online tidak cukup hanya dengan memblokir situs atau konten, tetapi juga harus memutus aliran dana operasional para pelaku yang masuk ke rekening penampung.
Dia menyebut rekening penampung sebagai 'leher' atau titik vital dari ekosistem judi online karena menjadi jalur keluar masuk dana hasil perjudian.
Oleh sebab itu, pemutusan akses terhadap rekening-rekening bermasalah dinilai sama pentingnya dengan penutupan situs judol.
“Kita memahami bahwa pemutusan situs harus juga dibarengi dengan mengamputasi leher dari ekosistem judi online yaitu dalam rekening-rekening penampung. Jadi rekening penampung kita anggap menjadi lehernya dan tentu ini yang harus diberantas juga dengan bekerja sama dengan banyak pihak termasuk teman-teman di perbankan,” tuturnya.",Kompas Money,Financial,2026-07-15,Negative,"The article discusses the use of bank accounts for money laundering by online gambling operators, which is a financial crime and indicates a negative financial impact."
"Pertamina Turunkan Harga LPG Bright Gas 12 Kg dan 5,5 Kg, Ini Rinciannya","JAKARTA, KOMPAS.com - PT Pertamina Patra Niaga menurunkan harga liquefied petroleum gas (LPG) atau elpiji nonsubsidi Bright Gas ukuran 12 kilogram (kg) dan 5,5 kg yang berlaku efektif mulai 14 Juli 2026.
Vice President Corporate Communication Pertamina Patra Niaga Kitty Andhora mengatakan, penyesuaian harga tersebut merupakan hasil evaluasi berkala perusahaan dengan mempertimbangkan dinamika pasar dan mekanisme yang berlaku.
""Penyesuaian harga Bright Gas dilakukan melalui evaluasi secara berkala dengan mempertimbangkan berbagai faktor yang memengaruhi kondisi pasar, serta tetap mengacu pada mekanisme yang berlaku,"" ujarnya dalam keterangan tertulis, Rabu (15/7/2026).
Melalui penyesuaian tersebut, harga Bright Gas 12 kg di wilayah Pulau Jawa turun dari Rp 228.000 per tabung menjadi Rp 220.000 per tabung atau berkurang Rp 8.000 per tabung.
Sementara harga Bright Gas 5,5 kg turun dari Rp 107.000 per tabung menjadi Rp 103.000 per tabung, atau lebih rendah Rp 4.000 dibandingkan harga sebelumnya.
Adapun harga tersebut merupakan harga jual agen Bright Gas untuk wilayah Pulau Jawa.
Harga di wilayah lain dapat berbeda sesuai ketentuan yang berlaku.
Kitty mengatakan, penurunan harga tersebut diharapkan dapat membuat produk elpiji nonsubsidi Pertamina tetap kompetitif di tengah dinamika pasar.
Perusahaan juga memastikan kualitas Bright Gas tetap terjaga sehingga dapat memenuhi kebutuhan rumah tangga.
""Kami terus memastikan kualitas Bright Gas tetap terjaga sehingga masyarakat dapat menikmati elpiji yang aman, praktis, dan berkualitas untuk memenuhi kebutuhan rumah tangga,"" sebut Kitty.",Kompas Money,Financial,2026-07-15,Neutral,"The article reports an informational update about Pertamina adjusting LPG prices based on market dynamics, without indicating significant financial performance impacts or explicit positive/negative outcomes."
Cek Harga BBM Hari Ini 15 Juli 2026 di SPBU Seluruh Indonesia,"Penulis
KOMPAS.com – Harga BBM hari ini, Rabu (15/7/2026), penting diketahui masyarakat sebelum mengisi bahan bakar kendaraan di SPBU Pertamina.
Memasuki pertengahan Juli 2026, harga BBM Pertamina hari ini masih mengacu pada daftar harga terbaru yang berlaku sejak 1 Juli 2026.
Pada awal bulan ini, PT Pertamina Patra Niaga melakukan penyesuaian harga sejumlah bahan bakar minyak (BBM) nonsubsidi.
Tiga jenis BBM tercatat mengalami penurunan harga, yakni Pertamax Turbo, Dexlite, dan Pertamina Dex.
Sementara itu, harga Pertamax dan Pertamax Green 95 tidak berubah. Demikian pula dengan BBM subsidi Pertalite dan Biosolar yang masih dipasarkan dengan harga sama.
Lantas, berapa harga bahan bakar minyak di Indonesia yang berlaku hari ini?
Sebelumnya, dijelaskan bahwa penyesuaian harga BBM nonsubsidi dilakukan melalui evaluasi berkala sesuai mekanisme dan regulasi yang berlaku.
Perubahan harga mempertimbangkan sejumlah faktor, antara lain pergerakan harga minyak mentah dunia, kondisi pasar energi, aspek fiskal, serta daya beli masyarakat.
Perlu dicatat, harga BBM non-subsidi Pertamina dapat berbeda di masing-masing wilayah Indonesia.
Perbedaan harga tersebut salah satunya dipengaruhi besaran Pajak Bahan Bakar Kendaraan Bermotor (PBBKB) yang ditetapkan pemerintah daerah.
KOMPAS.com/Nur Jamal Sha'id Ilustrasi SPBU Pertamina, harga BBM Pertamina terbaru, harga BBM hari ini.
Dilansir dari laman resmi Pertamina Patra Niaga, berikut rincian harga BBM hari ini yang berlaku di SPBU Pertamina di berbagai wilayah Indonesia per Rabu, 15 Juli 2026:
- Aceh, Sumatera Utara, Jambi, Bengkulu, Sumatera Selatan, Bangka Belitung, dan Lampung
- Sumatera Barat, Riau, dan Kepulauan Riau
- FTZ Sabang
- FTZ Batam",Kompas Money,Financial,2026-07-15,Neutral,"The article provides information about the current prices of non-subsidized fuel in Indonesia, which is purely informational and does not indicate any significant positive or negative financial impact."
Komposisi Utang Luar Negeri Indonesia: Dollar AS Masih Jadi Mata Uang Utama,"Penulis
JAKARTA, KOMPAS.com – Besaran utang luar negeri Indonesia menjadi salah satu indikator yang rutin dipantau pemerintah, pelaku pasar, maupun investor.
Namun, selain nominal utang, terdapat aspek lain yang tak kalah penting, yakni komposisi mata uang yang digunakan dalam pembiayaan tersebut.
Statistik Utang Luar Negeri Indonesia (SULNI) yang diterbitkan Bank Indonesia (BI) dan Kementerian Keuangan menunjukkan utang luar negeri Indonesia berasal dari berbagai mata uang.
SHUTTERSTOCK/BILLION PHOTOS Ilustrasi utang.
Meski demikian, dollar Amerika Serikat (AS) masih menjadi mata uang yang paling dominan digunakan dalam pembiayaan luar negeri Indonesia.
Berdasarkan data hingga Mei 2026, posisi utang luar negeri Indonesia mencapai 444,4 miliar dollar AS. Dari jumlah tersebut, sekitar 272,53 miliar dollar AS tercatat dalam denominasi dollar AS.
Angka tersebut setara dengan sekitar 61,4 persen dari total utang luar negeri Indonesia.
Dominasi dollar AS terlihat konsisten dalam beberapa tahun terakhir. Pada 2023, utang dalam denominasi dolar AS tercatat sebesar 269,69 miliar dollar AS, kemudian meningkat menjadi 272,29 miliar dollar AS pada 2024 dan kembali bertambah menjadi 272,53 miliar dollar AS pada Mei 2026.
Data tersebut menunjukkan bahwa meski Indonesia memperoleh pembiayaan dari berbagai negara dan lembaga internasional, mata uang yang paling banyak digunakan tetap dolar AS.
Setelah dollar AS, euro menjadi mata uang asing dengan nilai utang terbesar kedua.
UNSPLASH/IBRAHIM BORAN Ilustrasi mata uang euro.
Pada Mei 2026, posisi utang luar negeri Indonesia dalam denominasi euro mencapai 42,12 miliar dollar AS. Nilai tersebut meningkat dibandingkan posisi pada 2024 sebesar 29,19 miliar dollar AS.
Selama 2025 hingga Mei 2026, nilai utang dalam mata uang euro juga menunjukkan tren peningkatan bertahap.
Besarnya porsi euro menjadikan mata uang kawasan Eropa tersebut sebagai salah satu denominasi utama dalam struktur pembiayaan luar negeri Indonesia.
Di bawah euro terdapat yen Jepang.
Posisi utang dalam mata uang yen mencapai 18,08 miliar dollar AS pada Mei 2026. Nilai tersebut memang masih jauh lebih kecil dibandingkan dolar AS maupun euro, namun yen tetap menjadi salah satu mata uang utama dalam struktur utang luar negeri Indonesia.
Selain mata uang asing, SULNI juga mencatat adanya utang luar negeri dalam denominasi rupiah.
Hingga Mei 2026, nilai utang luar negeri yang menggunakan mata uang rupiah mencapai 82,01 miliar dollar AS.
Dalam metodologi SULNI dijelaskan, utang luar negeri dalam mata uang rupiah mencakup surat berharga domestik yang dimiliki bukan penduduk. Dengan demikian, kepemilikan instrumen domestik oleh investor asing juga tercermin dalam statistik utang luar negeri Indonesia.
Nilai utang dalam denominasi rupiah tersebut juga mengalami perubahan dalam beberapa tahun terakhir. Pada 2023 tercatat sebesar 68,46 miliar dollar AS, meningkat menjadi 82,13 miliar dollar AS pada 2024, dan berada di level 82,01 miliar dollar AS pada Mei 2026.",Kompas Money,Financial,2026-07-15,Neutral,The article provides statistical information about Indonesia's foreign debt composition without indicating positive or negative financial impact.
"Sepekan Melantai di BEI, Saham IPO Mulai Terbelah, Siapa Paling Cuan?","JAKARTA, KOMPAS.com - Euforia saham penawaran umum perdana (Initial Public Offering/IPO) mulai menunjukkan wajah yang berbeda saat ini, setelah kurang atau lebih sepekan melantai di pasar modal domestik.
Dari enam perusahaan yang mencatatkan saham perdana di Bursa Efek Indonesia (BEI), ada emiten yang masih melesat hingga 41 persen dari harga IPO , tetapi ada pula yang mulai tertekan dan terkoreksi seiring derasnya aksi ambil untung investor.
Keenam emiten tersebut terdiri atas PT Niramas Utama Tbk (JELI), PT Nitrasanata Dharma Tbk (JECX), PT Esa Medika Mandiri Tbk (EMMI), PT Bach Multi Global Tbk (BACH), PT Prodia Diagnostic Line Tbk (PRDL), dan PT RANS Entertainment Indonesia Tbk (RANS).
ANTARA FOTO/GALIH PRADIPTA Ilustrasi IHSG
Berdasarkan data BEI yang dihimpun Kompas.com per Rabu (15/7/2026), JELI menjadi saham yang mengalami tekanan paling besar hingga sesi satu perdagangan Selasa siang ini.
Saham produsen minuman dengan merek INACO itu ditutup melemah 7,37 persen ke level Rp 1.005, setelah sempat mencapai harga tertinggi Rp 1.135.
Meski demikian, secara tahun berjalan (YTD) atau sejak go publik di pasar per 7 Juli 2026, saham ini masih mencatat kenaikan 11,67 persen dibanding harga awal pencatatan.
Untuk diketahui, JELI menguat maksimal 25 persen ke area Rp 1.125 dari harga IPO Rp 900 per saham.
Saham ini juga bergerak tanpa koreksi dengan posisi open , high , low , dan close sama di posisi Rp 1.125.
Adapun, saham JECX bergerak lebih stabil.
Emiten sektor kesehatan tersebut ditutup menguat tipis 0,75 persen ke area Rp 1.335 saat penutupan sesi satu perdagangan siang ini.
PEXELS/ROMULO QUEIROZ Ilustrasi saham, pasar saham, bursa saham.
Kendati, masih terkoreksi 31,54 persen dalam sepekan, secara YTD saham JECX masih membukukan kenaikan 6,80 persen.
JECX melantai di bursa pada 7 Juli tahun ini, saat itu emiten operator jaringan rumah sakit dan klinik mata JEC Eye Hospitals & Clinics melesat 24,80 persen ke posisi Rp 1.560 dari harga IPO, yakni Rp 1.250 per saham.
Saat pembukaan perdagangan, saham JECX langsung terkunci ARA, Rp 1.560.
Pergerakan serupa ditunjukkan EMMI.
Saham perusahaan distributor alat kesehatan itu naik 0,43 persen ke posisi Rp 472.",Kompas Money,Financial,2026-07-15,Neutral,"The article provides an overview of the performance of newly listed IPO stocks on the BEI, highlighting both gains and declines. It is primarily informational without a clear positive or negative financial impact."
"Harga Emas Hari Ini 15 Juli 2026: Antam, Galeri 24 Pegadaian, dan UBS","Penulis
JAKARTA, KOMPAS.com – Harga emas hari ini, Rabu (15/7/2026), kembali menguat di pasar domestik setelah sempat melemah dalam dua hari perdagangan sebelumnya. Kenaikan terjadi pada harga emas Antam di Logam Mulia maupun produk emas yang dipasarkan Pegadaian.
Berdasarkan laman resmi Logam Mulia , Rabu (15/7/2026), harga emas Antam per gram naik Rp 20.000 menjadi Rp 2.635.000 dari sebelumnya Rp 2.615.000 per gram.
Sementara itu, harga buyback emas Antam juga meningkat Rp 30.000 menjadi Rp 2.382.000 per gram dari sebelumnya Rp 2.352.000 per gram.
Di sisi lain, harga emas Pegadaian pada pembaruan Rabu (15/7/2026) siang juga kompak mengalami kenaikan pada seluruh produk logam mulia yang dipasarkan.
Harga emas Galeri 24 ukuran 1 gram naik Rp 21.000 menjadi Rp 2.608.000 per gram dari sebelumnya Rp 2.587.000 per gram.
Sementara itu, harga emas Antam ukuran 1 gram di Pegadaian naik Rp 21.000 menjadi Rp 2.741.000 per gram dari sebelumnya Rp 2.720.000 per gram.
Adapun harga emas UBS ukuran 1 gram juga naik Rp 21.000 menjadi Rp 2.620.000 per gram dari sebelumnya Rp 2.599.000 per gram.
Selain harga jual, harga buyback emas di Pegadaian juga mengalami kenaikan. Untuk ukuran 1 gram, harga buyback emas Galeri 24 naik Rp 21.000 menjadi Rp 2.446.000 per gram dari sebelumnya Rp 2.425.000 per gram.
Sementara itu, harga buyback emas Antam dan UBS ukuran 1 gram masing-masing naik Rp 20.000 menjadi Rp 2.438.000 per gram dari sebelumnya Rp 2.418.000 per gram.
ANTARA/GALIH PRADIPTA Emas Natam
Berikut perincian harga emas Antam Logam Mulia, Galeri 24, Antam Pegadaian, dan UBS per Rabu (15/7/2026).
Di pasar global, harga emas dunia menguat pada akhir perdagangan Rabu (15/7/2026) pagi WIB. Kenaikan harga emas didorong data inflasi Amerika Serikat (AS) yang lebih rendah dari perkiraan, sehingga meningkatkan harapan pasar terhadap kebijakan moneter yang lebih longgar dari Federal Reserve (The Fed).
Mengutip Reuters, harga emas di pasar spot naik 1,6 persen menjadi 4.063,78 dollar AS per ons, setelah sebelumnya sempat menyentuh level terendah sejak 1 Juli pada awal sesi perdagangan.
Sementara itu, harga kontrak emas berjangka AS juga naik 1,6 persen menjadi 4.069,70 dollar AS per ons.
Penguatan harga emas turut didukung pelemahan indeks dollar AS sebesar 0,6 persen. Kondisi tersebut membuat emas menjadi lebih murah bagi investor yang memegang mata uang lain sehingga meningkatkan permintaan terhadap logam mulia.
""Emas melesat lebih tinggi setelah laporan indeks harga konsumen yang jauh lebih lemah dari perkiraan. Inflasi utama turun, tetapi yang lebih penting inflasi inti tidak berubah dibandingkan perkiraan kenaikan 0,2 persen,"" ujar pedagang logam independen, Tai Wong.",Kompas Money,Financial,2026-07-15,Neutral,"The article provides a detailed report on the price increases of various gold products in the domestic market and global gold prices, but does not indicate a clear positive or negative financial impact on companies or the economy."
"Pangsa Bank Syariah Masih 8 Persen, BSI Perluas Jangkauan ke Semua Segmen","JAKARTA, KOMPAS.com - PT Bank Syariah Indonesia (Persero) Tbk (BSI) mengandalkan transformasi layanan untuk memperluas basis nasabah dari berbagai segmen masyarakat.
Senior Executive Vice President (SEVP) Operations BSI Ana Nurul Khayati mengatakan, persaingan industri perbankan kini tidak lagi hanya ditentukan oleh produk. Pengalaman yang dirasakan nasabah menjadi faktor utama.
""Bagaimana Bank Syariah bisa hadir tapi juga menjadi pilihan Utama masyarakat. Inilah yang terus kami pelajari dan meyakini persaingan kini bukan lagi sekadar tentang produk, melainkan tentang pengalaman pelanggan,"" ujar Ana dalam keterangan resmi, Selasa (14/7/2026).
Menurut Ana, peluang pertumbuhan perbankan syariah di Indonesia masih besar. Indonesia memiliki sekitar 231 juta penduduk Muslim, tetapi pangsa pasar perbankan syariah nasional masih berada di kisaran 8 persen hingga 9 persen.
Kondisi tersebut mendorong BSI memperkuat layanan agar mampu menjangkau masyarakat dari berbagai kalangan.
Strategi itu tercermin dari pertumbuhan jumlah nasabah BSI. Hingga Maret 2026, jumlah nasabah perseroan mencapai 24 juta orang.
Ana mengatakan, profil nasabah BSI kini semakin beragam. Hal ini menunjukkan layanan perbankan syariah semakin diterima oleh berbagai segmen masyarakat.
BSI juga memperkuat layanan yang mengedepankan inklusivitas, termasuk bagi penyandang disabilitas.
Seluruh kantor cabang BSI kini dilengkapi berbagai fasilitas, seperti jalur landai permanen maupun portabel, toilet difabel, area parkir khusus, kartu antrean, ruang tunggu, kursi roda, serta penanda lantai bagi penyandang disabilitas.
Menurut Ana, BSI kini tidak hanya bersaing dengan bank syariah, tetapi juga dengan bank bank besar nasional dalam menarik dan mempertahankan nasabah.
""Masa depan perbankan syariah bukan sekadar tentang tampil berbeda, melainkan tentang menjadi relevan. Ketika layanan kita mampu membuat setiap orang merasa dihargai, dipahami, dan dimudahkan, maka kita tidak lagi hanya menjadi pilihan bagi nasabah syariah. Kita menjadi bank pilihan bagi seluruh masyarakat Indonesia,"" tuturnya.",Kompas Money,Financial,2026-07-15,Positive,"BSI is expanding its reach to all segments, increasing customer base, and improving services, indicating growth and positive outlook."
"Update Harga Emas Pegadaian 15 Juli 2026, Antam Naik Rp 21.000","Penulis
JAKARTA, KOMPAS.com – Harga emas hari ini, Rabu (15/7/2026) siang, di Pegadaian kembali mengalami kenaikan.
Berdasarkan data terbaru Pegadaian, harga emas Galeri 24 ukuran 1 gram naik Rp 21.000 menjadi Rp 2.608.000 per gram dari sebelumnya Rp 2.587.000 per gram.
Sementara itu, harga emas Antam ukuran 1 gram naik Rp 21.000 menjadi Rp 2.741.000 per gram dari sebelumnya Rp 2.720.000 per gram.
Adapun harga emas UBS ukuran 1 gram juga naik Rp 21.000 menjadi Rp 2.620.000 per gram dari sebelumnya Rp 2.599.000 per gram.
Selain harga jual, harga buyback atau pembelian kembali emas di Pegadaian juga mengalami kenaikan. Untuk ukuran 1 gram, harga buyback emas Galeri 24 naik Rp 21.000 menjadi Rp 2.446.000 per gram dari sebelumnya Rp 2.425.000 per gram.
Sementara itu, harga buyback emas Antam dan UBS ukuran 1 gram juga naik Rp 20.000 menjadi Rp 2.438.000 per gram dari sebelumnya Rp 2.418.000 per gram.
Produk logam mulia yang dipasarkan Pegadaian tersedia dalam berbagai ukuran. Emas Galeri 24 dijual mulai ukuran 0,5 gram hingga 1 kilogram, UBS tersedia mulai 0,5 gram hingga 500 gram, sedangkan emas Antam dipasarkan hingga ukuran 100 gram.
Berikut update harga emas Pegadaian berdasarkan pembaruan terbaru pada Rabu (15/7/2026) siang, untuk produk Galeri 24, Antam, dan UBS.
Harga emas hari ini, Sabtu (25/4/2026) siang, di Pegadaian terpantau kompak mengalami kenaikan pada sejumlah produk logam mulia yang dipasarkan.
Berikut rincian harga buyback emas Pegadaian berdasarkan pembaruan terbaru pada Rabu (15/7/2026).
Demikian update harga emas Pegadaian terbaru pada pembaruan siang, Rabu (15/7/2026). Harga emas dapat berubah sewaktu-waktu mengikuti pergerakan harga emas dunia, nilai tukar rupiah, serta kebijakan yang ditetapkan Pegadaian.",Kompas Money,Financial,2026-07-15,Neutral,The article provides an informational update on gold price changes at Pegadaian without indicating direct financial performance impacts on the company or broader economy.
"S&P Pertahankan Rating Indonesia, IHSG Menguat tapi Risiko Belum Hilang","JAKARTA, KOMPAS.com - Pengumuman Standar and Poor's (S&P) Global Ratings menjadi salah satu sinyal yang memberikan arahan yang paling jelas sejak awal tahun.
Awal pekan ini, S&P Global Ratings mengumumkan peringkat kredit negara ( sovereign rating ) Indonesia dipertahankan di BBB dengan outlook Stable .
Berdasarkan data pasar, sejak pengumuman tersebut Indeks Harga Saham Gabungan ( IHSG ) terus menunjukkan tren positif dan bertahan di atas level psikologis 6.000.
KOMPAS.com/GARRY LOTULUNG Ilustrasi IHSG.
Riset dari PT Henan Putihrai Sekuritas dan PT Henan Putihrai Asset Management menunjukkan, konsekuensi reaktif yang terlihat pada pasar modal juga merupakan tren paling positif yang terlihat sejauh ini.
Namun demikian, sentimen positif ini bukan berarti tekanan struktural sudah selesai, masih terdapat beberapa sinyal yang akan datang dan patut diperhatikan.
""MSCI yang memberlakukan probasi hingga November, S&P DJI yang menaruh pasar modal dalam watchlist , maupun FTSE Annual Review yang akan datang pada Oktober, masih menjadi tenggat yang harus dilewati,"" tulis riset tersebut, Rabu (15/7/2026).
Di sisi lain, terdapat perbedaan antara pengumuman S&P Global Ratings dan penyedia indeks.
S&P Global Ratings menilai kemampuan dan kemauan pemerintah untuk mengelola kondisi fiskal dan moneter.
Sementara itu, penyedia indeks seperti MSCI, FTSE Russell, dan S&P DJI menilai aksesibilitas pasar modal
Kenaikan IHSG saat ini masih ditopang likuiditas domestik, bukan kembalinya modal asing.
PEXELS/ROMULO QUEIROZ Ilustrasi saham, pasar saham, bursa saham.
Awal pekan ini, setelah S&P Global Ratings mengeluarkan pengumumannya, IHSG memang menguat, tetapi pada hari yang sama nilai tukar rupiah belum beranjak dari kisaran Rp 18.131 per dollar AS.
Padahal pemulihan yang sehat biasanya dimulai dari rupiah yang stabil, disusul arah kebijakan BI rate yang mendukung kembalinya modal asing.
""Selama rupiah belum stabil dan arus asing belum benar-benar kembali, penguatan ini masih rentan kehilangan momentum,"" tulis riset tersebut.
Kerentanan ini sejalan dengan pengingat dari S&P bahwa laju perubahan kebijakan dan ketidakpastian implementasi dapat memengaruhi kepercayaan investor serta membebani nilai tukar dan pasar keuangan.
Perbedaan itu penting untuk dipahami investor dalam memosisikan diri.",Kompas Money,Financial,2026-07-15,Neutral,"The article discusses the S&P maintaining Indonesia's rating and the IHSG's positive trend, but also highlights ongoing risks and structural pressures. It provides a balanced view without clear positive or negative financial impact."
"Daftar Harga LPG 12 Kg dan 5,5 Kg Terbaru Juli 2026 di Semua Provinsi","Penulis
JAKARTA, KOMPAS.com – Harga Liquefied Petroleum Gas (LPG) nonsubsidi atau Bright Gas ukuran 5,5 kilogram (kg) dan 12 kg mengalami perubahan di seluruh Indonesia.
Berdasarkan informasi resmi Pertamina, pembaruan harga LPGS nonsubsidi terbaru mulai berlaku pada 14 Juli 2026. Harga tersebut merupakan harga jual ex-agen yang sudah termasuk margin agen, PPN, dan PPh sesuai ketentuan yang berlaku.
Penyesuaian harga LPG nonsubsidi dilakukan melalui evaluasi berkala dengan mempertimbangkan dinamika pasar dan mekanisme yang berlaku.
""Penyesuaian harga Bright Gas dilakukan melalui evaluasi secara berkala dengan mempertimbangkan berbagai faktor yang memengaruhi kondisi pasar, serta tetap mengacu pada mekanisme yang berlaku,"" ujar Vice President Corporate Communication Pertamina Patra Niaga Kitty Andhora dalam keterangannya.
Meski demikian, harga Bright Gas di setiap daerah tetap berbeda sesuai wilayah distribusi.
Dikutip dari laman resmi mypertamina.id, Kamis (15/7/2026), berikut daftar harga resmi Bright Gas 5,5 kg dan Bright Gas 12 kg di berbagai provinsi di Indonesia.
Pertamina resmi menaikkan harga LPG nonsubsidi. Berikut rincian terbaru Bright Gas 12 kg dan 5,5 kg di berbagai provinsi.
Pertamina menjelaskan, harga yang tercantum merupakan harga jual ex-agen yang berlaku untuk wilayah dengan radius maksimal 60 kilometer dari SPBE.
Untuk lokasi yang berada di luar radius tersebut, harga dapat bertambah sesuai biaya distribusi yang dikenakan secara wajar.
Selain itu, harga jual Bright Gas sudah mencakup margin agen, Pajak Pertambahan Nilai (PPN), serta Pajak Penghasilan (PPh) sesuai ketentuan yang berlaku.
Perlu diketahui pula, hingga saat ini belum tersedia SPBE untuk distribusi Bright Gas di sejumlah wilayah, yakni Nusa Tenggara Timur, Sulawesi Barat, Maluku Utara, Papua Barat, Papua Selatan, Papua Pegunungan, Papua Tengah, dan Papua Barat Daya.",Kompas Money,Financial,2026-07-15,Neutral,"The article provides information about the price changes of non-subsidized LPG in Indonesia, but it does not indicate any direct positive or negative financial impact on the company or the economy."
"51 Saham dengan Konsentrasi Kepemilikan Tinggi, Ini Daftar Lengkapnya","JAKARTA, KOMPAS.com - Jumlah saham yang masuk dalam daftar high shareholding concentration (HSC) atau konsentrasi kepemilikan tinggi kini mencapai 51 emiten, setelah PT Bursa Efek Indonesia (BEI) menambahkan 37 saham baru ke dalam daftar tersebut.
Penambahan itu dilakukan setelah BEI memasukkan price impact ratio sebagai indikator baru dalam metodologi penentuan saham HSC .
Direktur Utama BEI Jeffrey Hendrik mengatakan, saham yang memenuhi kriteria HSC berdasarkan metodologi terbaru, termasuk indikator price impact ratio , tidak serta-merta menunjukkan adanya pelanggaran terhadap ketentuan pasar modal.
Masuknya suatu saham ke dalam daftar HSC juga tidak otomatis membuat emiten dikenai sanksi maupun perlakuan khusus. Menurut Jeffrey, daftar tersebut merupakan bagian dari upaya BEI meningkatkan transparansi serta memperkuat pengawasan terhadap kualitas perdagangan saham.
“Saham-saham yang memenuhi kriteria high shareholding concentration tentu sama seperti sebelumnya bahwa ini tentu tidak otomatis menunjukkan adanya pelanggaran atas ketentuan dan peraturan di bursa atau di pasar modal,” ujar Jeffrey dalam konferensi pers di Gedung BEI, Selasa (14/7/2026).
PT Maha Properti Indonesia Tbk (MPRO) menjadi emiten dengan tingkat konsentrasi kepemilikan tertinggi, yakni 99,99 persen.
Posisi berikutnya ditempati PT DCI Indonesia Tbk (DCII) 99,96 persen, PT Pradiksi Gunatama Tbk (PGUN) 99,95 persen, PT Golden Flower Tbk (POLU) 99,94 persen, PT Soho Global Health Tbk (SOHO) 99,93 persen, PT Bank Permata Tbk (BNLI) 99,92 persen, dan PT Yupi Indo Jelly Gum Tbk (YUPI) 99,91 persen.
Selain itu, sejumlah emiten lain juga memiliki konsentrasi kepemilikan di atas 99 persen, yakni PT Rockfields Properti Indonesia Tbk (ROCK) 99,85 persen, PT Famon Awal Bros Sedaya Tbk (PRAY) 99,84 persen, PT Bank SMBC Indonesia Tbk (BTPN) 99,78 persen, PT FAP Agri Tbk (FAPA) 99,77 persen.
Lalu, PT Ifishdeco Tbk (IFSH) 99,77 persen, PT Sinar Mas Agro Resources and Technology Tbk (SMAR) 99,58 persen, PT Multipolar Technology Tbk (MLPT) 99,42 persen, PT Cemindo Gemilang Tbk (CMNT) 99,41 persen, PT Golden Energy Mines Tbk (GEMS) 99,24 persen, PT MSIG Life Insurance Indonesia Tbk (LIFE) 99,21 persen, serta PT Bank Maybank Indonesia Tbk (BNII) 99,14 persen.
Pada kelompok konsentrasi kepemilikan 98 persen hingga 99 persen, terdapat PT Pelayaran Nasional Ekalya Purnamasari Tbk (ELPI) dengan konsentrasi 98,90 persen, PT Prima Andalan Mandiri Tbk (MCOL) 98,62 persen, PT Bayan Resources Tbk (BYAN) 98,50 persen, PT Hoffmen Cleanindo Tbk (KING) 98,40 persen, PT Satria Mega Kencana Tbk (SOTS) 98,35 persen, PT Indoritel Makmur Internasional Tbk (DNET) 98,06 persen, dan PT Jaya Sukses Makmur Sentosa Tbk (RISE) 98,03 persen.
Sementara itu, emiten dengan tingkat konsentrasi kepemilikan pada kisaran 97 persen meliputi PT Samator Indo Gas Tbk (AGII) 97,75 persen, PT Ancara Logistics Indonesia Tbk (ALII) 97,62 persen, PT Delta Giri Wacana Tbk (DGWG) 97,35 persen, PT Barito Renewables Energy Tbk (BREN) 97,31 persen, PT Sejahteraraya Anugrahjaya Tbk (SRAJ) 97,21 persen, PT Metropolitan Kentjana Tbk (MKPI) 97,02 persen, serta PT Siloam International Hospitals Tbk (SILO) dengan konsentrasi kepemilikan 96,70 persen.
Daftar HSC juga mencakup PT Citra Marga Nusaphala Persada Tbk (CMNP) dengan konsentrasi 96,64 persen, PT Habco Trans Maritima Tbk (HATM) 96,09 persen, PT Panca Anugrah Wisesa Tbk (MGLV) 95,94 persen, PT BSA Logistics Indonesia Tbk (WBSA) 95,82 persen.
PT Dian Swastatika Sentosa Tbk (DSSA) 95,76 persen, PT Bank Mega Tbk (MEGA) 95,68 persen, PT Ekamas Mora Republik Tbk (MORA) 95,65 persen, PT Abadi Lestari Indonesia Tbk (RLCO) 95,35 persen, PT Perdana Bangun Pusaka Tbk (KONI) 95,08 persen, dan PT Hotel Fitra International Tbk (FITT) 95,00 persen.
Adapun kelompok emiten dengan konsentrasi kepemilikan di bawah 95 persen terdiri dari PT Siantar Top Tbk (STTP) 94,95 persen, PT Bank Ina Perdana Tbk (BINA) 94,79 persen, PT Kota Satu Properti Tbk (SATU) 94,27 persen, PT Transcoal Pacific Tbk (TCPI) 94,10 persen.
PT Global Digital Niaga Tbk (BELI) 93,83 persen, PT Mahkota Group Tbk (MGRO) 93,76 persen, PT MD Entertainment Tbk (FILM) 92,98 persen, dan PT Allo Bank Indonesia Tbk (BBHI) yang menjadi emiten dengan tingkat konsentrasi kepemilikan terendah dalam daftar HSC, yakni 92,71 persen.
BEI mencatat masih terdapat sejumlah emiten yang menggunakan data kepemilikan per 31 Maret 2026, yakni PT Samator Indo Gas Tbk (AGII), PT Barito Renewables Energy Tbk (BREN), PT Dian Swastatika Sentosa Tbk (DSSA), PT Ifishdeco Tbk (IFSH), PT Panca Anugrah Wisesa Tbk (MGLV), PT Rockfields Properti Indonesia Tbk (ROCK), dan PT Satria Mega Kencana Tbk (SOTS).
Sementara itu, PT Kota Satu Properti Tbk (SATU) menggunakan data kepemilikan per 29 Maret 2026, PT Transcoal Pacific Tbk (TCPI) menggunakan data 25 Mei 2026, dan PT BSA Logistics Indonesia Tbk (WBSA) menggunakan data 7 Mei 2026.
Adapun mayoritas emiten lainnya menggunakan data kepemilikan per 30 Juni 2026 yang dilaporkan pada 14 Juli 2026.
Disclaimer: Artikel ini tidak bertujuan mengajak membeli atau menjual saham. Keputusan investasi menjadi tanggung jawab investor. Pastikan melakukan riset mandiri sebelum menentukan pilihan.",Kompas Money,Financial,2026-07-15,Neutral,"The article provides an informational update on the list of high shareholding concentration (HSC) stocks in Indonesia, detailing the number of companies and their ownership percentages. It does not indicate positive or negative financial impacts, focusing instead on regulatory transparency and market oversight."
"Blibli Group Buka Lowongan Kerja Juli 2026, Lulusan SMA/SMK dan Fresh Graduate Bisa Daftar","Penulis
KOMPAS.com - Blibli Group kembali membuka peluang karier melalui lowongan kerja terbaru Juli 2026.
Lowongan kerja Blibli 2026 ini terbuka bagi lulusan baru atau fresh graduate hingga tenaga profesional yang ingin berkarier di industri e-commerce .
Sejumlah posisi tersedia untuk berbagai bidang pekerjaan, mulai dari bisnis dan kemitraan, operasional toko, penjualan, hingga sumber daya manusia (SDM). Penempatan kerja juga tersedia di beberapa wilayah di Indonesia.
Sebagai perusahaan yang bergerak di sektor e-commerce, Blibli membuka kesempatan bagi kandidat dengan beragam latar belakang pendidikan dan pengalaman. Bahkan, terdapat posisi yang dapat dilamar lulusan SMA/SMK maupun fresh graduate.
Bagi pencari kerja yang tertarik bergabung, penting untuk mencermati persyaratan pada setiap posisi sebelum mengirimkan lamaran.
Mengacu pada laman karier perusahaan, berikut daftar lowongan kerja Blibli Group Juli 2026 beserta kualifikasinya.
Posisi Business Commercial & Partnership berfokus pada pengembangan kemitraan bisnis, pengelolaan merchant, serta pencarian peluang baru untuk mendorong pertumbuhan dan meningkatkan efektivitas operasional.
Kualifikasi:
Laman resmi https://careers.blibli.com/ Tangkapan layar laman resmi lowongan kerja Blibli Group 2026. Lowongan kerja Blibli 2026. Loker Blibli 2026. Lowongan kerja.
Store Maintenance Manager bertanggung jawab memastikan fasilitas toko tetap berfungsi secara optimal. Kandidat terpilih akan menangani pemeliharaan gedung sekaligus berkoordinasi dengan vendor dan tim internal.
Kualifikasi:
Peluang kerja juga tersedia bagi kandidat yang tertarik mengembangkan karier di bidang penjualan dan pelayanan pelanggan. Posisi Sales Associate dapat dilamar oleh lulusan SMA/SMK.
Kualifikasi:
Posisi Key Account (Store Management) memiliki peran dalam menjaga hubungan dengan mitra bisnis sekaligus mendukung kelancaran operasional toko.
Menariknya, posisi ini terbuka bagi fresh graduate maupun kandidat yang baru memiliki pengalaman kerja.
Kualifikasi:
SHUTTERSTOCK/RAFAPRESS Ilustrasi platform e-commerce Blibli. Lowongan kerja Blibli Group 2026. Lowongan kerja Blibli 2026.",Kompas Money,Financial,2026-07-15,Neutral,"The article is purely informational about job openings at Blibli Group, without indicating positive or negative financial impact."
Purbaya Tegaskan Kebijakan Pajak JHT Ada di Tangan Pemerintah,"JAKARTA, KOMPAS.com - Menteri Keuangan (Menkeu) Purbaya Yudhi Sadewa menegaskan keputusan mengenai kebijakan pajak Jaminan Hari Tua (JHT) sepenuhnya berada di tangan pemerintah, bukan BPJS Ketenagakerjaan.
Pernyataan itu disampaikan Purbaya menanggapi pernyataan Presiden Konfederasi Serikat Pekerja Indonesia (KSPI) sekaligus Penasihat Khusus Presiden Bidang Ketenagakerjaan dan Kesejahteraan Buruh, Said Iqbal, yang mengeklaim Direktur Utama BPJS Ketenagakerjaan mendukung usulan penghapusan pajak JHT atau tarif nol persen.
Purbaya mengatakan pemerintah masih menunggu usulan resmi sebelum mengambil keputusan.
Dok. Freepik Ilustrasi pajak.
""Kita tunggu proposalnya dari mereka (BPJS Ketenagakerjaan). Kok dia setuju? Kan saya yang pajak, pajak saya,"" kata Purbaya kepada Kompas.com ditemui di Kantor Koordinator Bidang Pembangunan Manusia dan Kebudayaan (Menko PMK) Jakarta, Rabu (15/7/2026).
Purbaya menegaskan kembali bahwa terkait perpajakan bukan menjadi kewenangan BPJS.
""Enggak ada urusan sama dia (BPJS Ketenagakerjaan). Saya yang menentukan, dia enggak berhak. Karena kita sedang mempelajari. Kalau BPJS setuju ya biarkan saja dia setuju. Tapi kan bukan wewenang dia, kan? Pajak kan di saya,"" ujarnya.
Purbaya menambahkan pemerintah juga akan memanggil BPJS Ketenagakerjaan untuk membahas data yang menjadi dasar usulan penghapusan pajak JHT .
""Kita panggil BPJS-nya,"" katanya.
Sebelumnya, Penasihat Khusus Presiden Bidang Ketenagakerjaan dan Kesejahteraan Buruh, Said Iqbal, mengatakan, BPJS Ketenagakerjaan mendukung usulan penerapan pajak nol persen untuk manfaat Jaminan Hari Tua (JHT).
Kompas.com/ Febryan Kevin Penasihat Khusus Presiden Bidang Ketenagakerjaan dan Kesejahteraan Buruh, Said Iqbal usai melakukan pertemuan dengan Direktur BPJS Ketenagakerjaan, Selasa (14/7/2026)
Dukungan tersebut disampaikan dalam pertemuan Said dengan Direktur Utama BPJS Ketenagakerjaan beserta jajaran direksi di Plaza BPJamsostek, Jakarta, Selasa (14/7/2026).
Pertemuan itu merupakan tindak lanjut dari pembahasan sebelumnya dengan Menteri Keuangan Purbaya Yudhi Sadewa terkait usulan perubahan skema pajak JHT.
Dalam pertemuan tersebut, Said juga mempertanyakan alasan manfaat JHT dikenai pajak atas pokok tabungan dengan tarif progresif, sementara tabungan perbankan hanya dikenai pajak atas bunga.
Menurut Said, Kementerian Keuangan saat ini masih mengkaji usulan perubahan kebijakan tersebut, termasuk penghapusan tarif pajak JHT menjadi nol persen.
""Kami sampaikan kepada Bapak Direktur Utama BPJS Ketenagakerjaan. Pada prinsipnya, terhadap pajak nol persen JHT, beliau setuju, BPJS bisa mendukung. Ya, pajak nol persen karena ini asas keadilan,"" ungkap Said Iqbal kepada wartawan di Plaza BPJamsostek, Selasa.",Kompas Money,Financial,2026-07-15,Neutral,"The article discusses a government official's statement regarding tax policy for JHT, which is an informational update without clear positive or negative financial impact."
IDSurvey Gandeng Danantara IM Percepat Pengembangan Sistem Pengolahan Sampah Terintegrasi,"JAKARTA, KOMPAS.com – PT Inspeksi Sertifikasi dan Survey Indonesia (Persero) atau IDSurvey menggandeng PT Danantara Investment Management (DIM) untuk mempercepat pengembangan sistem pengolahan sampah terintegrasi di Indonesia.
Direktur Investasi Danantara Investment Management Fadli Rahman mengatakan, kolaborasi ini diarahkan untuk memperkuat tata kelola proyek, meningkatkan daya tarik investasi, serta mendukung pengembangan ekonomi sirkular dan transisi energi nasional.
Direktur Utama IDSurvey Ari Sudono mengatakan, pengelolaan sampah kini menjadi tantangan strategis yang membutuhkan sinergi berbagai pihak, mulai dari pemerintah, investor, hingga lembaga yang mampu menjamin kualitas dan kepatuhan proyek.
""Transformasi pengelolaan sampah tidak hanya berfokus pada penanganan limbah, tetapi juga bagaimana menciptakan nilai tambah melalui pemanfaatan teknologi, penerapan prinsip keberlanjutan, dan penguatan tata kelola,” kata Ari dalam keterangannya, Selasa (14/7/2026).
“Melalui kerja sama ini, IDSurvey siap menjadi strategic assurance partner dalam mendukung pengembangan sistem pengolahan sampah terintegrasi yang andal, aman, efisien, serta memenuhi standar nasional maupun internasional,"" lanjut Ari.
Ia menjelaskan, pengembangan sistem pengolahan sampah terintegrasi memerlukan pendekatan yang menyeluruh karena mencakup aspek teknis, lingkungan, sosial, investasi, hingga kepatuhan terhadap regulasi.
Karena itu, keberadaan lembaga independen yang mampu memberikan layanan assurance dinilai penting untuk meningkatkan kepercayaan pemangku kepentingan sekaligus mempercepat realisasi proyek.
Dalam kerja sama ini, IDSurvey akan menyediakan layanan Testing, Inspection, Certification, Consultation, Classification, Statutory, Verification, dan Training ( TIC Services ) yang mendukung seluruh siklus proyek, mulai dari studi kelayakan, konstruksi, operasional, hingga tahap pascaoperasi.
Layanan tersebut mencakup inspeksi dan pengujian fasilitas, sertifikasi instalasi, verifikasi Tingkat Komponen Dalam Negeri (TKDN), analisis dampak lingkungan, penilaian risiko, konsultasi teknis, hingga peningkatan kompetensi sumber daya manusia di bidang pengelolaan sampah dan energi terbarukan.
Sementara itu, Direktur Investasi PT Danantara Investment Management Fadli Rahman menilai, pengembangan infrastruktur pengolahan sampah memerlukan kombinasi antara investasi yang berkelanjutan, tata kelola yang baik, dan kesiapan proyek yang matang.
""Pengelolaan sampah merupakan salah satu tantangan sekaligus peluang strategis dalam pembangunan berkelanjutan,” ujar Fadli.
“Kerjasama ini diharapkan dapat memperkuat aspek kualitas, kepatuhan, dan keberlanjutan proyek melalui dukungan assurance yang komprehensif, sehingga mampu meningkatkan daya tarik investasi dan mempercepat implementasi berbagai solusi pengelolaan sampah modern di Indonesia.",Kompas Money,Financial,2026-07-15,Positive,"The collaboration between IDSurvey and Danantara Investment Management aims to accelerate integrated waste management development, attract investment, enhance governance, and support circular economy and energy transition, indicating strategic growth and positive economic impact."
"Bansos PKH-BPNT Tahap 3 2026 Segera Cair, Cek Penerimanya Pakai NIK KTP","Penulis
KOMPAS.com – Kementerian Sosial Republik Indonesia (Kemensos) terus menyalurkan bantuan sosial (bansos) kepada keluarga penerima manfaat (KPM) yang terdaftar dalam Data Tunggal Sosial dan Ekonomi Nasional (DTSEN).
Saat ini, penyaluran bantuan memasuki triwulan III-2026. Ada sejumlah bansos tahap 3 2026 yang dicairkan, di antaranya Program Keluarga Harapan ( PKH ) dan Bantuan Pangan Non Tunai ( BPNT ).
Penyaluran bansos PKH-BPNT tahap 3 mencakup periode Juli, Agustus, dan September 2026. Tak heran, informasi mengenai bansos PKH-BPNT tahap 3 2026 kapan cair mulai banyak dicari masyarakat.
Kemensos menargetkan proses penyaluran bantuan untuk periode Juli-September 2026 mulai berjalan pada 20 Juli mendatang.
""Mudah-mudahan tanggal 20 Juli sudah mulai penyaluran,"" ujar Saifullah Yusuf, dikutip dari KompasTV, Kamis (9/7/2026).
Pada tahap ketiga ini, bansos ditargetkan menjangkau lebih dari 18 juta penerima manfaat yang tersebar di berbagai wilayah Indonesia.
""Jadi kita mau penyaluran bansos untuk kuartal ketiga bagi lebih dari 18 juta penerima manfaat, baik itu PKH maupun Bantuan Pangan Non Tunai (BPNT),"" katanya.
Lantas, bagaimana cara cek penerima bansos Juli 2026?
KOMPAS.com/MELA ARNANI Tangkapan layar hasil pencarian cek bansos di laman resmi cekbansos.kemensos.go.id. Cara cek bansos 2026. Cek bansos Kemensos. Cara cek PKH BPNT Juli 2026. Cara cek PKH. Cara cek BPNT.
Daftar penerima bansos untuk periode Juli-September 2026 tidak sepenuhnya sama dengan tahap sebelumnya. Kemensos melakukan pembaruan data dengan menyesuaikan kondisi terbaru calon penerima.
Perubahan daftar penerima dapat terjadi karena sejumlah faktor, mulai dari KPM yang meninggal dunia, pindah domisili, hingga kondisi ekonomi keluarga yang mengalami peningkatan sehingga tidak lagi memenuhi kriteria penerima bantuan.
Di sisi lain, masyarakat yang sebelumnya belum menerima bansos juga berpeluang masuk dalam daftar penerima apabila dinilai memenuhi persyaratan berdasarkan hasil pemutakhiran data.
""Pasti ada perubahan penerima, ada yang meninggal, ada yang pindah tempat, ada yang naik kelas, ada yang turun kelas, ada yang baru, yang lama masih tetap penerima, tapi sebagian yang lama sudah tidak terima lagi,"" tutur Saifullah Yusuf.
Kementerian Sosial Republik Indonesia bersama instansi terkait terus melakukan pembaruan data penerima.
Langkah ini dilakukan agar bantuan pemerintah dapat disalurkan kepada masyarakat yang sesuai dengan kriteria.
Masyarakat pun dapat mengecek secara mandiri apakah namanya tercatat sebagai penerima PKH atau BPNT tahap 3 tahun 2026.",Kompas Money,Financial,2026-07-15,Neutral,"The article provides informational content about the release schedule and eligibility checks for social assistance programs (PKH and BPNT) in Indonesia, without indicating direct financial performance impacts or positive/negative economic indicators."
"Utang Luar Negeri RI Naik Jadi 444,4 Miliar Dollar AS Pada Mei 2026","JAKARTA, KOMPAS.com - Bank Indonesia (BI) mencatat posisi Utang Luar Negeri (ULN) Indonesia meningkat pada Mei 2026. Demikian juga dari sisi pertumbuhannya sedikit lebih tinggi dari bulan sebelumnya.
BI mencatat posisi ULN RI pada Mei 2026 sebesar 444,4 miliar dollar AS atau setara Rp 8.043,64 triliun pada Mei 2026. Angka tersebut meningkat jika dibandingkan bulan sebelumnya sebesar 439,8 miliar dollar AS.
Kepala Departemen Komunikasi BI Ramdan Denny Prakoso mengatakan, secara tahunan pertumbuhan ULN Indonesia pada Mei 2026 mencapai 2,1 persen ( year on year /yoy), lebih tinggi dibandingkan pertumbuhan pada April 2026 yang sebesar 2 persen.
Perkembangan tersebut dipengaruhi pertumbuhan ULN publik, baik pemerintah maupun bank sentral, di tengah kontraksi pertumbuhan ULN swasta yang lebih rendah.
""Posisi Utang Luar Negeri Indonesia pada Mei 2026 tetap terjaga,"" ujar Ramdan dalam keterangannya, Rabu (17/6/2026).
Secara lebih perinci, posisi ULN Indonesia dibentuk ULN pemerintah sebesar 217,3 miliar dollar AS.
Meski secara nominal meningkat dibandingkan bulan sebelumnya, namun pertumbuhan ULN pemerintah yang sebesar 3,7 persen, stagnan dibandingkan April 2026.
""Perkembangan ULN pemerintah tersebut terutama dipengaruhi oleh aliran masuk pada Surat Berharga Negara (SBN) internasional, yang mencerminkan kepercayaan investor terhadap prospek perekonomian Indonesia yang terjaga, di tengah pembayaran neto pinjaman luar negeri pemerintah yang jatuh tempo,"" kata Denny.
Adapun utang luar negeri pemerintah tetap didominasi utang tenor jangka panjang. Denny bilang, hampir seluruh ULN pemerintah merupakan utang jangka panjang
ULN pemerintah dimanfaatkan untuk mendukung sektor jasa kesehatan dan kegiatan sosial sebesar 22 persen dari total ULN pemerintah, administrasi pemerintah, pertahanan, dan jaminan sosial wajib sebesar 20,6 persen, jasa pendidikan sebesar 16,2 persen, konstruksi sebesar 11,5 persen, serta transportasi dan pergudangan sebesar 8,5 persen.
""Sebagai salah satu komponen dalam instrumen pembiayaan Anggaran Pendapatan dan Belanja Negara (APBN), pemanfaatan ULN terus diarahkan untuk mendukung pembiayaan sektor produktif dengan tetap memperhatikan aspek sustainabilitas pengelolaan ULN,"" ucap Denny.
Sementara itu, nilai utang luar negeri swasta mencapai 195,9 miliar dollar AS sampai dengan Mei 2026 atau lebih rendah dari posisi bulan sebelumnya yang sebesar 193,2 miliar dollar AS.
Nilai ini mengalami kontraksi pertumbuhan menjadi 0,1 persen (yoy), lebih rendah dari bulan sebelumnya yang terkontraksi 0,7 persen (yoy).
""Perkembangan tersebut terutama didorong oleh ULN kelompok peminjam lembaga keuangan (financial corporations) yang secara tahunan mencatatkan kontraksi sebesar 0,8 persen (yoy), lebih rendah dibandingkan dengan kontraksi pada April 2026 sebesar 5 persen (yoy),"" kata dia.
Berdasarkan sektor ekonomi, ULN swasta terbesar berasal dari sektor industri pengolahan, jasa keuangan dan asuransi, pengadaan listrik dan gas, serta pertambangan dan penggalian, dengan pangsa mencapai 79,9 persen terhadap total ULN swasta.
ULN swasta tetap didominasi utang jangka panjang dengan pangsa mencapai 74,9 persen terhadap total ULN swasta.
Dengan perkembangan tersebut, bank sentral menilai struktur utang luar negeri Indonesia tetap sehat dan didukung oleh penerapan prinsip kehati-hatian.
Hal ini terefleksikan dari rasio utang luar negeri Indonesia terhadap produk domestik bruto (PDB) yang terjaga sebesar 29,9 persen pada mei 2026.
""Serta didominasi ULN jangka panjang dengan pangsa mencapai 83,9 persen dari total ULN,"" tuturnya.",Kompas Money,Financial,2026-07-15,Positive,"The article highlights that Indonesia's foreign debt increased but remains sustainable, with investor confidence and a healthy debt structure. Bank Indonesia emphasizes stable growth and prudent management, indicating a positive outlook for economic stability."
Bos BEI Tegaskan Fundamental Pasar Keuangan RI Kuat,"Jakarta, CNBC Indonesia - Direktur Utama Bursa Efek Indonesia (BEI) Jeffrey Hendrik menegaskan bahwa fundamental ekonomi dan pasar keuangan Indonesia kuat. Hal ini seiring dengan keputusan S&P yang mempertahankan rating surat utang RI yang masih masuk dalam investment grade (BBB) dengan outlook stabil.
""Pengumuman dari S&P itu 15 menit sebelum pasar tutup pada hari Senin (13/7/2026), saat itu pasar di zona merah, begitu keluar pengumuman S&P, pasar rebound dan ditutup naik hampir 2%,"" ungkap Jeffrey dalam acara Investment Forum 2026 CNBC Indonesia di Main Hall BEI, Rabu (15/7/2026).
Dirinya juga menilai keputusan S&P tersebut ikut membantu mengurangi ketidakpastian, sehingga investor dapat mengambil keputusan investasi dengan lebih baik.
""Banyak sekali belakangan (ketidakpastian) dari internal dan eksternal, ini satu-satu berkurang, artinya, investor bisa mengukur risiko investasi yang tadinya sistematik risk-nya tinggi jadi bisa dikelola dengan baik,"" ungkap Jeffrey.
Lebih lanjut Jeffrey menilai setelah S&P masih akan ada kabar-kabar baik lainnya yang akan datang dan mampu memberikan tenaga kepada pergerakan indeks acuan pasar modal Indonesia.
""Saya kira (pengumuman dari S&P) sesuatu yang baik dan akan berlanjut dan kita harapkan rating agencies dan indeks global provider lain akan menyusul,"" jelas Jeffrey.",CNBC Indonesia,Business,2026-07-15,Positive,"The article highlights strong fundamentals of Indonesia's financial market, maintenance of investment-grade rating by S&P, market rebound, and positive outlook for future developments."
"Pasar Modal RI Disorot, OJK-BEI Terbang ke New York Jelaskan Kondisi","Jakarta, CNBC Indonesia - Ketua Dewan Komisioner Otoritas Jasa Keuangan (OJK) Friderica Widyasari Dewi mengungkapkan stabilitas menjadi fondasi dan integritas untuk membangun pasar modal tanah air. Hal ini pun mendorong OJK hingga BEI bergerak cepat dalam menindaklanjuti perhatian global terhadap pasar modal Indonesia.
""Berapa bulan lalu, OJK, BEI, hingga DPR terbang langsung ke New York untuk bertemu dengan global index provider dan lembaga rating, dan menjelaskan posisi Indonesia dan ketahanan jasa keuangan. Kami menjawab semua concern mereka terhadap market Indonesia dan langkah yang sudah dilakukan,"" kata Friderica dalam CNBC Indonesia Investment Forum 2026, Rabu (15/7/2026).
Dia menegaskan pemerintah mengambil langkah cepat, sehingga diapresiasi oleh pasar, baik dari sisi integritas data, likuiditas, hingga performa. Friderica pun mengapresiasi lembaga pemeringkat internasional S&P Global Ratings yang menyematkan outlook Indonesia tetap berada pada level stabil.
""Market pun merespons positif, index naik. Kemudian dengan kriteria HSC ( High Shareholding Concentration ) diumumkan dan mendapatkan direspons positif. Berbagai agenda pasar modal memiliki landasan kuat,"" tegas Friderica.
Sebagai informasi, HSC merupakan salah satu langkah reformasi OJK untuk mengembalikan kepercayaan investor di pasar modal. Langkah lain yang ditempuh adalah, pertama, pengungkapan nama pemegang saham dengan kepemilikan di atas 1%. Kedua, peningkatan batas minimum free float dari sebelumnya 7,5% menjadi 15% secara bertahap.
Ketiga, pengklasifikasian pemegang saham yang lebih granular, dari sebelumnya 9 menjadi 39 kalsifikasi. Keempat, pengungkapan ultimate beneficial owner (UBO) untuk pemegang saham dengan kepemilikan di atas 10%. Kelima adalah pengumuman daftar HSC.
Sementara itu, dengan implementasi P2SK, ada perubahan mendasar yang bisa mendukung stabilitas jasa keuangan dan memastikan sektor jasa keuangan tumbuh.
Adapun perubahan dalam UU P2Sk yakni, perluasan mandat pengaturan dan pengawas, perluasan instrumen dan kelembagaan pasar, pungutan penegakan hukum dan perlindungan, demutulisasi Bursa Efek, hingga penerapan prinsip same activity, same risk, same regulation.",CNBC Indonesia,Business,2026-07-15,Positive,"The article highlights OJK and BEI's proactive measures to address global concerns, positive market responses (index increase), S&P Global Ratings' stable outlook, and reforms aimed at enhancing investor confidence and market stability."
Bukti Independensi BI Diakui Dunia Terlihat dari Rating S&P,"Jakarta, CNBC Indonesia - Deputi Gubernur Senior Bank Indonesia (BI) Destry Damayanti mengungkapkan, penilaian lembaga pemeringkat dunia, yakni S&P Global Ratings terbaru mengungkapkan sisi positif yang menunjukkan keyakinan investor global terhadap indenpendensi BI.
Destry mengatakan, keputusan S&P untuk mempertahankan peringkat kredit atau utang RI serta outlooknya menjadi bukti bahwa ketentuan dalam Undang-Undang tentang Pengembangan dan Penguatan Sektor Keuangan (P2SK) terbaru tidak dilihat investor dunia sebagai ancaman terhadap independensi BI.
""Selama ini selalu dikaitkan independensi BI. Tapi S&P melihat independensi BI tidak ada masalah di sini,"" tegas Destry dalam acara Investment Forum 2026 CNBC Indonesia di Main Hall Bursa Efek Indonesia, Jakarta, Rabu (15/7/2026).
Menurut Destry, bukti independensi ini terlihat jelas dari kemampuan BI dengan secara terukur menetapkan kebijakan moneter sesuai kondisi ekonomi Indonesia. Misalnya, menaikkan suku bunga acuan BI Rate untuk merespons tekanan kurs beberapa bulan terakhir.
""Sejauh ini mereka lihat BI bisa menaikkan suku bunga, kalau tidak independen kita tidak bisa lakukan itu. Di sini pemerintah mendukung kebijakan prudent,"" paparnya.
Sebagaimana diketahui, Lembaga pemeringkat internasional S&P Global Ratings memutuskan mempertahankan peringkat kredit Indonesia pada level BBB untuk jangka panjang dan A-2 untuk jangka pendek. Sementara itu, prospek (outlook) Indonesia tetap berada pada level stabil.
""Kami menegaskan peringkat kredit Indonesia pada level BBB untuk jangka panjang dan A-2 untuk jangka pendek. Outlook peringkat jangka panjang tetap stabil,"" tulis S&P dalam laporannya, Senin (13/7/2026).",CNBC Indonesia,Business,2026-07-15,Positive,"The article highlights S&P Global Ratings maintaining Indonesia's credit rating and stable outlook, indicating global investor confidence in BI's independence and prudent policies."
DPR Sebut UU P2SK Jadi Mesin Pertumbuhan Ekonomi RI,"Jakarta, CNBC Indonesia - Wakil Ketua DPR RI, Sari Yuliati mengungkap bahwa UU Pengembangan dan Penguatan Sektor Keuangan (P2SK) bukan hanya sekadar regulasi tetapi menjadi manifestasi visi besar yang mengkalibrasi ulang mesin pertumbuhan Indonesia.
Lewat UU ini ia menuturkan Indonesia bisa memperkuat pondasi pendalaman pasar keuangan dan memperluas keran akses pembiayaan yang selama ini jadi bottle neck bagi lompatan ekonomi nasional.
""Selama ini kita menyadari pasar keuangan kita relatif dangkal dibandingkan peers di kawasan. Pasar keuangan yang dangkal ini sangat rentan terhadap capital outflow, terbatasnya instrumen investasi, sehingga menempatkan pasar kita tidak likuid dan masih bergantung pada modal asing,"" jelasnya dalam acara Investment Forum 2026, Rabu (15/7/2026).
Sari menuturkan karakteristik pasar keuangan di Indonesia saat ini sangat rentan terutama ketika terjadi kepanikan global, atau misalnya kenaikan suku bunga di negara maju.
Sehingga ketika terjadi penarikan dana besar-besaran oleh investor asing di pasar modal, langsung mendistorsi harga secara signifikan.
""Pergerakan harga yang liar ini memicu kepanikan investor lain untuk memperparah capital outflow. Tidak berhenti di situ, saat dana asing ditarik masif dan ditukarkan kembali ke mata uang asing contohnya dolar, US, ujungnya langsung menekan nilai tukar rupiah kita,"" pungkasnya.
Menyadari risiko tersebut, mandat utama dari kehadiran UU P2SK ini diharapkan bisa menjaga stabilitas dan pendalaman pasar keuangan ke depan.
Lewat UU tersebut diharapkan instrumen pembiayaan jangka panjang baik dari pasar modal, dapen, dan asuransi dapat tumbuh eksponensial. Pendalaman pasar ini dinilainya menjadi kunci agar investasi domestik mampu menjadi bantalan kuat menopang stabilitas makro, dan memperluas alternatif pembiayaan pembangunan nasional.
""Karena itu penting bagi kita membangun ekosistem koordinatif antar regulator ada kemenkeu, BI, OJK dan LPS yang semakin kita harapkan semakin solid dan seamless,"" terangnya.",CNBC Indonesia,Business,2026-07-15,Positive,"The article highlights the UU P2SK as a significant regulatory framework aimed at strengthening Indonesia's financial sector and economic growth. It emphasizes the potential for improved financial market depth, increased access to financing, and stability, which are positive indicators for economic development."
"Video: Inflasi AS Melandai, Rupiah - IHSG Bisa Melanjutkan Penguatan?","Jakarta, CNBC Indonesia - Di tengah kekhawatiran pasar terhadap potensi kenaikan suku bunga acuan Bank Sentral AS, The Fed muncul kabar positif dari data inflasi konsumen (Consumer Price Index/CPI) AS pada Juni 2026 turun ke 3,5% (yoy) dari sebelumnya sebesar 4,2%.
FX Analyst CNBC Indonesia, Elvan Chandra Widyatama memandang perkembangan data inflasi AS yang turun seiring dengan terkoreksinya Harga minyak global menjadi sentimen yang diharapkan dapat meredam pengetatan kebijakan moneter The Fed. Meski demikian, potensi kenaikan Harga minyak seiring dengan Kembali panasnya Timur Tengah masih terus diwaspadai karena bisa berefek ke suku bunga AS yang belum mencapai target 2%.
Dari sisi nilai tukar, Rupiah bergerak cukup positif pada perdagangan Rabu (15/07/2026) di level Rp 18.000 per Dolar AS, namun sejumlah sentimen masih harus diwaspadai karena dapat menekan posisi mata uang Garuda.
Sentimen apa saja yang menjadi perhatian pasar keuangan? Selengkapnya simak dialog Andi Shalini dengan FX Analyst CNBC Indonesia, Elvan Chandra Widyatama dalam Power Lunch, CNBC (Kamis, 15/07/2026)
CNBC Indonesia menghadirkan CNBC Investment Forum 2026 untuk membahas peluang dan tantangan implementasi Undang-Undang Nomor 4 Tahun 2023 tentang Pengembangan dan Penguatan Sektor Keuangan (P2SK) dalam memperkuat sektor keuangan sebagai motor penggerak ekonomi Indonesia.",CNBC Indonesia,Business,2026-07-15,Neutral,"The article provides information about US inflation data, potential impacts on monetary policy, and market sentiments without explicitly stating positive or negative financial outcomes for companies or the economy."
"P2SK Alat Hilirisasi Sektor Keuangan, DPR: RI Jadi Penentu Harga Dunia","Jakarta, CNBC Indonesia - Wakil Ketua DPR Sari Yuliati mengungkapkan, Undang-undang tentang Pengembangan dan Penguatan Sektor Keuangan atau UU P2SK merupakan instrumen yang dilahirkan lembaga eksekutif maupun legislatif untuk hilirisasi sektor keuangan Indonesia.
""P2SK membuka jalan mengintegrasikan kekuatan SDA kita dengan kecanggihan sektor keuangan ini yang saya sebut sebagai hilirisasi sektor keuangan,"" ucap Sari dalam acara Investment Forum CNBC Indonesia 2026 di Main Hall Bursa Efek Indonesia, Jakarta, Rabu (15/7/2026).
Sri menjelaskan, konsep hilirisasi sektor keuangan melalui UU P2SK terjadi ketika instrumen sektor keuangan mampu menjadikan harga-harga komoditas yang selama ini ditentukan pasar keuangan global menjadi sepenuhnya ditarik ke Indonesia.
Maka, dalam UU P2SK kata dia mengatur secara kuat terkait pembentukan bursa karbon hingga bursa mineral strategis, yang akan menjadi mandat kepada otoritas keuangan menjadikan pasar SDA tanah air sebagai pembentuk harga dunia.
""Kita tahu Indonesia adalah raksasa mineral dunia, tapi ironisnya puluhan tahun kita selalu bertindak sebagai price taker, penerima harga yang ditentukan di bursa belahan dunia sana,"" paparnya.
Sari menekankan, kehadiran bursa mineral kredibel yang didukung pasar yang likuid dan kepastian hukum yang dijamin P2SK akan meningkatkan posisi tawar Indonesia dalam global value chain, ini bukan hanya kedaulatan sumber daya tapi bagaimana sumber daya itu dimonetisasi dan di leverage secara finansial.
""Kita ingin agar setting acuan harga, price discovery nikel, tembaga, timah, hingga karbon, terjadi di negara yang kita cintai ini,"" papar Sari.",CNBC Indonesia,Business,2026-07-15,Neutral,"The article discusses the implementation of a financial sector development law and its potential impact on Indonesia's commodity pricing, but does not explicitly state positive or negative financial outcomes."
"Rupiah Lanjut Menguat, Dolar AS Kini Parkir di Rp18.060","Jakarta, CNBC Indonesia - Mata uang Garuda kembali ditutup menguat terhadap dolar Amerika Serikat (AS) pada perdagangan hari ini, Rabu (15/7/2026). Penguatan terjadi di tengah dinamika dolar AS di pasar global yang tengah menghadapi tekanan.
Merujuk data Refinitiv , nilai tukar rupiah menutup perdagangan di posisi Rp18.060/US$. Posisi ini membuat rupiah terapresiasi 0,11% pada perdagangan hari ini.
Sepanjang perdagangan, rupiah bergerak cukup terbatas dengan kecenderungan menguat. Mata uang Garuda bergerak di rentang Rp18.040-Rp18.077/US$.
Di sisi lain, indeks dolar AS (DXY), yang mengukur kekuatan greenback terhadap enam mata uang utama dunia, per pukul 15.00 WIB terpantau bergerak stabil di level 100,912. Sebelumnya, DXY mengalami tekanan tajam 0,31% pada perdagangan Selasa (14/7/2026).
Penguatan rupiah masih ditopang oleh tekanan terhadap dolar AS di pasar global setelah Amerika Serikat (AS) mengumumkan data inflasi yang lebih rendah dari perkiraan.
Inflasi tahunan AS turun menjadi 3,5% pada Juni 2026. Angka tersebut menandai penurunan pertama dalam empat bulan terakhir, lebih rendah dibandingkan posisi Mei 2026 yang sebesar 4,2%, serta berada di bawah proyeksi konsensus sebesar 3,8%.
Secara rinci, indeks energi masih mencatat kenaikan tahunan sebesar 15,7%, sementara harga makanan naik 3,0%. Namun secara bulanan, Indeks Harga Konsumen (IHK) AS mencatat deflasi 0,4%. Realisasi tersebut lebih dalam dibandingkan ekspektasi deflasi 0,1%.
Deflasi bulanan ini menjadi yang pertama sejak Mei 2020. Penurunan tersebut juga menjadi kontraksi bulanan terbesar sejak April 2020, atau pada masa awal pandemi Covid-19.
Data inflasi yang lebih rendah dari perkiraan membuat ekspektasi pasar terhadap pengetatan kebijakan moneter bank sentral AS (The Federal Reserve/The Fed) ikut mereda.
Berdasarkan CME FedWatch Tool, peluang kenaikan suku bunga pada Juli turun menjadi 16%, dari 42% pada Senin. Meski begitu, peluang kenaikan suku bunga pada tahun ini masih cukup besar, yakni 80%, turun dari 89% pada Senin.
Melemahnya dolar AS di pasar global pada akhirnya membuka ruang penguatan bagi mata uang negara lain, termasuk rupiah.
Sentimen positif juga datang dari keputusan S&P Global Ratings yang mempertahankan peringkat kredit Indonesia di level BBB untuk jangka panjang dan A-2 untuk jangka pendek. S&P juga mempertahankan outlook Indonesia di level stabil.
Keputusan ini menjadi angin segar bagi Indonesia, terutama setelah sebelumnya Moody's dan Fitch merevisi outlook Indonesia dari stabil menjadi negatif, meski tetap mempertahankan peringkat kredit Indonesia.
Menteri Keuangan Purbaya Yudhi Sadewa menilai keputusan S&P tersebut lebih adil dibandingkan penilaian lembaga pemeringkat lainnya.
""Saya sudah bilang berkali-kali kan, lembaga-lembaga sebelumnya yang lain, ada kemungkinan mereka offside karena mereka melakukan assessment sebelum data triwulan pertama keluar. Ingat kan itu? Saya bilang ya terlalu cepat, bukan mereka salah, ya terlalu cepat. Jadi ini S&P yang lebih fair saya pikir,"" ungkap Purbaya di Gedung DPR RI, Jakarta Pusat, dikutip Rabu (15/7/2026).
Sentimen tersebut turut menjaga persepsi pasar terhadap stabilitas makroekonomi Indonesia, di tengah tekanan global yang masih tinggi.",CNBC Indonesia,Business,2026-07-15,Positive,"The Rupiah strengthened against the USD, and S&P Global Ratings maintained Indonesia's credit rating with a stable outlook, indicating positive financial sentiment."
Bos OJK Sebut Investor Domestik di Pasar Modal RI Tembus 30 Juta,"Jakarta, CNBC Indonesia - Ketua Dewan Komisioner Otoritas Jasa Keuangan (OJK) Friderica Widyasari Dewi mengatakan pasar modal Tanah Air saat ini memiliki modal kuat, yakni porsi investor domestik yang semakin membesar.
Sebagai informasi, berdasarkan data Bursa Efek Indonesia, sepanjang pekan lalu komposisi nilai transaksi investor domestik telah mencapai 62%, sedangkan asing 38%. Indeks Harga Saham Gabungan (IHSG) sepanjang pekan naik 0,83% ke level 5.924,36.
Friderica melanjutkan bahwa saat ini jumlah investor domestik telah mencapai 30 juta, sehingga tidak lagi terlalu bergantung kepada investor asing.
""Dulu kita itu jumlah investor masih 250.000 dan kebanyakan asing. Kalau ada guncangan sedikit, kita semua panik,"" kata Friderica atau biasa dipanggil Kiki di Investment Forum 2026 di Gedung Bursa Efek Indonesia, Jakarta, Rabu (15/7/2026).
Menurut Kiki 30 juta investor merupakan modal kekuatan yang besar untuk mendorong pertumbuhan pasar modal.
Oleh karena itu dia menegaskan bahwa OJK dan Bursa Efek Indonesia memiliki komitmen untuk melindungi investor, khususnya ritel.
Satu di antaranya dengan keterbukaan informasi dan data para emiten. Hal ini seiring dengan agenda reformasi pasar modal untuk meningkatkan kepercayaan investor domestik dan asing.
Sebagaimana diketahui, pada awal tahun ini pasar modal RI disorot oleh MSCI. Terkait hal tersebut, para pemangku kepentingan telah menjawab semua kekhawatiran dari lembaga penyedia indeks global tersebut.
Terbaru, BEI menambahkan satu kriteria baru berupa price impact ratio ke dalam kriteria saham yang masuk dalam daftar High Shareholding Concentration (HSC). Kriteria price impact ratio akan diterapkan pada seluruh saham dengan kapitalisasi pasar di atas Rp10 triliun. Saham yang memiliki price impact ratio tinggi akan melalui proses screening untuk mengidentifikasi ada atau tidaknya indikasi kepemilikan saham yang terkonsentrasi.
Price impact ratio sendiri dihitung dengan membandingkan perubahan harga saham terhadap tingkat velocity saham tersebut. Sementara velocity dihitung berdasarkan rata-rata volume transaksi dibandingkan dengan jumlah saham yang beredar di publik atau free float.
Alhasil jumlah saham HSC bertambah menjadi 37, sehingga totalnya menjadi 51 emiten.",CNBC Indonesia,Business,2026-07-15,Positive,"The article highlights the growth of domestic investors in Indonesia's capital market to 30 million, reduced reliance on foreign investors, and a rising stock index (IHSG up 0.83%), indicating positive market development and investor confidence."
Bos OJK Kasih 3 Pesan Penting ke Investor & Stakeholders Pasar Modal,"Jakarta, CNBC Indonesia - Ketua Dewan Komisioner Otoritas Jasa Keuangan (OJK) Friderica Widyasari Dewi memberikan tiga pesan penting kepada investor dan seluruh pemangku kepentingan ( stakeholder ) pasar modal agar pasar keuangan Indonesia semakin maju ke depannya.
Ketiga hal penting yang perlu menjadi perhatian seluruh pihak adalah terkait integritas sektor jasa keuangan, diversifikasi instrumen investasi dan investasi inklusif yang berdampak ke sektor riil.
""Integritas sektor jasa keuangan, tidak bisa dibangun hanya oleh OJK, DPR, BEI, tapi semua pihak harus jaga, kedua saya ajak semua investor untuk diversifikasi, agar perluas, ada bursa karbon dan bursa lain yang bisa dimanfaatkan untuk tumbuh kembang pasar keuangan di Indonesia. Selain itu, inklusif dan berdampak pada sektor riil,"" jelas Friderica dalam acara Investment Forum CNBC Indonesia 2026 di Main Hall Bursa Efek Indonesia, Rabu (15/7/2026).
Secara rinci berikut adalah tiga pesan penting Ketua OJK:
Penguatan regulasi, tata kelola, dan integritas pasar menjadi kunci dalam menjaga stabilitas sektor keuangan serta meningkatkan kepercayaan investor. Termasuk Pelindungan Konsumen dari ancaman scam dan transaksi keuangan ilegal.
Pengembangan pasar modal, bursa mineral, bursa karbon, dan green finance membuka sumber pembiayaan baru sekaligus memperkuat posisi Indonesia dalam rantai nilai global.
Transformasi sektor keuangan harus memberikan manfaat nyata bagi UMKM, pertanian, dan perikanan melalui akses pembiayaan yang lebih luas, produktif, dan berkelanjutan.",CNBC Indonesia,Business,2026-07-15,Neutral,"The article presents informational content about the OJK's messages to investors and stakeholders regarding market integrity, diversification, and inclusive investment, without explicit financial performance indicators or clear positive/negative financial impacts."
"Ada Salim, Hartono, hingga Sinar Mas di Balik Daftar Saham HSC","Jakarta, CNBC Indonesia — Bursa Efek Indonesia (BEI) telah menambah lagi saham-saham dalam daftar saham dengan kepemilikan saham yang sangat terkonsentrasi alias High Shareholding Concentration (HSC). Per Rabu (15/7/2026) pukul 08.00 WIB, total saham HSC menjadi 51 saham.
Data yang lebih terbuka ini diharapkan bisa meningkatkan kepercayaan investor pasar modal. Data ini diambil berdasarkan metodologi penentuan Kepemilikan Saham Terkonsentrasi Tinggi (High Shareholding Concentration) atas struktur kepemilikan Saham dalam bentuk Warkat dan Tanpa Warkat per tanggal 30 Juni 2026.
Di balik saham-saham HSC itu, terdapat sejumlah grup konglomerat sebagai pengendali atau pemegang saham. Seperti Grup Salim, yang tercatat terkait dengan empat saham HSC.
Menyusul, ada Grup Sinar Mas yang tercatat terkait dengan lima saham HSC. Kemudian ada grup konglomerasi Keluarga Tahir dan Keluarga Riady yang masing-masing terkait dengan dua saham HSC.
Sebagai catatan, HSC merupakan kategori saham yang mayoritas kepemilikannya dikuasai oleh satu pihak atau kelompok pihak yang terafiliasi, sehingga jumlah saham yang beredar di publik relatif terbatas. Informasi ini dipublikasikan sebagai bagian dari upaya meningkatkan transparansi dan perlindungan investor di pasar modal.
Saham dengan kepemilikan terkonsentrasi tinggi dinilai memiliki risiko yang jauh lebih besar dibandingkan saham dengan free float besar. Pasalnya, kendali harga dan likuiditas berada di tangan segelintir pihak, bukan sepenuhnya oleh mekanisme pasar.
Dengan dikuasai segelintir pihak maka volume transaksi bisa menjadi terbatas, investor akan kesulitan dalam menjual saham saat pasar bergejolak.
Kepemilikan yang terbatas juga memungkinkan harga melonjak sangat tinggi dan jatuh dalam hanya karena transaksi kecil dari pemilik utama. Harga yang bisa dikontrol oleh segelintir pihak ini tentu tidak mencerminkan pasar saham secara keseluruhan.
Pemegang saham utama juga memiliki kontrol penuh dalam arah kebijakan perusahaan hingga dividen.
Berdasarkan rangkuman CNBC Indonesia, berikut grup konglomerat beserta saham-saham HSC yang digenggam:
Keluarga Tahir (Grup Mayapada):
Grup Salim:
Andi Syamsuddin Arsad (Haji Isam):
Grup Sinar Mas:
Keluarga Riady (Grup Lippo):
Keluarga Bakrie:
Prajogo Pangestu:
Jusuf Hamka:
Keluarga Hartono (Grup Djarum):",CNBC Indonesia,Business,2026-07-15,Neutral,"The article provides informational content about the High Shareholding Concentration (HSC) stocks listed on BEI, detailing the conglomerates involved and the implications of concentrated ownership. It focuses on transparency and investor protection without explicitly highlighting positive or negative financial outcomes."
Live Now! DPR & Tokoh Keuangan Kumpul Bahas Implementasi P2SK di BEI,"Jakarta, CNBC Indonesia - Pemerintah terus berupaya memperkuat fondasi sektor keuangan di dalam negeri demi menghadapi ketidakpastian ekonomi global. Implementasi Undang-Undang Nomor 4 Tahun 2023 tentang Pengembangan dan Penguatan Sektor Keuangan (P2SK) menjadi langkah strategis yang dilakukan pemerintah dalam memperkuat stabilitas sistem keuangan, memperdalam pasar keuangan, memperluas akses pembiayaan, serta meningkatkan daya saing Indonesia dan menarik investasi global.
Melalui P2SK, Indonesia memiliki peluang untuk membangun ekosistem keuangan yang lebih modern, inklusif, dan kompetitif. Penguatan koordinasi antara regulator, lembaga jasa keuangan, dan pelaku industri diharapkan mampu menciptakan sistem keuangan yang lebih tangguh, memperkuat pasar modal sebagai sumber pembiayaan jangka panjang, serta mendorong pertumbuhan sektor riil dan investasi nasional.
Selain memperkuat sektor keuangan, P2SK juga membuka peluang untuk meningkatkan posisi Indonesia dalam rantai nilai global melalui pengembangan ekosistem sumber daya alam, penguatan Danantara Sumber Daya Indonesia (DSI), serta pengembangan Bursa Mineral sebagai langkah menuju Indonesia sebagai acuan harga komoditas dunia. Di sisi lain, optimalisasi peran emiten BUMN dan perusahaan strategis diharapkan mampu meningkatkan likuiditas pasar modal sekaligus menopang daya saing dan kinerja pasar saham nasional.
Reformasi sektor keuangan melalui P2SK juga menjadi momentum untuk mendorong Indonesia sebagai pusat keuangan internasional (international financial hub). Didukung inovasi, digitalisasi, serta kepastian regulasi, Indonesia memiliki potensi untuk menarik arus investasi global yang lebih besar, memperkuat posisi sebagai destinasi investasi, sekaligus meningkatkan daya saing ekonomi nasional di tengah perubahan lanskap ekonomi dunia.
Untuk itu dalam mendorong pertumbuhan ekonomi yang berkelanjutan di tengah ketidakpastian global, CNBC Indonesia menggelar Investment Forum 2026 dengan tema ""P2SK: Mendorong Stabilitas, Investasi, dan Daya Saing Indonesia"", pada Rabu, 15 Juli 2026, di Bursa Efek Indonesia, pukul 14.00 WIB.
Acara ini digelar sebagai bagian dari rangkaian CNBC Indonesia Economic Update, Investment Forum 2026 yang menghadirkan regulator, pelaku industri, investor, dan pemangku kepentingan untuk membahas peluang, serta tantangan implementasi P2SK dalam memperkuat posisi Indonesia di sektor keuangan dan ekonomi global.
Adapun Investment Forum 2026 akan dibuka oleh Direktur Utama Bursa Efek Indonesia Jeffrey Hendrik dan dilanjutkan dengan Keynote Speech oleh Wakil Ketua DPR RI, Sari Yuliati dan Ketua Dewan Komisioner Otoritas Jasa Keuangan (OJK) Friderica Widyasari Dewi.
Kemudian acara dilanjutkan dengan sesi diskusi dengan tema ""Harmonisasi Fiskal dan Moneter: Menyeimbangkan Stabilitas dan Pertumbuhan Ekonomi"" bersama Komisi XI DPR RI Mukhamad Misbakhun, Menteri Keuangan Purbaya Yudhi Sadewa, dan Deputi Gubernur Senior BI Destry Damayanti.
Melalui forum ini, diharapkan dapat tercipta ruang diskusi strategis untuk membahas peran sektor keuangan dalam mendorong pertumbuhan ekonomi, memperkuat pasar modal dan industri strategis nasional, serta mengidentifikasi peluang dan tantangan dalam meningkatkan daya saing Indonesia di tengah dinamika ekonomi global yang terus berkembang.
CNBC Investment Forum 2026 dapat disimak secara eksklusif dan live di CNBC Indonesia TV dan streaming di CNBC Indonesia. Pantau terus cnbcindonesia.com dan CNBC Indonesia TV untuk update informasi seputar ekonomi dan bisnis.",CNBC Indonesia,Business,2026-07-15,Neutral,"The article discusses the implementation of P2SK and an investment forum, providing information without explicit positive or negative financial impact."
"Saham Bergerak Volatil, BEI Pantau Ketat Transaksi ATAP","Jakarta, CNBC Indonesia - Bursa Efek Indonesia (BEI) memantau ketat pola pergerakan Unusual Market Activity (UMA) atas PT Trimitra Prawara Goldland Tbk. (ATAP) mulai Selasa, (14/7/2026). Emiten tersebut dipantau karena terjadi kenaikan harga saham yang tidak wajar.
Mengutip keterbukaan informasi BEI, saham tersebut bergerak di luar kebiasaan (Unusual Market Activity). Langkah tersebut dilakukan untuk melindungi investor, khususnya pemegang saham ketiga emiten tersebut.
""Pengumuman Unusual Market Activity (UMA) tidak serta merta menunjukkan adanya pelanggaran terhadap peraturan perundang-undangan di bidang pasar modal,"" tulis manajemen BEI, dikutip dari laman resminya.
""Sehubungan dengan terjadinya UMA atas saham ATAP tersebut, perlu kami sampaikan bahwa Bursa saat ini sedang mencermati perkembangan pola transaksi saham ini,"" tulisnya.
Mengutip data pasar, saham ATAP bergerak naik 8,11% ke harga Rp600 per saham pada perdagangan kemarin, Selasa, (14/7/2026). Di sisi lain, saham ATAP turun 35.75% selama satu bulan. Sementara dalam year to date turun 11.11%.
Dengan pengumuman ini, para investor diharapkan untuk memperhatikan jawaban emiten atas permintaan konfirmasi Bursa, mencermati kinerja emiten dan keterbukaan informasinya, mengkaji kembali rencana corporate action emiten apabila rencana tersebut belum mendapatkan persetujuan RUPS, serta mempertimbangkan berbagai kemungkinan yang dapat timbul di kemudian hari sebelum melakukan pengambilan keputusan investasi.",CNBC Indonesia,Business,2026-07-15,Neutral,"The article discusses BEI monitoring unusual market activity for ATAP, indicating regulatory oversight without clear positive or negative financial impact."
"Boncos Ikut Rekomendasi Saham, Investor Tikam Influencer Finansial","Jakarta, CNBC Indonesia - Seorang pria berusia 20-an tahun ditangkap polisi di Busan, Korea Selatan, setelah diduga menyerang seorang financial influencer (Finfluencer) investasi saham menggunakan senjata tajam.
Melansir The Chosun Daily, pelaku diduga nekat melakukan aksi tersebut karena menyimpan dendam usai mengalami kerugian investasi akibat mengikuti rekomendasi saham dari sang YouTuber.
Kantor Polisi Busan Nambu pada Senin (14/7/2026) mengumumkan telah menahan pria berinisial A atas dugaan percobaan pembunuhan. Polisi menyebut A diduga menikam seorang pria berusia 40-an tahun berinisial B beberapa kali menggunakan senjata tajam sekitar pukul 08.09 waktu setempat pada Minggu (13/7/2026).
Kejadian tersebut terjadi di sebuah gedung komersial di Distrik Nam, Busan. Tak lama setelah kejadian, pelaku sempat melarikan diri dari lokasi.
Korban B diketahui merupakan seorang YouTuber yang kerap membahas investasi saham. Sementara itu, pelaku A merupakan pelanggan atau subscriber kanal YouTube milik korban
""Polisi menyebut pelaku menyimpan dendam setelah mengalami kerugian investasi yang diduga berasal dari rekomendasi sang YouTuber,"" sebagaimana dikutip Rabu, (15/6/2026).
Berdasarkan hasil penyelidikan awal, A diketahui melacak keberadaan korban sebelum mendatanginya dengan membawa senjata tajam. Setelah melihat korban, A langsung melancarkan serangan yang menyebabkan B mengalami luka serius, meski dilaporkan tidak berada dalam kondisi yang mengancam jiwa.
Polisi menyatakan masih akan mendalami motif pasti di balik penyerangan tersebut. Setelah proses pemeriksaan lebih lanjut, aparat berencana mengajukan permohonan surat perintah penahanan terhadap pelaku.",CNBC Indonesia,Business,2026-07-15,Neutral,"The article reports on a criminal incident involving a financial influencer and an investor, focusing on the attack and legal proceedings rather than financial performance metrics or economic indicators."
"BEI Tambah Kriteria High Shareholding Concentration List, IHSG Volatil","Jakarta, CNBC Indonesia- Pada perdagangan pukul 10:04 WIB di Rabu (15/07/2026) IHSG berhasil bergerak menguat ke level 6.046 dengan Rupiah Menguat ke Rp 18.055 per Dolar AS.
Selengkapnya simak ulasan Shafinaz Nachiar dalam Profit, CNBC Indonesia (Kamis, 15/07/2026)",CNBC Indonesia,Business,2026-07-15,Neutral,The article provides information about stock market movements and currency exchange rates without indicating clear positive or negative financial impacts.
"IHSG Masih Berkutat di Level 6.000an, Sesi 1 Ditutup Naik 0,47%","Jakarta, CNBC Indonesia — Indeks Harga Saham Gabungan (IHSG) masih bertahan di level 6.000-an hingga akhir sesi 1 hari ini, Rabu (15/6/2026).
IHSG tercatat naik 28,3 poin atau 0,47% ke level 6.067. Mayoritas saham bergerak di zona hijau. Tercatat ada 534 emiten naik, 373 turun, dan 397 stagnan.
Nilai transaksi mencapai Rp 5,95 triliun, melibatkan 12,07 miliar saham dalam 1,18 juta kali transaksi. Kapitalisasi pasar pun naik menjadi Rp 10.599 triliun.
Mengutip Refinitiv, hanya sektor kesehatan yang berada di zona merah dengan koreksi -1,51%. Utilitas, properti, bahan baku menjadi tiga sektor yang naik paling kencang, yakni 2,22%, 1,65%, dan 1,47%.
Setelah pada perdagangan kemarin, emiten bank jumbo menjadi pemberat IHSG, hari ini justru sebaliknya. Bank Rakyat Indonesia (BBRI), Bank Central Asia (BBCA), dan Bank Mandiri (BMRI) masing-masing berkontribusi 7,3 poin, 6,62 poin, dan 6,53 poin. Selain itu, BREN, AMMN, ANTM, hingga MBMA masuk dalam daftar top movers siang ini.
Adapun pada perdagangan hari ini, sentimen pasar global dipengaruhi oleh rilis dua data makroekonomi utama pada hari sebelumnya yang memberikan sinyal pergeseran fundamental.
Penurunan inflasi Amerika Serikat akibat efek gencatan senjata dan rekor surplus perdagangan China menjadi fokus utama para investor. Pernyataan Ketua The Fed Kevin Warsh juga akan menjadi sorotan.
Memasuki sesi perdagangan hari ini, perhatian pelaku pasar akan beralih pada serangkaian rilis data ekonomi krusial lainnya, termasuk kinerja kuartalan ekonomi China, inflasi tingkat produsen AS, hingga data utang luar negeri dari dalam negeri, serta kelanjutan agenda penting dari bank sentral AS.
Dari domestik, Bursa Efek Indonesia (BEI) kembali menambah daftar saham dengan High Shareholding Concentration (HSC) atau kepemilikan saham yang sangat terkonsentrasi.
Melalui evaluasi terbaru, jumlah emiten yang masuk dalam daftar HSC per Rabu (15/7/2026) pukul 08.00 WIB bertambah menjadi 51 saham. Sebelumnya, pada 3 April 2026, BEI mengumumkan data 10 perusahaan berstatus HSC.
Sebagai catatan, HSC merupakan kategori saham yang mayoritas kepemilikannya dikuasai oleh satu pihak atau kelompok pihak yang terafiliasi, sehingga jumlah saham yang beredar di publik relatif terbatas. Informasi ini dipublikasikan sebagai bagian dari upaya meningkatkan transparansi dan perlindungan investor di pasar modal.
Saham dengan kepemilikan terkonsentrasi tinggi dinilai memiliki risiko yang jauh lebih besar dibandingkan saham dengan free float besar.
Pasalnya, kendali harga dan likuiditas berada di tangan segelintir pihak, bukan sepenuhnya oleh mekanisme pasar.
Dengan dikuasai segelintir pihak maka volume transaksi bisa menjadi terbatas, investor akan kesulitan dalam menjual saham saat pasar bergejolak.
Kepemilikan yang terbatas juga memungkinkan harga melonjak sangat tinggi dan jatuh dalam hanya karena transaksi kecil dari pemilik utama. Harga yang bisa dikontrol oleh segelintir pihak ini tentu tidak mencerminkan pasar saham secara keseluruhan.
Sementara itu, dalam perkembangan geopolitik Amerika Serikat (AS) kembali meningkatkan tekanan terhadap Iran dengan memberlakukan lagi blokade laut terhadap seluruh pelabuhan Iran serta melancarkan gelombang serangan baru ke sejumlah wilayah strategis negara tersebut.
Pemerintah AS pada Selasa (14/7/2026) menyatakan blokade laut terhadap seluruh pelabuhan Iran kembali diberlakukan sebagai bagian dari eskalasi terbaru konflik. Militer AS juga mengumumkan dimulainya gelombang serangan baru terhadap target-target Iran.
Trump mengatakan Selat Hormuz tetap terbuka bagi seluruh kapal, kecuali kapal-kapal Iran.",CNBC Indonesia,Business,2026-07-15,Positive,"The IHSG index rose 0.47% in the first session, with most stocks moving in the green zone, and several sectors showing significant gains."
"Video: BEI Tambah Kriteria HSC, 37 Saham Jumbo Bakal Masuk Daftar","Jakarta, CNBC Indonesia - Bursa Efek Indonesia atau BEI melakukan peninjauan kembali terhadap kriteria saham yang masuk dalam High Shareholding Concentration atau HSC.
Selengkapnya dalam program Squawk Box CNBC Indonesia (Rabu, 15/07/2026) berikut ini.",CNBC Indonesia,Business,2026-07-15,Neutral,"The article discusses BEI reviewing criteria for HSC stocks, which is an informational update without clear positive or negative financial impact."
Prasabti Pesti Ditunjuk Jadi Plt Dirut PT Pos,"Jakarta, CNBC Indonesia — PT Pos Indonesia (Persero) mengumumkan perubahan direksi melalui keterbukaan informasi yang dipublikasikan hari ini, Rabu (15/7/2026).
Prasabri Pesti ditunjuk sebagai Plt Direktur Utama menggantikan Daud Joseph yang sebelumnya mengundurkan diri setelah tiga bulan menjabat. Selain itu tidak ada perubahan di jajaran direksi Pos Indonesia.
Sebagai informasi Prasabri merupakan direktur transformasi dan IT Pos Indonesia. Mengutip laman resmi PT Pos, sebelum menjadi direksi di perusahaan logistik pelat merah tersebut, Prasabri sempat Head of Digital Vertical Ecosystem Telkom Indonesia dan Direktur Utama PT PINS Indonesia.
Adapun sebagaimana diberitakan sebelumnya, Daud Joseph mengundurkan diri dari kursi utama direktur utama Pos Indonesia. Permintaan mundur telah diterima BUMN logistik tersebut pada 2 Juli 2026.
""Alasan pengunduran diri adalah murni dari keinginan dan pertimbangan pribadi yang bersangkutan,"" kata Corporate Secretary Iwan Gunawan dalam keterangan tertulis, Kamis (2/6/2026).
Sementara itu, Badan Pengelola Investasi Daya Anagata Nusantara (BPI Danantara) mengungkapkan bahwa Joseph ditugaskan memimpin proses pembenahan Pos Indonesia melalui due diligence menyeluruh terhadap kondisi keuangan, operasional, tata kelola, dan organisasi perusahaan.
""Berdasarkan hasil asesmen tersebut, yang bersangkutan menyampaikan bahwa PT Pos Indonesia memerlukan revamp yang menyeluruh dan fundamental. Menurut beliau, kompleksitas persoalan yang dihadapi serta agenda restrukturisasi ke depan membutuhkan expertise yang lebih spesifik untuk memimpin fase transformasi berikutnya,"" kata Managing Director Stakeholders Management & Communications Rohan Hafas dalam keterangan resmi, Jumat (3/6/2026).
Rohan menjelaskan bahwa berdasarkan hasil due dilligence ditemukan berbagai persoalan keuangan hingga tata kelola yang telah terakumulasi selama bertahun-tahun.
Pihaknya juga menerima laporan serta menemukan indikasi berbagai penyimpangan, termasuk dugaan rekayasa keuangan, yang saat ini sedang ditindaklanjuti melalui mekanisme audit dan investigasi sesuai ketentuan yang berlaku.
""Yang perlu dipahami, PT Pos Indonesia saat ini memang sedang kami benahi secara menyeluruh. Dari proses due diligence dan evaluasi yang berjalan, kami menemukan berbagai persoalan keuangan dan tata kelola yang telah terakumulasi selama bertahun-tahun,"" kata Rohan.
Oleh karena itu, satu per satu persoalan yang selama ini membebani perusahaan harus kami bereskan. Tidak ada ruang bagi praktik yang merusak tata kelola perusahaan. Seluruh temuan akan ditindaklanjuti secara profesional, transparan, dan sesuai proses hukum.
Saat ini, Perseroan memprioritaskan untuk PT Pos Indonesia kembali menjadi perusahaan yang sehat, profesional, akuntabel, dan berintegritas, sehingga mampu menjalankan mandatnya secara optimal bagi masyarakat.",CNBC Indonesia,Business,2026-07-15,Neutral,The article reports on a leadership change and ongoing restructuring efforts without explicitly stating positive or negative financial outcomes.
"Utang Luar Negeri RI Naik US$ 28 M di Mei 2026, Ternyata Ini Sebabnya!","Jakarta, CNBC Indonesia - Posisi utang luar negeri (ULN) Indonesia kembali meningkat pada Mei 2026. Bank Indonesia (BI) mencatat total ULN Indonesia mencapai US$444,4 miliar atau tumbuh 2,1% secara tahunan (year on year/yoy), lebih tinggi dibandingkan pertumbuhan pada April 2026 sebesar 2,0%.
Pada April lalu, ULN Indonesia mencapai US$ 416,4 miliar. Dengan demikian, kenaikan ULN mencapai US$ 28 miliar.
Kenaikan utang luar negeri tersebut terutama dipicu oleh bertambahnya utang sektor publik, baik pemerintah maupun Bank Indonesia.
""Perkembangan tersebut dipengaruhi oleh pertumbuhan ULN publik, baik pemerintah maupun bank sentral, di tengah kontraksi pertumbuhan ULN swasta yang lebih rendah,"" tulis BI dalam laporan Statistik Utang Luar Negeri Indonesia, Rabu (15/7/2026).
BI menjelaskan posisi utang luar negeri pemerintah pada Mei 2026 mencapai US$217,3 miliar atau tumbuh 3,7% dibandingkan periode yang sama tahun lalu.
Pertumbuhan tersebut terutama didorong oleh aliran dana asing yang masuk ke Surat Berharga Negara (SBN) internasional. Menurut BI, kondisi ini mencerminkan masih terjaganya kepercayaan investor terhadap prospek ekonomi Indonesia meski ketidakpastian global masih tinggi.
Masuknya dana investor ke instrumen pemerintah terjadi di tengah pembayaran kewajiban utang luar negeri yang jatuh tempo.
Selain pemerintah, peningkatan utang luar negeri juga berasal dari Bank Indonesia. Kenaikan ini dipicu oleh meningkatnya kepemilikan investor nonresiden pada instrumen Sekuritas Rupiah Bank Indonesia (SRBI).
Instrumen SRBI belakangan menjadi salah satu andalan BI dalam operasi moneter berbasis pasar (pro-market) sekaligus menjaga stabilitas nilai tukar rupiah di tengah gejolak global.
Di sisi lain, utang luar negeri swasta masih menunjukkan tren penurunan. Posisi ULN swasta pada Mei 2026 tercatat sebesar US$195,9 miliar atau terkontraksi 0,1% secara tahunan.
Meski masih negatif, kontraksi tersebut lebih rendah dibandingkan April 2026 yang mencapai 0,5%.
Dengan demikian, kenaikan total utang luar negeri Indonesia pada Mei 2026 sepenuhnya ditopang oleh sektor publik, sementara dunia usaha masih cenderung menahan ekspansi pembiayaan dari luar negeri.
Kendati meningkat, BI menegaskan struktur utang luar negeri Indonesia masih tergolong sehat. Rasio ULN terhadap Produk Domestik Bruto (PDB) tercatat sebesar 29,9%, sementara sekitar 83,9% dari total utang luar negeri merupakan utang berjangka panjang.
Bank Indonesia menegaskan akan terus memperkuat koordinasi dengan pemerintah untuk memastikan pengelolaan utang luar negeri tetap prudent dan mendukung pembiayaan pembangunan tanpa mengganggu stabilitas ekonomi nasional.",CNBC Indonesia,Business,2026-07-15,Neutral,"The article discusses the increase in Indonesia's external debt, providing statistical data and reasons behind the rise, but does not explicitly indicate positive or negative financial impact."
"Penjualan Meledak, Piutang Menggunung, Ada Apa dengan TGUK?","Jakarta, CNBC Indonesia — PT Platinum Wahab Nusantara Tbk. (TGUK), emiten pemilik merek minuman Teguk, membukukan lonjakan kinerja yang tidak biasa pada kuartal I-2026 setelah masuk ke bisnis perdagangan daging beku.
Penjualan perseroan melonjak menjadi Rp200,74 miliar hingga Maret 2026, dari hanya Rp726 juta pada periode yang sama tahun lalu. Di balik lonjakan tersebut, terdapat sejumlah angka yang menarik perhatian.
Pertama, piutang usaha TGUK ikut membengkak menjadi Rp198,36 miliar, naik lebih dari 10 kali lipat dibanding posisi akhir 2025 sebesar Rp19,1 miliar. Nilai piutang tersebut bahkan hampir setara dengan total penjualan yang dibukukan perseroan sepanjang kuartal I-2026.
Di sisi lain, utang usaha juga melonjak drastis menjadi Rp174,59 miliar, dari Rp27,93 miliar pada akhir tahun lalu. Sementara saldo kas perseroan justru tersisa Rp139 juta pada akhir Maret 2026.
Meski berhasil membukukan laba bersih Rp2,43 miliar, arus kas dari aktivitas operasi masih tercatat negatif sebesar Rp1,01 miliar, menandakan laba yang diperoleh belum sepenuhnya berubah menjadi kas.
Deretan angka tersebut kemudian mengundang permintaan penjelasan dari Bursa Efek Indonesia (BEI).
Dalam jawaban kepada BEI, TGUK menjelaskan lonjakan penjualan berasal dari lini usaha baru perdagangan frozen meat yang mulai beroperasi pada awal 2026. Perseroan menyebut sebagian besar transaksi dilakukan secara business to business (B2B) dengan skema pembayaran kredit selama 30-90 hari.
Perseroan juga mengakui sebagian besar transaksi penjualan dilakukan menjelang akhir Maret sehingga piutang tersebut belum jatuh tempo saat laporan keuangan disusun. Hingga 6 Juli 2026, TGUK mengklaim telah menagih Rp134,56 miliar atau sekitar 68% dari total piutang usaha per 31 Maret 2026 sebesar Rp198,26 miliar.
Sementara itu daftar pelanggan terbesar perseroan menunjukkan transaksi penjualan daging tersebut seluruhnya berstatus one-off transaction , bukan kontrak jangka panjang.
TGUK juga menjelaskan transaksi umumnya dilakukan berdasarkan purchase order dan kesepakatan harga saat transaksi sehingga tidak memerlukan kontrak kerja sama jangka panjang.
Dalam pemberian fasilitas kredit, perseroan menyebut hubungan dengan pelanggan lebih banyak didasarkan pada rekam jejak transaksi dan business trust atau gentlemen's agreement dibandingkan perjanjian kredit tertulis. Menurut perusahaan, praktik tersebut lazim di industri perdagangan daging dan tetap disertai evaluasi atas kemampuan pembayaran pelanggan.
TGUK menyatakan lonjakan penjualan juga ditopang faktor musiman menjelang Ramadan dan Idulfitri yang merupakan periode puncak permintaan daging, serta memanfaatkan jaringan bisnis investor strategis yang telah lama bergerak di industri perdagangan daging.",CNBC Indonesia,Business,2026-07-15,Positive,"The company reported a significant sales increase from Rp726 million to Rp200.74 billion and a net profit of Rp2.43 billion, indicating strong revenue growth and profitability despite challenges with receivables and cash flow."
BI: Utang Luar Negeri RI Naik Jadi US$444 M di Akhir Mei 2026,"Jakarta, CNBC Indonesia - Bank Indonesia (BI) melaporkan posisi Utang Luar Negeri (ULN) Indonesia hingga Mei 2026 tetap dalam kondisi terkendali di tengah ketidakpastian global yang masih tinggi.
Berdasarkan data BI, posisi ULN Indonesia pada Mei 2026 tercatat sebesar US$444,4 miliar atau tumbuh 2,1% secara tahunan (year on year/yoy). Angka ini sedikit lebih tinggi dibandingkan pertumbuhan pada April 2026 yang sebesar 2,0% (yoy).
Bank Indonesia menjelaskan kenaikan tersebut terutama ditopang oleh pertumbuhan utang luar negeri sektor publik, baik pemerintah maupun bank sentral, sementara ULN swasta masih mencatat kontraksi meski mulai melandai.
""Perkembangan tersebut dipengaruhi oleh pertumbuhan ULN publik, baik pemerintah maupun bank sentral, di tengah kontraksi pertumbuhan ULN swasta yang lebih rendah,"" tulis BI dalam laporannya, Rabu (15/7/2026).
Investor Asing Masih Percaya RI
Posisi ULN pemerintah pada Mei 2026 mencapai US$217,3 miliar atau tumbuh 3,7% (yoy), relatif stabil dibandingkan bulan sebelumnya.
BI menilai perkembangan tersebut terutama didorong oleh masuknya dana investor ke Surat Berharga Negara (SBN) internasional, yang mencerminkan masih terjaganya kepercayaan pasar terhadap prospek ekonomi Indonesia.
Meski demikian, pada saat yang sama pemerintah juga tetap melakukan pembayaran kewajiban utang luar negeri yang jatuh tempo.
BI menegaskan pemerintah terus menjaga kredibilitas fiskal dengan memenuhi kewajiban pembayaran pokok dan bunga utang secara tepat waktu serta mengelola utang secara hati-hati dan terukur.
Sebagai instrumen pembiayaan APBN, pemanfaatan ULN pemerintah diarahkan untuk mendukung sektor-sektor produktif. Porsi terbesar digunakan untuk sektor jasa kesehatan dan kegiatan sosial sebesar 22%, diikuti administrasi pemerintahan, pertahanan dan jaminan sosial wajib sebesar 20,6%, jasa pendidikan 16,2%, konstruksi 11,5%, serta transportasi dan pergudangan 8,5%.
Mayoritas utang pemerintah juga masih didominasi utang berjangka panjang sehingga dinilai lebih aman terhadap risiko pembiayaan jangka pendek.
Sementara itu, kenaikan ULN Bank Indonesia berasal dari meningkatnya kepemilikan investor asing pada instrumen Sekuritas Rupiah Bank Indonesia (SRBI). Kondisi tersebut sejalan dengan strategi operasi moneter pro-market yang ditempuh BI untuk menjaga stabilitas nilai tukar rupiah.
Utang Swasta Masih Menyusut
Di sisi lain, utang luar negeri swasta masih mengalami kontraksi. Posisi ULN swasta pada Mei 2026 tercatat sebesar US$195,9 miliar atau turun 0,1% dibandingkan periode yang sama tahun lalu.
Meski masih terkontraksi, penurunannya lebih kecil dibandingkan April 2026 yang mencapai 0,5%.
Perbaikan tersebut terutama ditopang oleh kelompok lembaga keuangan yang kontraksinya menyempit menjadi 0,8% dari sebelumnya 5,0%.
Berdasarkan sektor usaha, utang luar negeri swasta terbesar berasal dari industri pengolahan, jasa keuangan dan asuransi, pengadaan listrik dan gas, serta sektor pertambangan dan penggalian. Keempat sektor tersebut menyumbang sekitar 79,9% dari total ULN swasta.
ULN swasta juga masih didominasi utang jangka panjang dengan porsi mencapai 74,9% dari total utang luar negeri swasta.
Rasio Utang terhadap PDB Tetap Aman
BI menilai struktur utang luar negeri Indonesia tetap sehat. Hal ini tercermin dari rasio ULN terhadap Produk Domestik Bruto (PDB) yang berada di level 29,9% pada Mei 2026.
Selain itu, sekitar 83,9% dari total utang luar negeri Indonesia merupakan utang jangka panjang, sehingga dinilai lebih tahan terhadap gejolak pasar keuangan global.
BI menegaskan akan terus memperkuat koordinasi dengan pemerintah dalam memantau perkembangan utang luar negeri guna menjaga stabilitas ekonomi nasional.
""Indonesia akan terus mengoptimalkan peran ULN untuk menopang pembiayaan pembangunan dan mendorong pertumbuhan ekonomi nasional yang berkelanjutan. Upaya tersebut dilakukan dengan meminimalkan risiko yang dapat memengaruhi stabilitas perekonomian,"" tulis BI.",CNBC Indonesia,Business,2026-07-15,Neutral,"The article provides factual information about Indonesia's foreign debt increase, emphasizing that it remains under control with stable growth, investor confidence, and prudent management. It includes details on debt composition and government efforts to maintain economic stability without highlighting overtly positive or negative financial impacts."
"Kiblat Pusat Finansial Bentukan RI, Dubai atau Singapura?","Jakarta, CNBC Indonesia - Kementerian Keuangan (Kemenkeu) mengungkapkan sudah melakukan pertemuan dengan perwakilan dari Dubai International Financial Centre (DIFC), di mana pertemuan ini untuk mendapat masukan dari DIFC terkait Pusat Finansial Internasional Indonesia (PFII).
Direktur Jenderal (Dirjen) Stabilitas dan Pengembangan Sektor Keuangan Kemenkeu Herman Saheruddin mengatakan pemerintah sengaja mempelajari pengalaman dari sejumlah pusat finansial global, termasuk DIFC agar regulasi yang tengah disusun dapat diterapkan secara efektif di Indonesia.
""Ini kan hal baru ya di Indonesia, kita perlu meticulous atau detail gitu, yang penting kita ingin ini workable, Kalau sudah jadi ya bisa jalan,"" kata Herman saat ditemui wartawan usai rapat Panja terkait Rancangan Undang-Undang (RUU) PFII bersama Komisi XI DPR RI, Selasa (14/7/2026).
Herman melanjutkan, bentuk pusat finansial global cukup beragam, ada yang berbentuk murni pusat finansial atau berbentuk hub finansial.
Untuk Indonesia sendiri, Herman berharap bentuk pusat finansial nantinya bisa berbeda dengan pusat finansial global.
""Jadi bentuk financial center di global kan itu banyak ya, ada yang bentuknya pure financial center gitu, ada yang cuma hub saja, kalau di Indonesia kan banyak resourcesnya, artinya disitu tidak hanya financial center biasa, tapi juga disitu ada peluang-peluang pembiayaan dari luar negeri untuk domestik itu dibuka di sana,"" terangnya.
Herman berharap pusat finansial di Indonesia bisa menjadi gerbang pembiayaan bagi proyek-proyek strategis di dalam negeri.
""Intinya kalau kita ngandelin dari domestik aja kan saving investment gap-nya ada. Harapannya melalui pusat finansial kita, investor global yang belum masuk langsung ke Indonesia, bisa ikut membiayainya pembangunan dari sana,"" ujar Herman.
Purbaya Ketemu DIFC
Menteri Keuangan (Menkeu) Purbaya Yudhi Sadewa dan jajaran Kementerian Keuangan (Kemenkeu) ternyata telah bertemu dengan perwakilan dari Dubai International Financial Centre (DIFC) beberapa waktu lalu
""Kemarin kita ketemu dari jajaran Dubai financial center gitu ya. Kita mendengarkan masukan-masukan dari mereka,"" kata Herman.
Pada malam ini, pembahasan dengan DIFC akan berlanjut. Kali ini, Menkeu akan mendengar masukan dari mantan CEO DIFC.
""Yang nanti malam masih mendengar masukan dari DIFC, tapi kali ini mendengar dari eks CEO-nya,"" lanjut Herman.
Dalam masukan tersebut, cukup banyak masukan yang diberikan seperti halnya cara bentuk pusat finansial, keputusan yang lebih teliti, dan lain-lainnya.
""Masukan-masukannya banyak, seperti hal-hal yang lebih teliti bagaimana, bentuk pusat finansialnya bagaimana, karena kan enggak semua berbentuk pusat finansial utuh gitu, ada juga yang bentukannya hanya menjadi hub gitu, intinya banyak sih masukannya,"" terangnya.
Herman menambahkan, pembahasan dengan jajaran DIFC merupakan upaya pemerintah untuk membuka masukan-masukan dari berbagai pihak, agar Rancangan Undang-Undang (RUU) dan pembentukan PFII bisa berjalan dengan lancar tanpa ada masalah.
""Pertemuan ini bertujuan memberikan masukan kepada kami, karena kami harus meaningful participation. Kita dengerin semuanya gitu, termasuk dari DIFC,"" jelasnya.
BP BUMN Sebut Dubai
Adapun, Badan Pengaturan Badan Usaha Milik Negara (BP BUMN) menyebut Dubai menjadi benchmark dalam pengembangan PFII.
""Dalam pengembangannya, pemerintah menggunakan Dubai International Financial Centre (DIFC) sebagai benchmark karena telah terbukti mengubah Dubai menjadi salah satu pusat keuangan dunia,"" tulis akun Instagram @bumn_id dalam unggahannya, dikutip Rabu (15/7/2026).
BP BUMN menjelaskan Dubai saat ini menerapkan insentif pajak korporasi hingga 0% selama 40 tahun, menjadi tempat bekerja bagi lebih dari 50.000 profesional, serta dikenal sebagai ""Wall Street of MEASA"" alias Middle East, Africa, and South Asia.
""Melalui model yang diadaptasi tersebut, Pusat Finansial Internasional Indonesia (PFIl) di Bali diharapkan mampu menarik investasi global, memperdalam pasar keuangan domestik, dan memperkuat posisi Indonesia di kancah internasional,"" tulis BP BUMN.
Guna mendukung pembangunan PFIl, pada 14 Juli 2026, Kepala BP BUMN sekaligus Chief of Operation (COO) Danantara Indonesia, Dony Oskaria, menggelar rapat bersama
Chief Investment Officer (CIO) Danantara Indonesia, Pandu Sjahrir, serta jajaran Managing Director dan Board of Directors (BoD) BPI Danantara.
Pembahasan difokuskan pada kesiapan strategi investasi, pembangunan ekosistem keangan berstandar global, serta peran Danantara dalam pengembangan aset, infrastruktur, dan layanan PFIl.
""Melalui langkah ini, Bali diharapkan mampu menjadi magnet investasi internasional, memperkuat daya saing Indonesia, serta membuka peluang pertumbuhan ekonomi yang berkelanjutan,"" kata unggahan tersebut.",CNBC Indonesia,Business,2026-07-15,Neutral,"The article discusses the Indonesian government's meetings with Dubai's financial center to gather insights for establishing an international financial center, but does not indicate clear positive or negative financial impacts."
"Harga Minyak Dunia Terus Meroket, Sekarang Tembus US$85,72 per Barel","Jakarta, CNBC Indonesia - Harga minyak dunia kembali melesat pada perdagangan Rabu (15/7/2026), memperpanjang reli selama dua hari terakhir setelah konflik Amerika Serikat (AS) dan Iran kembali memanas. Kekhawatiran pasar kini tertuju pada potensi gangguan pasokan energi dari kawasan Teluk, terutama Selat Hormuz yang menjadi jalur vital perdagangan minyak dunia.
Berdasarkan Refinitiv per pukul 09.20 WIB, harga minyak Brent berada di US$85,72 per barel , naik 1,17% dibandingkan penutupan sebelumnya di US$84,73 per barel. Sementara itu, minyak mentah West Texas Intermediate (WTI) menguat ke US$80,12 per barel , naik 0,98% dari posisi US$79,34 per barel.
Kenaikan ini memperpanjang reli tajam yang sudah terjadi sehari sebelumnya. Dalam dua hari perdagangan, Brent telah melonjak sekitar 2,9% , sedangkan WTI menguat lebih dari 2,5% . Dibandingkan penutupan 10 Juli, kenaikan Brent bahkan telah mencapai hampir 13% , sementara WTI melesat lebih dari 12% .
Lonjakan harga terjadi setelah Presiden AS Donald Trump kembali memberlakukan blokade laut terhadap seluruh pelabuhan Iran. Di saat yang sama, Iran membalas dengan serangan terhadap sejumlah target militer dan infrastruktur AS di kawasan Timur Tengah. Eskalasi tersebut memicu kekhawatiran bahwa konflik akan semakin meluas dan mengganggu distribusi energi global.
Melansir Reuters, militer AS pada Rabu dini hari kembali melancarkan serangan untuk melemahkan kemampuan Iran yang digunakan dalam menyerang kapal-kapal komersial di Selat Hormuz. Di sisi lain, Teheran menyatakan kembali menutup jalur pelayaran tersebut setelah konflik dengan AS kembali pecah pekan lalu.
Selat Hormuz memiliki posisi yang sangat strategis dalam rantai pasok energi global. Sebelum perang pecah, sekitar seperlima perdagangan minyak dunia dan gas alam cair (LNG) melewati jalur sempit tersebut setiap harinya. Gangguan sekecil apa pun di kawasan ini langsung memengaruhi ekspektasi pasokan dunia dan mendorong investor membayar premi risiko yang lebih tinggi.
Konflik kali ini turut menyasar fasilitas yang berkaitan dengan sektor energi. Dalam wawancara dengan Fox News, Trump menyatakan target energi Iran masih menjadi opsi berikutnya. Pernyataan tersebut memperbesar kekhawatiran pasar terhadap kemungkinan serangan yang dapat mengganggu produksi maupun ekspor minyak dari kawasan Teluk.
Iran pun meningkatkan respons militernya. Angkatan bersenjata Iran mengklaim telah meluncurkan serangan drone ke pangkalan militer AS di Azraq, Yordania. Korps Garda Revolusi Islam (IRGC) juga mengaku menyerang gudang senjata dan fasilitas penyimpanan di Bahrain serta Kuwait, meski laporan tersebut belum dapat diverifikasi secara independen.
Bagi pelaku pasar, risiko saat ini bukan lagi terbatas pada penutupan Selat Hormuz. Perhatian kini mulai bergeser ke kemungkinan kerusakan infrastruktur energi di kawasan Teluk yang memasok sebagian besar kebutuhan minyak dunia.
Analis Pasar KCM Trade Tim Waterer mengatakan peluang harga minyak kembali mendekati US$100 per barel masih terbuka apabila konflik terus meningkat dan mulai merusak fasilitas energi di kawasan Teluk. Di sisi lain, apabila jalur diplomasi kembali berjalan dan Selat Hormuz dapat dibuka, harga Brent diperkirakan bertahan pada kisaran US$75-80 per barel .
CNBC Indonesia",CNBC Indonesia,Business,2026-07-15,Negative,"The article discusses rising oil prices due to escalating tensions between the US and Iran, leading to concerns about supply disruptions and potential economic impacts."
"RI Ngebut, Mau Bangun 'Dubai' Baru di Bali","Jakarta, CNBC Indonesia - Pemerintah mempersiapkan Bali menjadi Pusat Finansial Internasional Indonesia (PFII) yang diharapkan mampu memperkuat daya saing Indonesia sebagai pusat keuangan global. Badan Pengaturan Badan Usaha Milik Negara (BP BUMN) menyebut Dubai menjadi benchmark dalam pengembangan PFII.
""Dalam pengembangannya, pemerintah menggunakan Dubai International Financial Centre (DIFC) sebagai benchmark karena telah terbukti mengubah Dubai menjadi salah satu pusat keuangan dunia,"" tulis akun Instagram @bumn_id dalam unggahannya, dikutip Rabu (15/7/2026).
BP BUMN menjelaskan Dubai saat ini menerapkan insentif pajak korporasi hingga 0% selama 40 tahun, menjadi tempat bekerja bagi lebih dari 50.000 profesional, serta dikenal sebagai ""Wall Street of MEASA"" alias Middle East, Africa, and South Asia.
""Melalui model yang diadaptasi tersebut, Pusat Finansial Internasional Indonesia (PFIl) di Bali diharapkan mampu menarik investasi global, memperdalam pasar keuangan domestik, dan memperkuat posisi Indonesia di kancah internasional,"" tulis BP BUMN.
Guna mendukung pembangunan PFIl, pada 14 Juli 2026, Kepala BP BUMN sekaligus Chief of Operation (COO) Danantara Indonesia, Dony Oskaria, menggelar rapat bersama Chief Investment Officer (CIO) Danantara Indonesia, Pandu Sjahrir, serta jajaran Managing Director dan Board of Directors (BoD) BPI Danantara.
Pembahasan difokuskan pada kesiapan strategi investasi, pembangunan ekosistem keuangan berstandar global, serta peran Danantara dalam pengembangan aset, infrastruktur, dan layanan PFIl.
""Melalui langkah ini, Bali diharapkan mampu menjadi magnet investasi internasional, memperkuat daya saing Indonesia, serta membuka peluang pertumbuhan ekonomi yang berkelanjutan,"" kata unggahan tersebut.",CNBC Indonesia,Business,2026-07-15,Positive,"The article discusses the government's plan to develop Bali as an International Financial Center, aiming to attract global investment, enhance Indonesia's financial market, and boost economic growth. The mention of Dubai as a benchmark and the focus on strategic investments indicate a positive outlook for the project."
"Rupiah Menguat 0,17% Pagi Ini, Dolar AS Turun Jadi Rp18.050","Jakarta, CNBC Indonesia - Nilai tukar rupiah dibuka menguat terhadap dolar Amerika Serikat (AS) pada perdagangan hari ini, Rabu (15/7/2026). Penguatan terjadi seiring pelemahan indeks dolar AS.
Melansir data Refinitiv , pada pagi ini mata uang Garuda berhasil terapresiasi 0,17% atau menguat ke posisi Rp18.050/US$.
Penguatan ini sekaligus melanjutkan kinerja positif rupiah pada penutupan perdagangan sebelumnya. Pada Selasa (14/7/2026), rupiah ditutup menguat 0,11% ke level Rp18.080/US$.
Sementara itu, indeks dolar AS (DXY), yang mengukur kekuatan greenback terhadap enam mata uang utama dunia, per pukul 09.00 WIB terpantau berada dalam tekanan. DXY melemah 0,12% ke posisi 100,797, melanjutkan koreksi pada hari sebelumnya ketika indeks dolar AS jatuh 0,31%.
Pergerakan rupiah pada perdagangan hari ini diperkirakan masih akan dipengaruhi dinamika dolar AS di pasar global yang tengah mengalami pelemahan.
Indeks dolar AS melemah setelah pengumuman inflasi tahunan AS turun menjadi 3,5% pada Juni 2026. Angka tersebut menandai penurunan pertama dalam empat bulan terakhir, lebih rendah dibandingkan posisi Mei 2026 yang sebesar 4,2%, serta berada di bawah proyeksi konsensus sebesar 3,8%.
Secara rinci, indeks energi masih mencatat kenaikan tahunan sebesar 15,7%, sementara harga makanan naik 3,0%. Namun secara bulanan, Indeks Harga Konsumen (IHK) AS mencatat deflasi 0,4%. Realisasi tersebut lebih dalam dibandingkan ekspektasi deflasi 0,1%.
Deflasi bulanan ini menjadi yang pertama sejak Mei 2020. Penurunan tersebut juga menjadi kontraksi bulanan terbesar sejak April 2020, atau pada masa awal pandemi Covid-19.
Data inflasi yang lebih rendah dari perkiraan membuat ekspektasi pasar terhadap pengetatan kebijakan moneter bank sentral AS (The Federal Reserve/The Fed) ikut mereda.
Berdasarkan CME FedWatch Tool, peluang kenaikan suku bunga pada Juli turun menjadi 16%, dari 42% pada Senin. Meski begitu, peluang kenaikan suku bunga pada tahun ini masih cukup besar, yakni 80%, turun dari 89% pada Senin.
Melemahnya dolar AS di pasar global pada akhirnya membuka ruang penguatan bagi mata uang negara lain, termasuk rupiah.",CNBC Indonesia,Business,2026-07-15,Neutral,"The article provides factual information about the Rupiah's exchange rate performance and the U.S. dollar's decline, without explicit positive or negative financial impact on companies or economic indicators beyond currency movements."
"IHSG Sesi I Dibuka Menguat 0,47% ke Level 6.068","Jakarta, CNBC Indonesia - Indeks Harga Saham Gabungan (IHSG) dibuka menguat pada perdagangan Rabu (15/7/2026), di tengah dominasi sentimen global yang masih dibayangi ketegangan geopolitik di Timur Tengah.
Merujuk data Bursa Efek Indonesia (BEI), pada pembukaan perdagangan pukul 09.00 WIB, IHSG naik 28,51 poin atau 0,47% ke level 6,068,03. Sebanyak 222 saham menguat, 72 saham melemah, dan 328 saham bergerak stagnan, dengan nilai transaksi mencapai Rp 124,74 miliar yang melibatkan 205,18 juta saham dalam 38.208 kali transaksi.
Adapun emiten yang paling ramai ditransaksikan hari ini adalah BBCA, TPIA, BBRI, BMRI dan BUMI.
Pada perdagangan hari ini, sentimen pasar global dipengaruhi oleh rilis dua data makroekonomi utama pada hari sebelumnya yang memberikan sinyal pergeseran fundamental.
Penurunan inflasi Amerika Serikat akibat efek gencatan senjata dan rekor surplus perdagangan China menjadi fokus utama para investor. Pernyataan Ketua The Fed Kevin Warsh juga akan menjadi sorotan.
Memasuki sesi perdagangan hari ini, perhatian pelaku pasar akan beralih pada serangkaian rilis data ekonomi krusial lainnya, termasuk kinerja kuartalan ekonomi China, inflasi tingkat produsen AS, hingga data utang luar negeri dari dalam negeri, serta kelanjutan agenda penting dari bank sentral AS.
Dari domestik, Bursa Efek Indonesia (BEI) kembali menambah daftar saham dengan High Shareholding Concentration (HSC) atau kepemilikan saham yang sangat terkonsentrasi.
Melalui evaluasi terbaru, jumlah emiten yang masuk dalam daftar HSC per Rabu (15/7/2026) pukul 08.00 WIB bertambah menjadi 51 saham. Sebelumnya, pada 3 April 2026, BEI mengumumkan data 10 perusahaan berstatus HSC.
Sebagai catatan, HSC merupakan kategori saham yang mayoritas kepemilikannya dikuasai oleh satu pihak atau kelompok pihak yang terafiliasi, sehingga jumlah saham yang beredar di publik relatif terbatas. Informasi ini dipublikasikan sebagai bagian dari upaya meningkatkan transparansi dan perlindungan investor di pasar modal.
Saham dengan kepemilikan terkonsentrasi tinggi dinilai memiliki risiko yang jauh lebih besar dibandingkan saham dengan free float besar.
Pasalnya, kendali harga dan likuiditas berada di tangan segelintir pihak, bukan sepenuhnya oleh mekanisme pasar.
Dengan dikuasai segelintir pihak maka volume transaksi bisa menjadi terbatas, investor akan kesulitan dalam menjual saham saat pasar bergejolak.
Kepemilikan yang terbatas juga memungkinkan harga melonjak sangat tinggi dan jatuh dalam hanya karena transaksi kecil dari pemilik utama. Harga yang bisa dikontrol oleh segelintir pihak ini tentu tidak mencerminkan pasar saham secara keseluruhan.
Sementara itu, Bursa Asia Pasifik dibuka menguat pada perdagangan Rabu (16/7/2026). Penguatan terbesar terjadi di Korea Selatan, sementara bursa Jepang dan Australia juga bergerak di zona hijau.
Melansir CNBC, pergerakan bursa Asia didorong sentimen positif dari meredanya inflasi Amerika Serikat dan ekspektasi bahwa bank sentral AS tidak akan agresif menaikkan suku bunga dalam waktu dekat.
Indeks Kospi melonjak 6,3% pada awal perdagangan, sedangkan indeks saham berkapitalisasi kecil Kosdaq naik 4%. Di Jepang, indeks Nikkei 225 dan Topix masing-masing menguat 0,9%, sementara indeks acuan Australia S&P/ASX 200 naik 0,6%.
Sentimen pasar membaik setelah data inflasi Amerika Serikat menunjukkan perlambatan yang lebih besar dari perkiraan. Indeks harga konsumen (CPI) turun 0,4% pada Juni dibandingkan bulan sebelumnya, sehingga laju inflasi tahunan melandai menjadi 3,5%.
Angka tersebut lebih rendah dibandingkan proyeksi ekonom yang disurvei Dow Jones, yang memperkirakan penurunan bulanan sebesar 0,2% dan inflasi tahunan 3,8%. Data ini mendorong pelaku pasar mengurangi ekspektasi pengetatan moneter agresif oleh bank sentral AS.
Berdasarkan FedWatch Tool milik CME Group, probabilitas kenaikan suku bunga pada rapat Federal Reserve bulan Juli turun menjadi 17% dari sebelumnya 42%. Meski demikian, pasar masih memperkirakan suku bunga akan naik pada akhir tahun ini, dengan probabilitas 63% bahwa suku bunga akan lebih tinggi 25 hingga 50 basis poin setelah pertemuan September.",CNBC Indonesia,Business,2026-07-15,Positive,"The IHSG opened with a 0.47% increase, indicating a positive market sentiment."
Intip 5 Rekomendasi Saham yang Potensi Kasih Cuan Hari Ini,"Jakarta, CNBC Indonesia - Indeks Harga Saham Gabungan (IHSG) ditutup nyaris tidak bergerak dengan kenaikan tipis 0,03% ke level 6.039,52 pada perdagangan Selasa (14/7).
Penguatan indeks ditopang oleh kenaikan saham BRMS yang melesat 8,49%, disusul BREN sebesar 4,64% dan ENRG yang melonjak 16,33%. Di sisi lain, saham-saham perbankan berkapitalisasi besar seperti BBRI, BBCA, dan BMRI menjadi penekan utama pergerakan indeks setelah masing-masing turun 2,44%, 1,61%, dan 2,12%.
Investor asing masih membukukan aksi jual bersih senilai Rp885,58 miliar di pasar reguler dan Rp830,60 miliar di seluruh pasar. Secara sektoral, 10 dari 11 sektor ditutup menguat dengan sektor energi memimpin kenaikan sebesar 1,51%, sedangkan sektor keuangan menjadi satu-satunya sektor yang melemah dengan penurunan 1,67%.
Sementara itu, bursa saham Amerika Serikat ditutup menguat, dengan indeks Dow Jones naik tipis 0,02%, S&P 500 menguat 0,38%, dan Nasdaq bertambah 0,90%.
Pelaku pasar juga mencermati kebijakan terbaru Bursa Efek Indonesia (BEI) terkait metode penentuan saham dengan kategori High Shareholding Concentration (HSC). BEI kini menggunakan indikator Price Impact Ratio (PIR) sebagai dasar identifikasi, sehingga jumlah emiten dalam daftar HSC bertambah menjadi 52 perusahaan dari sebelumnya 15 emiten. PIR mengukur sensitivitas perubahan harga saham terhadap aktivitas transaksi, sehingga nilai yang lebih tinggi dapat mencerminkan likuiditas yang relatif rendah serta tingkat konsentrasi kepemilikan yang lebih besar.
Dari aksi korporasi, PT Berlina Tbk (BRNA) berencana menggelar Penambahan Modal dengan Hak Memesan Efek Terlebih Dahulu (PMHMETD III) melalui penerbitan maksimal 543,95 juta saham baru atau setara 55,56% dari modal ditempatkan dan disetor penuh, dengan harga pelaksanaan Rp685 per saham dan rasio HMETD 9:5. Melalui aksi ini, perseroan berpotensi menghimpun dana sekitar Rp372,61 miliar apabila seluruh saham baru diterbitkan melalui penyetoran tunai.
Dalam pelaksanaannya, pemegang saham pengendali Dwi Satrya Utama (DSU) akan melaksanakan seluruh haknya melalui mekanisme konversi utang menjadi saham senilai maksimal Rp264,38 miliar tanpa penyetoran dana tunai, sekaligus bertindak sebagai pembeli siaga atas saham yang tidak diambil pemegang saham lain.
Perseroan juga akan menerbitkan maksimal 181,32 juta Waran Seri I secara cuma-cuma dengan rasio 3:1 dan harga pelaksanaan Rp800 per saham. Dana yang diperoleh dari penyetoran tunai maupun pelaksanaan waran akan digunakan untuk modal kerja.
Manajemen menyampaikan bahwa konversi utang tersebut diharapkan dapat memperkuat struktur permodalan perseroan. Berdasarkan proforma per 31 Maret, total liabilitas diproyeksikan turun menjadi Rp1,03 triliun dari Rp1,24 triliun, sementara total ekuitas meningkat menjadi Rp1,39 triliun dari Rp1,02 triliun.
Dengan demikian, rasio utang terhadap ekuitas (DER) diperkirakan membaik dari 1,22 kali menjadi 0,74 kali. Rencana tersebut akan dimintakan persetujuan pemegang saham dalam RUPSLB yang dijadwalkan berlangsung pada 5 Agustus.
Sementara itu, PT Citra Nusantara Gemilang Tbk (CGAS) menargetkan peningkatan kapasitas jaringan stasiun compressed natural gas (CNG) menjadi 13,70 MMSCFD pada 2027 dari kapasitas saat ini sebesar 12,70 MMSCFD. Penambahan kapasitas tersebut akan didukung oleh beroperasinya CNG Station Simpang Y di Kabupaten Ogan Ilir, Sumatra Selatan, dengan kapasitas 1 MMSCFD yang ditargetkan mulai beroperasi secara komersial pada kuartal I-2027.
Fasilitas tersebut akan memperoleh pasokan gas dari Sumsel Energi Gemilang dan ditargetkan mampu mencatatkan volume penjualan hingga 5 juta Sm³ per tahun. Manajemen menyebut pembangunan infrastruktur tersebut merupakan bagian dari strategi jangka panjang untuk memperluas jaringan distribusi gas bumi nasional, khususnya di wilayah Sumatra bagian selatan, sekaligus meningkatkan kapasitas distribusi dan memperkuat pangsa pasar perseroan.
INDY - Buy 2180-2200 | TP 2240-2300 | SL 2080
[Gambas:Produk Investasi by Investasiku]
INCO - Buy 4890-4910 | TP 4950-5000 | SL 4600
[Gambas:Produk Investasi by Investasiku]
INET - Buy 214-216 | TP 222-230 | SL 204
[Gambas:Produk Investasi by Investasiku]
KEEN - Buy 840-850 | TP 865-875 | SL 810
[Gambas:Produk Investasi by Investasiku]
ASSA - Buy 605-610 | TP 625-630 | SL 575
[Gambas:Produk Investasi by Investasiku]
Disclaimer: Ingat, bahwa segala analisis dan rekomendasi saham dalam artikel ini bersifat informatif sekaligus bukan merupakan ajakan untuk membeli atau menjual saham tertentu.",CNBC Indonesia,Business,2026-07-15,Positive,"The article mentions stock price increases, positive market movements, and company expansions, indicating a positive sentiment."
"Bursa Asia Perkasa Hari Ini, Kospi Korea Terbang 6,3%","Jakarta, CNBC Indonesia - Bursa Asia Pasifik dibuka menguat pada perdagangan Rabu (16/7/2026). Penguatan terbesar terjadi di Korea Selatan, sementara bursa Jepang dan Australia juga bergerak di zona hijau.
Melansir CNBC, pergerakan bursa Asia didorong sentimen positif dari meredanya inflasi Amerika Serikat dan ekspektasi bahwa bank sentral AS tidak akan agresif menaikkan suku bunga dalam waktu dekat.
Indeks Kospi melonjak 6,3% pada awal perdagangan, sedangkan indeks saham berkapitalisasi kecil Kosdaq naik 4%. Di Jepang, indeks Nikkei 225 dan Topix masing-masing menguat 0,9%, sementara indeks acuan Australia S&P/ASX 200 naik 0,6%.
Sentimen pasar membaik setelah data inflasi Amerika Serikat menunjukkan perlambatan yang lebih besar dari perkiraan. Indeks harga konsumen (CPI) turun 0,4% pada Juni dibandingkan bulan sebelumnya, sehingga laju inflasi tahunan melandai menjadi 3,5%.
Angka tersebut lebih rendah dibandingkan proyeksi ekonom yang disurvei Dow Jones, yang memperkirakan penurunan bulanan sebesar 0,2% dan inflasi tahunan 3,8%. Data ini mendorong pelaku pasar mengurangi ekspektasi pengetatan moneter agresif oleh bank sentral AS.
Berdasarkan FedWatch Tool milik CME Group, probabilitas kenaikan suku bunga pada rapat Federal Reserve bulan Juli turun menjadi 17% dari sebelumnya 42%. Meski demikian, pasar masih memperkirakan suku bunga akan naik pada akhir tahun ini, dengan probabilitas 63% bahwa suku bunga akan lebih tinggi 25 hingga 50 basis poin setelah pertemuan September.
Pendiri Vital Knowledge, Adam Crisafulli, mengatakan perlambatan inflasi memang banyak dipengaruhi harga energi, tetapi penurunan tekanan harga juga terlihat di berbagai kategori lainnya. Menurutnya, kondisi tersebut menjadi kabar baik bagi investor, meski inflasi masih tergolong tinggi dan kenaikan harga minyak serta perkembangan kecerdasan buatan (AI) tetap berpotensi mendorong inflasi.
Pelaku pasar juga menantikan gelombang laporan keuangan emiten besar Amerika Serikat yang akan dirilis pada Rabu waktu setempat. Sejumlah perusahaan yang dijadwalkan mengumumkan kinerja kuartalan antara lain United Airlines, Morgan Stanley, Johnson & Johnson, dan BlackRock.
Musim laporan keuangan di Amerika Serikat sejauh ini dimulai dengan hasil yang cukup solid. Pada perdagangan sebelumnya, JPMorgan Chase, Bank of America, Citigroup, Wells Fargo, dan Goldman Sachs berhasil membukukan kinerja di atas ekspektasi analis.",CNBC Indonesia,Business,2026-07-15,Positive,"The article reports significant stock market gains in Asia, particularly the Kospi index rising 6.3%, driven by positive US inflation data and reduced expectations of aggressive US interest rate hikes. This indicates improved market sentiment and economic outlook."
Bahas Lengkap Implementasi P2SK: Momentum Penting Sistem Keuangan RI,"Jakarta, CNBC Indonesia - Di tengah dinamika ekonomi global yang penuh ketidakpastian, Indonesia perlu memperkuat fondasi sektor keuangan untuk menjaga stabilitas ekonomi sekaligus mendukung pertumbuhan yang berkelanjutan. Implementasi Undang-Undang Nomor 4 Tahun 2023 tentang Pengembangan dan Penguatan Sektor Keuangan (P2SK) menjadi langkah strategis untuk memperkuat stabilitas sistem keuangan, memperdalam pasar keuangan, memperluas akses pembiayaan, serta meningkatkan daya saing Indonesia dalam menarik investasi global.
Melalui P2SK, Indonesia memiliki peluang untuk membangun ekosistem keuangan yang lebih modern, inklusif, dan kompetitif. Penguatan koordinasi antara regulator, lembaga jasa keuangan, dan pelaku industri diharapkan mampu menciptakan sistem keuangan yang lebih tangguh, memperkuat pasar modal sebagai sumber pembiayaan jangka panjang, serta mendorong pertumbuhan sektor riil dan investasi nasional.
Selain memperkuat sektor keuangan, P2SK juga membuka peluang untuk meningkatkan posisi Indonesia dalam rantai nilai global melalui pengembangan ekosistem sumber daya alam, penguatan Danantara Sumber Daya Indonesia (DSI), serta pengembangan Bursa Mineral sebagai langkah menuju Indonesia sebagai acuan harga komoditas dunia. Di sisi lain, optimalisasi peran emiten BUMN dan perusahaan strategis diharapkan mampu meningkatkan likuiditas pasar modal sekaligus menopang daya saing dan kinerja pasar saham nasional.
Reformasi sektor keuangan melalui P2SK juga menjadi momentum untuk mendorong Indonesia sebagai pusat keuangan internasional (international financial hub). Didukung inovasi, digitalisasi, serta kepastian regulasi, Indonesia memiliki potensi untuk menarik arus investasi global yang lebih besar, memperkuat posisi sebagai destinasi investasi, sekaligus meningkatkan daya saing ekonomi nasional di tengah perubahan lanskap ekonomi dunia.
Untuk itu dalam mendorong pertumbuhan ekonomi yang berkelanjutan di tengah ketidakpastian global, CNBC Indonesia menggelar Investment Forum 2026 dengan tema ""P2SK: Mendorong Stabilitas, Investasi, dan Daya Saing Indonesia"", pada Rabu, 15 Juli 2026, di Bursa Efek Indonesia, pukul 14.00 WIB.
Sebagai bagian dari rangkaian CNBC Indonesia Economic Update, Investment Forum 2026 menghadirkan regulator, pelaku industri, investor, dan pemangku kepentingan untuk membahas peluang serta tantangan implementasi P2SK dalam memperkuat posisi Indonesia di sektor keuangan dan ekonomi global.
Mereka di antaranya Direktur Utama Bursa Efek Indonesia Jeffrey Hendrik, Wakil Ketua DPR RI Sari Yuliati, dan Ketua Komisi XI DPR RI Mukhamad Misbakhun. Akan hadir juga Menteri Keuangan Purbaya Yudhi Sadewa, Deputi Gubernur Senior BI Destry Damayanti, dan Ketua Dewan Komisioner Otoritas Jasa Keuangan (OJK) Friderica Widyasari Dewi.
Melalui forum ini, diharapkan dapat tercipta ruang diskusi strategis untuk membahas peran sektor keuangan dalam mendorong pertumbuhan ekonomi, memperkuat pasar modal dan industri strategis nasional, serta mengidentifikasi peluang dan tantangan dalam meningkatkan daya saing Indonesia di tengah dinamika ekonomi global yang terus berkembang.
Ada pun acara ini didukung oleh Bank Indonesia , Otoritas Jasa Keuangan, PT Bank Rakyat Indonesia (Persero) Tbk, PT Bank Negara Indonesia (Persero) Tbk, PT Bank Mandiri (Persero) Tbk dan Telkom Indonesia Elevating Your Future.
CNBC Investment Forum 2026 dapat disimak secara eksklusif dan live di CNBC Indonesia TV dan streaming di CNBC Indonesia. Pantau terus cnbcindonesia.com dan CNBC Indonesia TV untuk update informasi seputar ekonomi dan bisnis.",CNBC Indonesia,Business,2026-07-15,Positive,"The article discusses the implementation of P2SK as a strategic move to strengthen financial stability, attract global investment, enhance competitiveness, and position Indonesia as an international financial hub, indicating positive economic and financial development."
Asing Terciduk Ramai-Ramai Lego 10 Saham Ini Kala IHSG Tak Bergerak,"Jakarta, CNBC Indonesia - Indeks Harga Saham Gabungan (IHSG) nyaris tidak bergerak pada perdagangan Selasa (14/7/2026). Setelah sehari sebelumnya menguat tinggi, indeks hanya mampu naik 0,03% ke level 6.039,52.
Nilai transaksi kemarin mencapai Rp15,36 triliun, melibatkan 26,48 miliar saham dalam 2,59 juta kali transaksi. Sebanyak 422 saham menguat, 206 turun, dan 165 stagnan.
Sementara itu, investor asing mencatatkan penjualan bersih sebesar Rp830,60 miliar di seluruh pasar dan sebesar Rp885,58 miliar di pasar reguler. Di samping itu, asing juga mencatatkan pembelian bersih sebesar Rp54,98 miliar di pasar negosiasi dan tunai.
Dengan demikian, apa saja saham yang kompak dilepas asing saat IHSG beradq di zona hijau? Mengutip Stockbit, berikut 10 net foreign sell perdagangan Selasa!",CNBC Indonesia,Business,2026-07-15,Neutral,"The article reports on foreign investors selling stocks and the slight movement of the IHSG, but does not indicate clear positive or negative financial outcomes for companies or the economy."
"BTN Ungkap Paylater Bakal Meluncur Tahun Ini, Sedang Tahap Pengajuan","Jakarta, CNBC Indonesia - PT Bank Tabungan Negara (Persero) Tbk. (BBTN) menyatakan produk buy now pay later (BNPL) alias paylater sedang dalam tahap pengajuan perizinan. Direktur IT BTN, Tan Jacky Chen membidik paylater milik bank pelat merah tersebut bisa meluncur tahun ini juga.
""Paylater saat ini kita mulai pengembangan. Dan secara bisnis sedang dilakukan pengajuan untuk perizinan dari sisi paylater,"" kata Jacky saat ditemui di Gedung Menara Radius Prawiro, Selasa (14/7/2026).
Ia mengatakan pihaknya juga memperkuat perhitungan baik dari sisi bisnis dan juga secara regulasi, compliance, dan tata kelola produk BNPL tersebut.
""Jadi secara sistem, secara bertahap kami melakukan parallel untuk pengembangan dari sistem paylater sendiri,"" tutur Jacky.
Terkait plafon paylater tersebut, Jacky mengatakan BTN akan menentukan setiap nasabah berdasarkan profil dan segmentasi nasabah.
""Karena setiap profil dan setiap segmen kan berbeda dan use case-nya pun nanti kita akan sesuaikan dengan profil dan segmen yang nanti kita anggap sebagai eligible menerima paylater atau yang akan mengajukan,"" ungkap Jacky.
Ia membeberkan bahwa paylater tersebut akan berada di super app BTN, Bale. Jacky menyatakan bahwa bank yang fokus pada pembiayaan perumahan itu juga terus memperkuat Bale sebagai produk unggulannya.
""Karena Bale kan sebagai produk champion kita. Kita akan memperkuat di situ, itu sebagai super apps kami. Jadi island-island yang dipunya dari consumer, dari lending gitu ya salah satunya dari paylater, nanti gatewaynya masuk lewat Bale,"" terangnya.
Pada kesempatan itu, Jacky juga mengungkapkan BTN telah menyerap belanja modal alias capital expenditure (capex) bidang IT, lebih dari 50%, sesuai dengan target mereka. Menurutnya, jumlah capex IT BTN tahun ini meningkat sekitar 10% hingga 15%.
""Tapi memang nanti penyerapannya akan semakin tinggi. Semakin besar di akhir tahun. Jadi memang sesuai dengan target kami terkait penyerapan dari capex,"" tutur Jacky.
Pada bulan Februari lalu, Direktur Consumer Banking BTN, Hirwandi Gafar mengungkapkan bahwa pihaknya telah meraih persetujuan dari Otoritas Jasa Keuangan (OJK) untuk menjalankan produk BNPL, dan saat ini sedang berproses di Bank Indonesia (BI).
Pada saat itu, Hirwandi membidik paylater BTN dapat diluncurkan pada triwulan I-2026 lalu.
Ia mengatakan peluncuran paylater sebagai bagian dari BTN yang ingin menjadi ""beyond mortgage"" dan masuk dalam gaya hidup para nasabahnya.",CNBC Indonesia,Business,2026-07-15,Neutral,"The article discusses BTN's development of a paylater product, its regulatory approval process, and IT investments, but does not indicate clear positive or negative financial outcomes."
"Harga Pertamax Turbo dkk Turun, Mendagri: Mudah-mudahan Bisa Turunkan Inflasi","JAKARTA, KOMPAS.com - Pemerintah melalui PT Pertamina (Persero) telah menyesuaikan harga bahan bakar minyak (BBM) nonsubsidi pada Juli 2026, di antaranya Pertamax Turbo dan Dex Series , yakni Pertamina Dex, dan Dexlite.
Menteri Dalam Negeri (Mendagri) Muhammad Tito Karnavian mengatakan, penurunan BBM nonsubsidi pada Juli diharapkan dapat membantu menekan laju inflasi.
“BBM kan jenis bensin di Juli diturunkan harganya. Mudah-mudahan akan berpengaruh juga untuk menurunkan inflasi,” ujar Tito usai rapat koordinasi (rakor) di gedung Kementerian Koordinator Bidang Perekonomian (Kemenko Perekonomian), Jakarta Pusat, Selasa (14/7/2926).
Berdasarkan data Badan Pusat Statistik (BPS), inflasi secara bulanan ( month-to-month / mtm ) pada Juni 2026 tercatat naik sebesar 0,44 persen dibandingkan Mei 2026.
Sementara itu, inflasi secara tahunan ( year-on-year / yoy ) di periode Juni tahun ini juga naik 3,34 persen dibandingkan periode yang sama tahun sebelumnya.
Meski begitu, Tito menilai tingkat inflasi Indonesia pada Juni masih berada dalam kondisi yang relatif terkendali.
“Jadi tadi saya sudah menyampaikan beberapa hal. Yang intinya adalah inflasi kita di angka 3,34 relatif terkendali di bawah target nasional 3,5 persen maksimal,” paparnya.
Kenaikan inflasi terutama didorong oleh sektor transportasi, khususnya tarif angkutan udara yang dipengaruhi tingginya permintaan selama periode libur sekolah.
Selain itu, kenaikan harga sejumlah komoditas pangan seperti bawang putih, minyak goreng, dan beras juga turut memberikan andil terhadap inflasi.
Ia memastikan perkembangan tersebut telah disampaikan kepada Menteri Koordinator Bidang Perekonomian, Airlangga Hartarto, saat rakor Senin sore ini.
Kini pemerintah tengah mengoordinasikan berbagai langkah untuk mengatasi kenaikan tarif angkutan udara sekaligus menjaga stabilitas harga pangan agar tekanan inflasi tetap terkendali.
“Kalau saya sudah memberikan arahan kepada semua daerah, kalau target saya daerah-daerah yang tinggi-tinggi (inflasi), di daerah timur umumnya tinggi, di Aceh juga tinggi, langkah-langkahnya menambah suplai. Juga ada masalah ombak untuk distribusi, gelombang di beberapa daerah tertentu menggunakan kapal yang lebih besar,” pungkas dia.
Untuk komoditas bawang putih dan minyak goreng, penanganannya menjadi tanggung jawab Kementerian Perdagangan (Kemendag) sehingga koordinasi antarkementerian perlu diperkuat.
Terkait kenaikan harga beras di sejumlah daerah, pemerintah menyiapkan langkah percepatan penanganan bersama Kementerian Pertanian (Kementan), Perum Bulog, dan Badan Pangan Nasional (Bapanas).
“Bawang putih, minyak goreng, yang menjadi tugas Kementerian Perdagangan, ya ini perlu dikoordinasikan lebih intens. Kalau untuk masalah beras, ada beberapa daerah yang telah dikenakan juga harus cepat ditangani,” lanjut Tito.",Kompas Money,Financial,2026-07-14,Neutral,The article reports on government policy adjustments to fuel prices and inflation management without indicating direct positive or negative financial impacts on companies or the economy.
"Mendagri: Harga Bawang Putih, Minyak Goreng, dan Beras Mulai Naik","JAKARTA, KOMPAS.com - Menteri Dalam Negeri (Mendagri) Muhammad Tito Karnavian mengungkapkan harga sejumlah kebutuhan pokok mulai naik di berbagai daerah. Komoditas yang mengalami kenaikan antara lain bawang putih, minyak goreng, dan beras.
Kenaikan harga tersebut menjadi salah satu faktor yang mendorong inflasi. Pemerintah kini memperkuat koordinasi untuk menjaga pasokan dan menstabilkan harga.
""Ada kenaikan bawang putih, kemudian ada minyak goreng, sama beras, ada kenaikan sedikit. Itu yang saya sampaikan tadi kepada Menko (Airlangga Hartarto),"" ujar Tito usai rapat koordinasi di Kementerian Koordinator Bidang Perekonomian, Jakarta Pusat, Selasa (14/7/2026).
Tito mengatakan, penanganan kenaikan harga bawang putih dan minyak goreng menjadi tanggung jawab Kementerian Perdagangan. Koordinasi antar kementerian dinilai perlu diperkuat.
Kenaikan harga beras juga menjadi perhatian pemerintah. Penanganannya akan dipercepat bersama Kementerian Pertanian, Perum Bulog, dan Badan Pangan Nasional (Bapanas).
""Bawang putih, minyak goreng, yang menjadi tugas Kementerian Perdagangan, ya ini perlu dikoordinasikan lebih intens. Kalau untuk masalah beras, ada beberapa daerah yang telah dikenakan juga harus cepat ditangani,"" paparnya.
""Dari Kementerian Pertanian juga sudah menyampaikan, Bulog, dan maupun Badan Pangan Nasional. Tapi nanti prosesnya sebentar lagi oleh Bapak Menko langsung,"" pungkas dia.
Tito mengatakan telah menginstruksikan pemerintah daerah, terutama wilayah dengan inflasi tinggi, untuk segera menambah pasokan kebutuhan pokok.
Menurut dia, sejumlah daerah di kawasan timur Indonesia dan Aceh masih mencatat inflasi yang relatif tinggi. Gangguan distribusi akibat cuaca juga ikut memengaruhi pasokan di beberapa wilayah.
""Kalau saya sudah memberikan arahan kepada semua daerah, kalau target saya daerah-daerah yang tinggi-tinggi (inflasi), di daerah timur umumnya tinggi, di Aceh juga tinggi, langkah-langkahnya menambah suplai. Juga ada masalah ombak untuk distribusi, gelombang di beberapa daerah tertentu menggunakan kapal yang lebih besar,"" katanya.
Meski demikian, Tito menilai inflasi nasional masih terkendali. Laju inflasi tercatat 3,34 persen, masih berada di bawah batas atas target pemerintah sebesar 3,5 persen.
Menurut Tito, kenaikan inflasi bulanan terutama dipicu tarif angkutan udara serta kenaikan harga bawang putih, minyak goreng, dan beras.
""Inflasi kita di angka 3,34 persen relatif terkendali, masih di bawah target nasional yang maksimal 3,5 persen,"" lanjut dia.",Kompas Money,Financial,2026-07-14,Neutral,"The article reports on rising prices of essential goods and government efforts to stabilize them, without indicating direct financial impact on companies or economic performance beyond inflation control."
"Rupiah Dibuka Melemah, Dolar AS Naik Tipis ke Rp17.830","Jakarta, CNBC Indonesia - Nilai tukar rupiah mengawali perdagangan perdana pekan ini dengan bergerak melemah terhadap dolar Amerika Serikat (AS). Pasar keuangan domestik kembali dibuka setelah libur HUT ke-81 Republik Indonesia pada Senin kemarin.
Merujuk data Refinitiv , pada pembukaan perdagangan Selasa (18/8/2026), rupiah terdepresiasi tipis 0,06% ke posisi Rp17.830/US$.
Pelemahan tersebut membalikkan penguatan pada perdagangan Jumat (14/8/2026), ketika mata uang Garuda ditutup menguat 0,22% ke level Rp17.820/US$.
Sementara itu, indeks dolar AS (DXY) yang mengukur kekuatan greenback terhadap enam mata uang utama dunia, pada pukul 09.00 WIB terpantau melemah 0,11% ke posisi 99,528.
Pergerakan rupiah hari ini akan dipengaruhi pelemahan dolar AS di pasar global serta dimulainya Rapat Dewan Gubernur (RDG) Bank Indonesia (BI).
Dari eksternal, dolar AS berada di bawah tekanan setelah sejumlah data ekonomi Negeri Paman Sam menunjukkan pelemahan. Penjualan ritel AS pada Juli turun untuk pertama kalinya dalam sembilan bulan, menyusul hilangnya lapangan kerja serta inflasi yang relatif terkendali.
Rangkaian data tersebut memunculkan kekhawatiran terhadap prospek pertumbuhan ekonomi AS sekaligus mengurangi ekspektasi kenaikan suku bunga bank sentral AS (The Federal Reserve/The Fed).
Pelaku pasar kini memperhitungkan peluang kenaikan suku bunga The Fed pada pertemuan September hanya sebesar 30,6%, turun tajam dari 52,2% pada pekan sebelumnya.
Berkurangnya peluang kenaikan suku bunga tersebut menekan dolar dan memberikan ruang bagi rupiah untuk menguat.
Pasar selanjutnya akan menantikan simposium tahunan The Fed di Jackson Hole pada pekan depan untuk mencari petunjuk mengenai pandangan para pejabat bank sentral terhadap kondisi ekonomi dan arah kebijakan suku bunga.
Dari dalam negeri, BI mulai menggelar RDG selama dua hari pada 18-19 Agustus 2026. Keputusan kebijakan moneter akan diumumkan pada Rabu (19/8/2026).
BI diperkirakan mempertahankan BI Rate di level 5,75% setelah menaikkan suku bunga secara agresif dengan total 75 basis poin sepanjang April-Juni 2026.
Selain keputusan suku bunga, pasar akan mencermati pandangan BI mengenai stabilitas rupiah, inflasi domestik, kondisi likuiditas perbankan, serta prospek pertumbuhan kredit hingga akhir tahun. Sikap dan panduan BI akan menjadi salah satu penentu arah rupiah berikutnya di tengah ketidakpastian global.",CNBC Indonesia,Business,2026-08-18,Negative,"Reports a financial loss, decline, layoff, fraud, or crisis-related event."
"Rupiah Dibuka Melemah, Dollar AS Sentuh Rp 17.850","JAKARTA, KOMPAS.com - Nilai tukar rupiah di pasar spot dibuka melemah pada perdagangan Selasa (18/8/2026).
Mata uang garuda terdepresiasi 52 poin atau 0,29 persen ke level Rp 17.850 per dollar Amerika Serikat (AS).
Adapun, indeks dollar AS ( DXY ) yang mengukur kekuatan greenback terhadap enam mata uang utama dunia terpantau melemah 0,11 persen ke posisi 99,528 pada pukul 09.00 WIB.
Saat ini perhatian investor tertuju pada Rapat Dewan Gubernur (RDG) Bank Indonesia (BI) pekan ini, bank sentral diperkirakan mempertahankan suku bunga acuan atau BI Rate pada level 5,75 persen.
Selain keputusan BI, pelaku pasar juga mencermati risalah rapat Federal Open Market Committee ( FOMC ) atau FOMC Minutes . Dokumen ini menjadi perhatian investor untuk melihat arah kebijakan moneter bank sentral AS, The Federal Reserve ( The Fed ), ke depan.
Lebih jauh, Analis Mata Uang dan Komoditas, Ibrahim Assuaibi, mencatat pasar terus memantau aktivitas pelayaran melalui Selat Hormuz yang semakin melambat menyusul serangan Iran terhadap kapal-kapal tanker di kawasan tersebut.
Di sisi lain, Amerika Serikat tetap mempertahankan blokade lautnya terhadap Teheran.
Selama akhir pekan, Menteri Luar Negeri Iran Abbas Araqchi kembali menegaskan sikap Teheran bahwa pihaknya tidak sedang melakukan pembicaraan langsung dengan AS.
“Pernyataan tersebut disampaikan di tengah ancaman Washington untuk menerapkan langkah-langkah ekonomi tambahan terhadap Iran,” ujar Ibrahim.
Beberapa kapal diserang di Selat Hormuz pada akhir pekan lalu.
Sementara itu, AS menyatakan tengah mempersiapkan langkah-langkah tambahan yang bertujuan memberikan tekanan lebih lanjut terhadap perekonomian Iran.
Pada saat yang sama, kapal-kapal terus meninggalkan jalur perairan strategis tersebut.
Dalam beberapa kasus, kapal bahkan mematikan transponder satelit untuk mengurangi risiko terdeteksi.
Konflik di Asia Barat juga merambah ke front baru di Laut Merah.
Hal ini terjadi seiring dengan berlanjutnya serangan kelompok Houthi asal Yaman yang didukung Iran terhadap kapal-kapal di Selat Bab al-Mandab.",Kompas Money,Financial,2026-08-18,Negative,"Reports a financial loss, decline, layoff, fraud, or crisis-related event."
"Krisis BBM, Rusia Terpaksa Impor Bensin dari India","Penulis
JAKARTA, KOMPAS.com - Rusia mulai mengimpor bensin dari India untuk memenuhi kebutuhan pasar domestik di tengah kelangkaan bahan bakar minyak (BBM) yang terjadi setelah serangkaian serangan drone Ukraina menghantam kilang minyak Rusia.
Pengiriman bensin dari India tersebut merupakan bagian dari upaya Moskwa mengatasi gangguan pasokan BBM domestik.
Dikutip dari Reuters , Selasa (18/8/2026), setidaknya satu kargo bensin dari India telah masuk ke pasar domestik Rusia , berdasarkan keterangan tiga sumber industri dan data pelayaran LSEG.
Freepik/jcomp Ilustrasi BBM.
Kargo tersebut sekaligus menunjukkan perubahan dalam pola pasokan BBM Rusia.
Negara yang selama ini merupakan salah satu produsen dan eksportir minyak terbesar dunia kini mendatangkan produk BBM dari luar negeri untuk menutup kekurangan pasokan di dalam negeri.
Kargo bensin yang dikirim ke Rusia memiliki volume sekitar 68.000 metrik ton. Bensin tersebut diproduksi oleh Nayara Energy di kilang Vadinar, India, sebelum dikirim menuju Rusia.
Kargo itu diangkut menggunakan kapal berbendera Oman.
Sebelumnya, kapal tersebut memuat sekitar 68.000 metrik ton bensin melalui proses ship-to-ship transfer di perairan Port Said, Mesir, dari kapal tanker Agni yang sebelumnya memuat bensin dari Pelabuhan Vadinar, India.
Setelah itu, kapal membawa muatan tersebut menuju Pelabuhan Vitino di kawasan Arktik Rusia. Kargo tiba di pelabuhan tersebut pada awal Agustus 2026 berdasarkan data pelayaran.
Dari Vitino, bensin tersebut tidak langsung dipasarkan melalui jalur laut. Bahan bakar dipindahkan untuk kemudian dikirim menggunakan kereta api kepada pembeli domestik Rusia, dan pengiriman melalui jalur tersebut sudah mulai dilakukan.
NATALIA KOLESNIKOVA / AFP Ilustrasi Rusia.
Reuters juga melaporkan, setidaknya dua kargo bensin lainnya dari India diperkirakan tiba di pelabuhan Rusia dalam dua pekan berikutnya.
Impor dari India dilakukan ketika Rusia menghadapi gelombang baru kelangkaan bensin.
Menurut warta Reuters, sedikitnya 10 wilayah Rusia telah mengalami kekurangan bensin atau memberlakukan pembatasan penjualan BBM di stasiun pengisian bahan bakar. Kelangkaan tersebut bahkan mulai mencapai wilayah ibu kota Moskwa.
Penjualan bensin di bursa St Petersburg juga mengalami penurunan rata-rata 20 persen sejak awal Agustus 2026. Kondisi tersebut terjadi ketika gangguan produksi di sejumlah kilang mempersempit volume BBM yang tersedia di pasar domestik.
Krisis pasokan ini bukan pertama kali terjadi di Rusia. Sebelumnya, pemerintah Rusia telah menggunakan impor bensin dari Belarus untuk menutup kekurangan pasokan domestik.",Kompas Money,Financial,2026-08-18,Negative,"Reports a financial loss, decline, layoff, fraud, or crisis-related event."
Rupiah Melemah ke Rp17.847 per Dolar AS Pagi Ini,"Nilai tukar rupiah berada di level Rp17.847 per dolar AS pada perdagangan Selasa (18/8) pagi. Mata uang Garuda melemah 49 poin atau 0,28 persen dibandingkan perdagangan sebelumnya.
Mata uang di kawasan Asia bergerak bervariasi terhadap dolar AS. Yuan China turun 0,03 persen, peso Filipina melemah 0,22 persen, serta ringgit Malaysia terapresiasi 0,29 persen.
Kemudian, Dolar Singapura stabil, yen Jepang turun 0,01 persen, won Korea Selatan terapresiasi 0,47 persen, dan dolar Hong Kong stabil.
Sementara itu, mayoritas mata uang utama negara maju juga menguat terhadap dolar AS. Poundsterling Inggris menguat 0,03 persen, dolar Australia menguat 0,05 persen, dan dolar Kanada menguat 0,03 persen. Sedangkan Euro turun 0,01 persen dan franc Swiss melemah 0,04 persen.
Analis mata uang Doo Financial Futures Lukman Leong memproyeksikan rupiah berpotensi melemah terhadap dolar AS di tengah eskalasi geopolitik Timur Tengah dan kenaikan harga minyak mentah dunia.
""Rupiah berpotensi melemah terhadap dolar AS di tengah eskalasi geopolitik di Timur Tengah dan kenaikan harga minyak mentah dunia setelah berakhirnya gencatan senjata AS-Iran,"" ujarnya kepada CNNIndonesia.com , Selasa (18/8).
Ia memperkirakan pergerakan rupiah hari ini berada dalam rentang Rp17.750 hingga Rp17.850 per dolar AS.",CNN Indonesia,Business,2026-08-18,Negative,"Reports a financial loss, decline, layoff, fraud, or crisis-related event."
Perusahaan Trading Ini Pecah Rekor Rugi Rp 246 Triliun Sebulan,"Jakarta, CNBC Indonesia - Jane Street, perusahaan perdagangan (trading) raksasa di Wall Street, dilaporkan mengalami kerugian sekitar US$15 miliar atau setara Rp246 triliun pada Juli 2026. Kerugian tersebut sebagian dipicu oleh masalah yang menimpa hedge fund Situational Awareness, menurut sejumlah orang yang mengetahui persoalan tersebut.
Melansir The Wall Street Journal, kerugian pada Juli menjadi yang terburuk dalam sejarah bulanan Jane Street, menurut salah satu sumber yang mengetahui kondisi perusahaan. Besarnya kerugian tersebut mengejutkan, mengingat Jane Street masih mencatatkan kinerja perdagangan terbaiknya sepanjang tahun ini.
Hingga Juli 2026, pendapatan Jane Street disebut telah mencapai lebih dari US$40 miliar. Dengan capaian tersebut, perusahaan masih berada di jalur untuk mencatatkan tahun perdagangan yang sangat kuat meskipun mengalami kerugian besar pada Juli.
Situational Awareness menjadi salah satu faktor yang berkontribusi terhadap tekanan yang dialami Jane Street pada bulan tersebut. Masalah yang menimpa hedge fund tersebut turut berdampak pada posisi perdagangan Jane Street dan menyebabkan perusahaan mencatat kerugian dalam jumlah yang belum pernah terjadi sebelumnya.
Jane Street dikenal sebagai salah satu perusahaan perdagangan paling dominan di pasar keuangan global, dengan aktivitas yang mencakup saham, obligasi, komoditas, mata uang hingga aset digital. Perusahaan tersebut menggunakan strategi perdagangan berbasis teknologi dan algoritma untuk melakukan transaksi dalam jumlah besar di berbagai pasar.
Kerugian sekitar US$15 miliar dalam satu bulan menjadi kontras dengan kinerja Jane Street sepanjang tahun berjalan. Perusahaan masih mencatatkan pendapatan lebih dari US$40 miliar hingga Juli, menunjukkan besarnya skala bisnis perdagangan yang dijalankannya.
Meski demikian, besarnya kerugian pada Juli menjadi perhatian karena menunjukkan bagaimana gangguan pada satu posisi atau mitra perdagangan dapat memberikan dampak signifikan terhadap perusahaan trading besar. Jane Street hingga kini belum memberikan rincian publik mengenai besaran kerugian tersebut maupun eksposurnya terhadap Situational Awareness.",CNBC Indonesia,Business,2026-08-17,Negative,"Reports a financial loss, decline, layoff, fraud, or crisis-related event."
"AS Bongkar Skandal Raksasa, Lebih dari 40 Negara Bantu China Akali Tarif Trump","JAKARTA
- Pemerintah Amerika Serikat (AS) kembali bikin gempar setelah Gedung Putih merilis laporan berjudul ""The Great Transshipment Scam"". Laporan tersebut secara terbuka menuduh lebih dari 40 negara di dunia, termasuk sekutu utama AS seperti Kanada, Meksiko, India, Jepang, hingga Korea Selatan telah membantu
China
menghindari
tarif impor
mahal AS dengan cara memalsukan rute pengiriman.
Penasihat Perdagangan Gedung Putih, Peter Navarro menyebutkan praktek transit ilegal (transshipment) ini sebagai skandal penyelundupan modern yang merugikan AS hingga puluhan miliar dolar dan merebut ribuan lapangan kerja warga Amerika.
Dalam laporan Gedung Putih, China dituduh memanfaatkan negara-negara perantara untuk menutupi asal-usul asli produknya. Barang-barang seperti komponen elektronik, sirkuit, peralatan listrik, hingga suku cadang kendaraan hanya melintasi negara ketiga untuk proses pengemasan ulang (repackaging) atau perubahan dokumen sebelum akhirnya dikirim ke AS.
Tarif Trump Ilegal? AS Resmi Kembalikan Dana Jumbo Rp1.787 Triliun ke Korporasi
Praktik ini digambarkan oleh Gedung Putih sebagai 'kejahatan yang dibungkus kertas dokumen'. ""Apa yang berubah dalam Great Transshipment Scam hari ini bukan sekadar kecepatan dan skalanya, melainkan kedalaman dan kecanggihan jaringan logistik bayangan (Shadow Transshipment Network) yang digunakan Tiongkok,"" tulis Gedung Putih dalam laporannya.",Sindonews,Business,2026-08-17,Negative,"Reports a financial loss, decline, layoff, fraud, or crisis-related event."
"Buruh Soroti PHK Massal, Lapangan Kerja hingga Upah Adil di HUT Ke-81 RI","JAKARTA – Serikat pekerja memaknai Hari Ulang Tahun (HUT) Ke-81 Republik Indonesia bukan sekadar sebagai momentum seremonial, tetapi sebagai momentum untuk mewujudkan cita-cita kemerdekaan sebagaimana amanat konstitusi, yakni melindungi segenap bangsa Indonesia, memajukan kesejahteraan umum, dan menciptakan keadilan sosial bagi seluruh rakyat Indonesia.
""Bagi kaum buruh/pekerja, kemerdekaan harus diwujudkan dalam bentuk pekerjaan yang layak, upah yang adil, kepastian hubungan kerja, perlindungan sosial, serta masa depan yang lebih sejahtera,"" tegas Presiden Asosiasi Serikat Pekerja Seluruh Indonesia (ASPIRASI) Mirah Sumirat, Senin (17/8/2026).
Karena itu, pada momentum HUT Ke-81 Kemerdekaan RI ini, Mirah mendesak pemerintah untuk segera mengambil langkah nyata dalam tiga hal penting.
Pertama, segera menyelesaikan dan mengesahkan RUU Perampasan Aset.
""Korupsi bukan hanya merampas uang negara dan hak rakyat, tetapi juga menjadi salah satu faktor utama yang menghambat investasi dan penciptaan lapangan pekerjaan,"" ujarnya.
© 2007 - 2026 Okezone.com, All Rights Reserved",Okezone,Business,2026-08-17,Negative,"Reports a financial loss, decline, layoff, fraud, or crisis-related event."
"Penipuan Kuras Rp9,1 T Saldo Warga RI, Setiap Hari 1.000 Orang Melapor","Jakarta, CNBC Indonesia - Kejahatan penipuan digital kian mengkhawatirkan. Dana masyarakat yang hilang akibat berbagai modus penipuan di Indonesia telah mencapai triliunan Rupiah, sementara jumlah laporan korban terus bertambah setiap harinya.
Otoritas Jasa Keuangan (OJK) beberapa saat lalu mencatat angka kerugian masyarakat yang tergolong fantastis akibat berbagai modus penipuan online (scam), yakni menembus angka Rp 9,1 triliun.
Melalui platform Indonesia Anti Scam Center (IASC), OJK kebanjiran hingga 432.637 pengaduan kasus penipuan per 14 Januari 2026.
Ketua Dewan Komisioner OJK FridericaWidyasari Dewi (kala itu menjabat Anggota Dewan Komisioner OJK Bidang Edukasi dan Perlindungan Konsumen), dalam Rapat Kerja bersama Komisi XI DPR RI, mengungkapkan dari total dana fantastis yang dilaporkan hilang, pihak otoritas baru berhasil menyelamatkan sebagian kecil di antaranya.
""Ada Rp 9,1 triliun dana masyarakat yang dilaporkan hilang terkena scam ini, di mana IASC berhasil memblokir atau menyelamatkan dana sebanyak Rp 432 miliar,"" ungkap wanita yang akrab disapa Kiki, dikutip Minggu (16/8/2026).
Kiki membeberkan bahwa Pulau Jawa menjadi sarang laporan terbesar dengan dominasi mencapai lebih dari 303.000 pengaduan, disusul oleh wilayah Sumatra dan provinsi lainnya.
Modus Transaksi Belanja Paling Banyak Makan Korban
Variasi modus penipuan yang digunakan para pelaku kejahatan siber pun makin beragam. Berdasarkan catatan OJK, berikut daftar modus yang paling banyak menjerat masyarakat:
1. Penipuan Transaksi Belanja 2. Panggilan Palsu (Fake Call) 3. Penipuan Investasi Bodong 4. Penipuan Lowongan Kerja (Job Scam) 5. Iming-iming Hadiah Palsu
Mengapa Dana Korban Sulit Selamat
Penanganan kasus penipuan digital di Indonesia menghadapi tantangan berat. Laporan pengaduan di Indonesia melonjak drastis hingga 1.000 laporan per hari. Angka ini 3 sampai 4 kali lipat lebih tinggi jika dibandingkan dengan negara-negara tetangga.
""Di negara lain yang kita ajak koordinasi, per hari mungkin hanya 150, 300, atau 400 laporan. Tapi di Indonesia bisa sampai seribu laporan per hari,"" tegas Kiki.
Selain volume yang masif, Kiki menyoroti dua penyebab utama mengapa dana korban sangat sulit untuk diselamatkan:
1. Faktor Keterlambatan Laporan (Time Gap): Sekitar 80% korban baru melaporkan kejadian lebih dari 12 jam setelah transaksi terjadi. Padahal, eksekutor penipuan biasanya menguras dan memindahkan uang korban dalam kurun waktu kurang dari 1 jam.
2. Pola Pelarian Uang Sangat Kompleks: Uang hasil kejahatan kini tidak lagi mengendap di satu rekening bank. Pelaku dengan cepat memecah dan mengalirkan dana tersebut ke berbagai ekosistem digital lintas sektor-mulai dari dompet digital (e-wallet), aset kripto, emas digital, hingga platform e-commerce.
Melihat situasi ini, OJK terus memacu kerja sama lintas regulator, otoritas perbankan, dan pengembang platform digital untuk mempercepat proses pemblokiran rekening terindikasi penipuan demi menekan potensi kerugian masyarakat yang lebih besar.",CNBC Indonesia,Business,2026-08-16,Negative,"Reports a financial loss, decline, layoff, fraud, or crisis-related event."
"IHSG Sepekan Melemah ke 6.401, Asing Jual Saham Rp72,8 Triliun","JAKARTA - Bursa Efek Indonesia (BEI) melaporkan data perdagangan saham di BEI selama periode 10-14 Agustus 2026. Perdagangan saham ditutup bervarisasi dengan IHSG ditutup melemah 0,12 persen ke level level 6.401,888 dari posisi 6.409,654 pada pekan sebelumnya
Meski IHSG terkoreksi, kapitalisasi pasar justru mengalami peningkatan. Kapitalisasi pasar pada akhir pekan mencapai Rp11.243 triliun, naik Rp32 triliun atau 0,28 persen dibandingkan pekan sebelumnya yang berada di level Rp11.212 triliun.
Sepanjang pekan, IHSG bergerak dalam rentang 6.230,097 hingga 6.462,738. Level tertinggi tersebut lebih tinggi 0,83 persen dibandingkan level tertinggi pada pekan sebelumnya, sedangkan level terendah naik 0,28 persen.
Namun, peningkatan kapitalisasi pasar tersebut terjadi di tengah pelemahan aktivitas perdagangan. Rata-rata volume transaksi harian turun menjadi 34,012 miliar saham dari 39,948 miliar saham pada pekan sebelumnya, atau berkurang 14,86 persen. Demikian dikutip data BEI, Jakarta, Sabtu (15/8/2026).
© 2007 - 2026 Okezone.com, All Rights Reserved",Okezone,Business,2026-08-15,Negative,"Reports a financial loss, decline, layoff, fraud, or crisis-related event."
Kejagung Tetapkan 2 Tersangka Korupsi Transfer Pricing PT TPL,"Jakarta, CNBC Indonesia - Tim Penyidik pada Jaksa Agung Muda Bidang Tindak Khusus Kejaksaan Agung menetapkan dua orang tersangka terkait perkara dugaan tindak pidana korupsi transfer pricing oleh PT TPL Tbk. kepada entitas perusahaan tahun 2008 sampai dengan tahun 2025 pada Rabu (12/8/2026). Penetapan itu disampaikan Kepala Pusat Penerangan Hukum Kejagung Anang Supriatna seperti dilansir siaran pers, Kamis (13/8/2026). Adapun kedua orang tersebut yakni: a. Tersangka BP selaku Penyelenggara Negara (Supervisor Pemeriksaan Pajak). b. Tersangka SR selaku Penyelenggara Negara (Supervisor Pemeriksaan Pajak) ""Penetapan tersangka tersebut dilakukan setelah Tim Penyidik melakukan serangkaian pemeriksaan terhadap 111 orang saksi, penyitaan terhadap dokumen-dokumen serta barang bukti elektronik yang telah mendapatkan persetujuan penyitaan dari Pengadilan Negeri dan notulensi ekspose dengan ahli perhitungan kerugian keuangan negara,"" ujar Anang. Adapun kasus posisinya yaitu: a. PT TPL perusahaan yang bergerak di bidang industri pengolahan bubur kertas (pulp) dan perhutanan sejak tahun 2008 melakukan penjualan ekspor produk Pulp kepada pihak afiliasinya yang dilakukan dengan cara under invoicing dengan melaporkan pada tahap ekspor dari Indonesia sebagai produk paper grade pulp / bleached hardwood kraft pulp (BHKP), padahal secara karakteristik kegunaan dan harga nilai pasar produk tersebut merupakan produk dissolving pulp ; b. Bahwa agar nilai produk PT. TPL berukurang dari nilai sebenarnya, PT. TPL secara melawan hukum periode tahun 2008 sampai dengan tahun 2025 melaporkan penjualan lokal produk pulp dengan produk yang sebenarnya ke PT AP, PT R (perusahaan afiliasi), yaitu produk dissolving pulp dengan nama high alfa pulp , sehingga berdampak pada penurunan nilai pajak badan/perusahaan dari yang seharusnya diterima negara; c. Bahwa pihak PT TPL, meminta bantuan Tersangka BP selaku penyelenggara negara (Supervisor Pemeriksaan Pajak) PT TPL untuk tahun pajak 2020 dan 2023 dan kepada Tersangka SR untuk pemeriksaan tahun pajak 2024; d. Bahwa Tersangka BP dan Tersangka SR untuk memenuhi permintaan dari PT TPL secara melawan hukum tidak melakukan fungsi pengawasan selaku supervisor dan dalam menelaah Kertas Kerja Pemeriksaan/Pengawasan (KKP) & Laporan Hasil Pemeriksaan (LHP) tidak mendasarkan pada Audit Program yang telah disusun dan Tersangka BP secara melawan hukum menerima sejumlah uang dari pihak PT TPL; e. Bahwa perbuatan Pihak PT TPL bersama-sama dengan Tersangka BP dan Tersangka SR tersebut di atas mengakibatkan penurunan pendapatan negara tidak sebagaimana mestinya sehingga merugikan keuangan negara. f. Bahwa untuk kerugian keuangan negara dalam perkara tersebut masih dalam proses penghitungan oleh Tim Auditor. Menurut Anang, para tersangka dijerat dengan sangkaan primair dan subsidair. Perinciannya sebagai berikut: a. Primair: Pasal 603 jo. Pasal 20 huruf a atau c Undang-Undang RI Nomor 1 Tahun 2023 tentang KUHP jo. Pasal 18 Undang-Undang RI Nomor 31 Tahun 1999 tentang pemberantasan tindak pidana korupsi jo. Undang-Undang Nomor 20 tahun 2001 tentang Perubahan Undang-Undang Nomor 31 Tahun 1999 tentang Pemberantasan Tindak Pidana Korupsi. b. Subsidair: Pasal 604 jo. Pasal 20 huruf a atau c Undang-Undang Nomor 1 Tahun 2023 tentang Kitab Undang-Undang Hukum Pidana jo. Pasal 18 Undang-Undang Nomor 31 Tahun 1999 tentang Pemberantasan Tindak Pidana Korupsi jo. Undang-Undang Nomor 20 tahun 2001 tentang Perubahan Undang-Undang Nomor 31 Tahun 1999 tentang Pemberantasan Tindak Pidana Korupsi. ""Terhadap kedua tersangka tersebut, dilakukan penahanan selama 20 (dua puluh) hari ke depan di Rutan Salemba Cabang Kejaksaan Agung sejak tanggal 12 Agustus 2026,"" kata Anang.",CNBC Indonesia,Business,2026-08-13,Negative,"Reports a financial loss, decline, layoff, fraud, or crisis-related event."
"Video: Hasil Rebalancing MSCI Dirilis, IHSG Anjlok Lebih Dari 1%","Jakarta, CNBC Indonesia- Indeks harga saham gabungan bergerak melemah di perdagangan Kamis (13/08) dan pada pukul 10:03 WIB, IHSG Anjlok 1,23% ke 6.295 dengan Rupiah melemah ke Rp 17.880 per Dolar AS.
Selengkapnya simak ulasan Shafinaz Nachiar dalam Profit, CNBC Indonesia (Kamis, 13/08/2026))",CNBC Indonesia,Business,2026-08-13,Negative,"Reports a financial loss, decline, layoff, fraud, or crisis-related event."
Apindo Minta Pemerintah Benahi Sektor Riil untuk Cegah PHK,"Editor
JAKARTA, KOMPAS.com- Asosiasi Pengusaha Indonesia (Apindo) menilai pencegahan pemutusan hubungan kerja, PHK, harus dimulai dari pembenahan persoalan sektor riil.
Ketua Umum Apindo Shinta W. Kamdani mengatakan PHK merupakan dampak dari persoalan yang lebih panjang, mulai dari tingginya biaya produksi hingga regulasi yang belum efisien.
""Jika kita sungguh ingin mencegah PHK (pemutusan hubungan kerja), kita tidak boleh hanya sibuk berdebat di hilir. Kita harus berani memperbaiki permasalahan hulunya,"" kata Shinta dalam keterangan yang terkonfirmasi di Jakarta, Kamis (13/8/2026).
Menurut Shinta, dunia usaha menghadapi perubahan besar dalam perdagangan global.
Dunia terbagi ke dalam blok ekonomi dan politik dengan aturan, standar, dan kepentingan yang berbeda. Perubahan kebijakan perdagangan, gangguan rantai pasok, serta volatilitas harga energi dan komoditas turut meningkatkan tekanan terhadap perusahaan.
Kondisi tersebut membuat pembenahan sektor riil menjadi penting untuk menjaga investasi, produksi, dan penciptaan lapangan kerja.
Di dalam negeri, pelaku usaha masih menghadapi sejumlah persoalan struktural.
Masalah tersebut mencakup tingginya biaya produksi, kesulitan memperoleh bahan baku, mahalnya biaya logistik dan energi, birokrasi, regulasi, produktivitas tenaga kerja, serta perubahan kondisi pasar.
Shinta menilai persoalan tersebut membutuhkan kebijakan jangka pendek sekaligus pembenahan struktural.
""Setiap hambatan berusaha yang tidak terselesaikan akan memutus multiplier effect yang seharusnya dapat menciptakan investasi, menggerakkan produksi, dan membuka lapangan kerja. Karena itulah PHK sesungguhnya hanyalah ujung dari persoalan yang telah lama bermula dari isu di hulunya,"" ujarnya dalam Rapat Kerja dan Konsultasi Nasional, Rakerkonas, Apindo XXXV 2026 di Makassar.
Menurut Shinta, dunia usaha juga perlu memperkuat kemampuan beradaptasi dan menjaga daya saing ketika lanskap ekonomi global berubah.
Pemerintah turut menyoroti penguatan fundamental ekonomi sebagai bagian dari upaya menjaga pertumbuhan.
Menteri Koordinator Bidang Perekonomian Airlangga Hartarto mengatakan fundamental ekonomi Indonesia masih kuat di tengah berbagai gejolak global.
Ia menyoroti stabilitas inflasi, optimisme sektor manufaktur, pertumbuhan kredit, investasi, serta perkembangan ekonomi digital sebagai modal untuk menjaga momentum pertumbuhan.",Kompas Money,Financial,2026-08-13,Negative,"Reports a financial loss, decline, layoff, fraud, or crisis-related event."
Dijten Pajak Kemenkeu Buka Suara Setelah 2 Pegawainya Jadi Tersangka Korupsi Manipulasi Ekspor,"Editor
KOMPAS.com- Direktorat Jenderal Pajak (DJP) Kementerian Keuangan menghormati proses hukum terhadap dua pegawainya yang ditetapkan sebagai tersangka dalam dugaan korupsi terkait transfer pricing PT Toba Pulp Lestari Tbk (PT TPL).
Kedua pegawai tersebut berinisial BP dan SR. Keduanya merupakan penyelenggara negara yang menjabat sebagai Supervisor Pemeriksaan Pajak di DJP .
""Terkait penetapan dan penahanan dua pegawai DJP tersebut, kami menghormati proses hukum yang sedang dilakukan oleh Kejaksaan Agung RI dan DJP akan bersikap kooperatif sesuai dengan ketentuan yang berlaku,"" ujar Direktur Penyuluhan, Pelayanan dan Hubungan Masyarakat DJP Inge Diana Rismawanti, Kamis (13/8/2026).
Inge mengatakan DJP juga akan menindaklanjuti status kepegawaian BP dan SR sesuai ketentuan kepegawaian dan disiplin.
Proses tersebut tetap memperhatikan proses hukum dan asas praduga tak bersalah.
""Terkait status kepegawaian, DJP akan menindaklanjutinya sesuai dengan ketentuan kepegawaian dan disiplin yang berlaku, dengan tetap menghormati proses hukum dan asas praduga tak bersalah,"" katanya.
Kejaksaan Agung menetapkan BP dan SR sebagai tersangka pada Rabu (12/8/2026).
Penetapan tersebut dilakukan setelah penyidik memeriksa 111 saksi serta menyita sejumlah dokumen dan barang bukti elektronik.
Perkara ini berkaitan dengan dugaan praktik transfer pricing PT TPL kepada entitas perusahaan afiliasinya pada periode 2008 hingga 2025.
Kejagung menduga PT TPL melakukan penjualan ekspor produk pulp kepada perusahaan afiliasi dengan cara under invoicing.
Produk yang diekspor dari Indonesia dilaporkan sebagai Paper Grade Pulp atau Bleached Hardwood Kraft Pulp, BHKP.
Namun, penyidik menyebut karakteristik, kegunaan, dan harga pasar produk tersebut menunjukkan produk tersebut sebenarnya merupakan Dissolving Pulp.
Kondisi tersebut diduga membuat nilai transaksi yang dilaporkan lebih rendah dari nilai sebenarnya.
Dugaan manipulasi juga ditemukan dalam transaksi domestik.
PT TPL pada 2018 hingga 2025 disebut melaporkan penjualan lokal produk pulp bernama High Alfa Pulp kepada perusahaan afiliasi.
Kejagung menyebut produk tersebut sebenarnya merupakan Dissolving Pulp.
Praktik tersebut diduga membuat pajak badan yang seharusnya diterima negara menjadi lebih rendah.",Kompas Money,Financial,2026-08-13,Negative,"Reports a financial loss, decline, layoff, fraud, or crisis-related event."
"IHSG Sesi I Anjlok 1,18%, Saham Bank & Komoditas Jadi Beban","Jakarta, CNBC Indonesia — Indeks Harga Saham Gabungan (IHSG) ditutup melemah tajam pada perdagangan sesi I Kamis (13/8/2026). Tekanan pasar masih berlanjut setelah hasil MSCI August 2026 Index Review diumumkan dini hari tadi.
Berdasarkan data Bursa Efek Indonesia, IHSG pada jeda siang berada di level 6.298,34, anjlok 75,51 poin atau 1,18% dari posisi penutupan perdagangan sebelumnya di 6.373,85.
IHSG sempat dibuka menguat ke level 6.388,23 dan menyentuh level tertinggi 6.390,33. Namun, indeks kemudian berbalik arah dan menyentuh level terendah 6.281,57 sebelum sedikit memangkas pelemahan.
Tekanan terjadi cukup merata di pasar. Sebanyak 182 saham menguat, 456 saham melemah, dan 325 saham stagnan.
Nilai transaksi saham hingga sesi I mencapai Rp7,80 triliun, dengan volume perdagangan 16,44 miliar saham dan frekuensi mencapai 1,17 juta transaksi.
Dari sisi sektoral, seluruh sektor utama berada di zona merah, kecuali sektor teknologi yang relatif stabil. Sektor kesehatan menjadi sektor dengan pelemahan terdalam, yakni 2,72%, diikuti sektor bahan baku yang turun 2,45%.
Sektor keuangan terkoreksi 1,03%, energi melemah 0,99%, industrial turun 0,75%, konsumer non-primer terkoreksi 0,80%, properti turun 0,66%, dan utilitas melemah 0,82%. Sementara sektor teknologi hanya turun tipis 0,05%.
Dari jajaran saham berkapitalisasi besar, PT Bank Central Asia Tbk (BBCA) menjadi salah satu pemberat utama IHSG dengan kontribusi penurunan sekitar 9,97 poin indeks. Saham BBCA berada di level Rp6.275, turun 1,57%.
Selain BBCA, tekanan juga datang dari PT Barito Pacific Tbk (BRPT) yang menyumbang penurunan 5,25 poin, PT Sinar Mas Multiartha Tbk (SMMA) 5,15 poin, PT Amman Mineral Internasional Tbk (AMMN) 3,81 poin, serta PT Saratoga Investama Sedaya Tbk (SRTG) 2,94 poin.
Saham PT Bank Mandiri (Persero) Tbk (BMRI) juga menjadi pemberat dengan kontribusi negatif 2,77 poin indeks dan berada di level Rp4.110.
Sebaliknya, sejumlah saham masih mampu menahan pelemahan IHSG. PT Bank Negara Indonesia (Persero) Tbk (BBNI) menjadi kontributor positif terbesar dengan 0,75 poin, disusul XLSMART Telecom Sejahtera 0,58 poin, PT Energi Mega Persada Tbk (ENRG) 0,58 poin, PT Gudang Garam Tbk (GGRM) 0,55 poin, dan PT Mora Telematika Indonesia Tbk (MORA) 0,52 poin.
Tekanan IHSG terjadi setelah MSCI mengumumkan hasil review Agustus. Dalam keputusan tersebut, tidak ada saham Indonesia yang ditambahkan ke MSCI Global Standard Indexes.
Sebaliknya, GOTO dikeluarkan dari MSCI Indonesia Investable Market Index, sementara CPIN turun kelas dari Global Standard ke Global Small Cap. Sembilan saham lainnya juga dikeluarkan dari MSCI Global Small Cap Indexes.
Meski demikian, perubahan tersebut baru efektif setelah penutupan perdagangan 31 Agustus 2026. Artinya, tekanan pada perdagangan hari ini belum sepenuhnya dapat disebut sebagai dampak arus dana rebalancing aktual, tetapi pasar mulai merespons keputusan MSCI dan mengantisipasi penyesuaian portofolio menuju tanggal efektif.",CNBC Indonesia,Business,2026-08-13,Negative,"Reports a financial loss, decline, layoff, fraud, or crisis-related event."
Rupiah Melemah ke Rp17.878 per Dolar AS Pagi Ini,"Nilai tukar rupiah berada di level Rp17.878 per dolar AS pada perdagangan Kamis (13/8) pagi. Mata uang Garuda melemah 1 poin atau 0,01 persen dibandingkan perdagangan sebelumnya.
Pergerakan rupiah terjadi di tengah mata uang Asia yang bergerak variatif terhadap dolar AS. Yuan China menguat 0,02 persen, dolar Singapura terapresiasi 0,02 persen, yen Jepang naik 0,04 persen, dan won Korea Selatan menguat 0,19 persen.
Sementara itu, peso Filipina melemah 0,03 persen dan ringgit Malaysia terdepresiasi 0,01 persen. Dolar Hong Kong bergerak stabil.
Mata uang utama negara maju kompak melemah terhadap dolar AS. Euro Eropa turun 0,01 persen, poundsterling Inggris melemah 0,03 persen, dolar Australia terkoreksi 0,08 persen, dan franc Swiss turun 0,01 persen.
Dolar Kanada juga menguat 0,04 persen terhadap dolar AS.
Analis mata uang Doo Financial Futures Lukman Leong mengatakan rupiah berpeluang menguat terhadap dolar AS pada perdagangan hari ini.
""Rupiah diperkirakan menguat terhadap dolar AS menyusul data yang menunjukkan inflasi di AS kembali termoderasi. Dari domestik, MSCI mempertahankan kebijakan pembekuan indeks Indonesia tanpa melakukan penghapusan besar-besaran seperti pada tinjauan sebelumnya,"" ujar Lukman kepada CNNIndonesia.com .
Namun, ia menilai penguatan rupiah berpotensi terbatas oleh ketidakpastian terkait prospek perdamaian di Timur Tengah.
""Namun penguatan diperkirakan terbatas oleh ketidakpastian seputar prospek perdamaian di Timur Tengah,"" lanjutnya.
Ia memperkirakan rupiah bergerak dalam rentang Rp17.800 hingga Rp17.900 per dolar AS pada perdagangan hari ini.",CNN Indonesia,Business,2026-08-13,Negative,"Reports a financial loss, decline, layoff, fraud, or crisis-related event."
Apa Itu Transfer Pricing di Kasus PT TPL yang Diduga Rugikan RI Rp2 T?,"Kejaksaan Agung ( Kejagung ) menetapkan dua orang berinisial BP dan SR sebagai tersangka kasus dugaan korupsi transfer pricing oleh PT Toba Pulp Lestari (TPL) selama periode 2008 hingga 2025.
Dari hasil pemeriksaan, PT TPL diduga melakukan ekspor dengan cara under invoicing yakni dengan melaporkan sebagai produk paper grade pulp atau bleached hardwood kraft pulp (BHKP).
Direktur Penyidikan Jaksa Agung Muda Bidang Tindak Pidana Khusus Saiful Bahri Siregar mengatakan secara karakteristik, kegunaan, dan harga nilai pasar produk tersebut sebenarnya merupakan produk dissolving pulp.
""Di sini HS Code untuk ekspornya sudah berubah,"" ujar Saiful dalam konferensi pers, Rabu (12/8).
Saiful menjelaskan dengan perubahan HS Code yang dilaporkan itu nilai produk Toba Pulp Lestari yang tercatat sejak periode 2008 hingga 2025 tidak sesuai dengan kondisi asli atau berkurang.
Ia menjelaskan akibatnya penjualan produk dissolving pulp dengan nama Hight Alpha Pulp kepada PT Asia Pacific Rayon atau perusahaan afiliasinya tidak tercatat dengan semestinya.
""Sehingga berdampak pada penurunan nilai pajak badan atau perusahaan dari yang seharusnya diterima oleh negara,"" jelasnya.
Untuk memuluskan aksinya, kata Saiful, Toba Pulp meminta bantuan tersangka BP dan SR pegawai Ditjen Pajak Kementerian Keuangan yang bertugas menjadi supervisor dalam pemeriksaan pajak Toba Pulp Lestari.
Ia menjelaskan keduanya mengabaikan tugas pengawasan serta untuk menelaah KKP dan LHP sehingga tidak didasarkan pada audit program melainkan dari laporan yang disusun oleh para tersangka.
""Atas perbuatan tersebut, para tersangka diduga telah menerima sejumlah uang dari PT TPL,"" tuturnya.
Akibat perbuatannya, Saiful menyebut negara mengalami kerugian keuangan negara berupa penurunan pendapatan yang tidak sebagaimana mestinya.
Dari hasil penyidikan sementara Kejagung, nilai sementara kerugian mencapai Rp2 triliun.
Mengutip situs resmi DJP Kementerian Keuangan, transfer pricing adalah proses penentuan harga atas output barang atau jasa yang dihasilkan oleh suatu unit yang ditransfer atau diserahkan kepada unit lainnya.
Unit yang dimaksud dapat berupa divisi dalam sebuah entitas perusahaan, atau perusahaan itu sendiri yang bertransaksi dengan perusahaan lainnya.
Namun, dalam proses ini kerap terjadi penentuan harga atau laba transaksi afiliasi, baik domestik maupun lintas negara ( crossborder ), yang dilakukan tanpa memenuhi Prinsip Kewajaran dan Kelaziman Usaha (PKKU).
Merujuk situs Ikatan Akuntan Indonesia (IAI) Jawa Timur, Organisation for Economic Co-operation and Development (OECD) menjelaskan transfer pricing harus mengikuti prinsip "" arm's length "" atau prinsip kewajaran.
Pemerintah di berbagai negara memberlakukan regulasi yang ketat terkait transfer pricing untuk mencegah penghindaran pajak yang tidak adil.
Di Indonesia, aturan mengenai hal ini tertuang dalam Peraturan Menteri Keuangan Nomor 213/PMK.03/2016 tentang Pedoman Penetapan Harga Transfer.
OECD juga menerbitkan pedoman internasional melalui ""OECD Transfer Pricing Guidelines for Multinational Enterprises and Tax Administrations"".
Praktik ini sering digunakan sebagai celah untuk mengemplang pajak. Berdasarkan penjelasan Dosen Fakultas Ekonomi dan Bisnis Universitas Gadjah Mada Dian Kartika Rahajeng melalui situs feb.ugm.ac.id, perusahaan memanfaatkan transfer pricing untuk menghindari kewajiban dengan memindahkan keuntungan ke negara berpajak rendah.
Perusahaan juga memanfaatkan transfer picing untuk memindahkan kerugian dengan membebankan biaya yang dapat dikurangkan ke negara berpajak tinggi.
Padahal, pendapatan yang dikenakan pajak secara aturan tidak dapat dipindahkan secara artifisial ke yurisdiksi dengan beban pajak yang lebih rendah.",CNN Indonesia,Business,2026-08-13,Negative,"Reports a financial loss, decline, layoff, fraud, or crisis-related event."
"IHSG Pagi Ini Balik Melemah 0,42% ke Level 6.346","JAKARTA
- Indeks Harga Saham Gabungan (IHSG) pada Kamis pagi dibuka menguat sebelum berbalik arah ke zona merah. IHSG sempat naik 0,23% ke level 6.388 saat pembukaan, tetapi sekitar semenit kemudian melemah 0,42% ke level 6.346.
Pada awal perdagangan, sebanyak 206 saham tercatat berada di zona hijau, sedangkan 226 saham melemah dan 531 saham lainnya stagnan. Nilai transaksi mencapai sekitar Rp706 miliar dengan volume perdagangan 1,3 miliar saham.
MSCI Depak Saham GOTO dari Indonesia Investable Market Index, Ini Alasannya
Sejumlah indeks utama bergerak bervariasi. Indeks LQ45 naik 0,23% ke level 635, indeks Jakarta Islamic Index (JII) menguat 0,52% ke 385, sedangkan indeks MNC36 melemah 0,19% ke 273 dan IDX30 naik 0,19% ke 355.
Dari sisi sektoral, seluruh sektor tercatat berada di zona merah pada awal perdagangan. Pelemahan mencakup sektor energi, konsumer siklikal, keuangan, bahan baku, properti, industri, teknologi, konsumer non-siklikal, infrastruktur, transportasi, dan kesehatan.
Di jajaran saham dengan penguatan terbesar (top gainers), terdapat PT Ekadharma International Tbk (EKAD), Batavia Prosperindo Aset Manajemen, dan PT Rockfields Properti Indonesia Tbk (ROCK).
Selain GOTO, Ini Daftar 9 Saham yang Didepak MSCI
Sementara itu, saham yang mengalami penurunan terbesar (top losers) antara lain PT Asia Sejahtera Mina Tbk (AGAR), PT Duta Anggada Realty Tbk (DART), dan PT Calculus Global Ventures Tbk (STAR).
(nng)",Sindonews,Business,2026-08-13,Negative,"Reports a financial loss, decline, layoff, fraud, or crisis-related event."
"Sempat Menguat, IHSG Berbalik Melemah 0,42 Persen Usai MSCI Depak 10 Saham","JAKARTA - Indeks Harga Saham Gabungan (IHSG) bergerak dua arah pada pembukaan perdagangan pagi ini, Kamis (13/8/2026). IHSG dibuka menguat 13,38 poin atau 0,23 persen ke level 6.388.
Namun, semenit berjalan, IHSG masih berbalik arah melemah 0,42 persen ke level 6.346. Pergerakan IHSG ini usai pengumuman MSCI yang mempertahankan posisi pasar modal Indonesia pada kategori Emerging Market namun mengeluarkan 10 saham emiten asal Indonesia dari indeksnya.
Pada perdagangan pagi ini dengan 206 saham di zona hijau, 226 melemah, dan 531 lainnya stagnan. Transaksi awal menyentuh Rp706 miliar, dengan volume 1,3 miliar lembar saham.
Indeks LQ45 menguat 0,23 persen 635, indeks JII menguat 0,52 persen ke 385, indeks MNC36 melemah 0,19 persen ke 273, dan IDX30 menguat 0,19 persen ke 355.
Untuk indeks sektoral semua kompak berada di zona merah seperti energi, konsumer siklikal, keuangan, bahan baku, properti, industri, teknologi, konsumer non siklikal, infrastruktur, transportasi dan kesehatan.
(Dani Jumadil Akhir)
Ekonomi Okezone menyajikan berita ekonomi terkini dan terpercaya. Dapatkan wawasan tentang tren pasar, kebijakan ekonomi, dan pergerakan finansial di Indonesia dan dunia.
© 2007 - 2026 Okezone.com, All Rights Reserved",Okezone,Business,2026-08-13,Negative,"Reports a financial loss, decline, layoff, fraud, or crisis-related event."
"Rupiah Dibuka Melemah, Dolar AS Naik ke Rp17.840","Jakarta, CNBC Indonesia - Tekanan terhadap rupiah kembali dirasakan pada perdagangan pagi ini. Mata uang Garuda kembali melemah terhadap dolar Amerika Serikat (AS).
Merujuk data Refinitiv , pada pembukaan perdagangan Rabu (12/8/2026), rupiah melemah tipis 0,06% ke posisi Rp17.840/US$.
Pelemahan tersebut melanjutkan tekanan pada perdagangan sebelumnya Selasa (11/8/2026), rupiah ditutup melemah 0,45% ke level Rp17.830/US$, sekaligus mengakhiri tren penguatan selama empat hari perdagangan beruntun.
Sementara itu, indeks dolar AS (DXY) yang mengukur kekuatan greenback terhadap enam mata uang utama dunia, pada pukul 09.00 WIB terpantau menguat tipis 0,03% ke posisi 99,851. Pergerakan tersebut melanjutkan penguatan pada penutupan perdagangan sebelumnya.
Pergerakan rupiah hari ini masih akan dipengaruhi dinamika dolar AS menjelang pengumuman inflasi konsumen periode Juli. Data tersebut akan menjadi petunjuk terbaru bagi pasar dalam memperkirakan arah suku bunga bank sentral AS (The Federal Reserve/The Fed).
Pelaku pasar masih diliputi keraguan setelah laporan ketenagakerjaan AS pekan lalu tercatat lebih lemah dari yang diperkirakan. Kondisi pasar tenaga kerja yang melambat membuka ruang bagi The Fed untuk menahan suku bunga, tetapi risiko inflasi masih membatasi peluang pelonggaran kebijakan.
Presiden The Fed Chicago Austan Goolsbee mengatakan bank sentral saat ini lebih mencemaskan inflasi yang terlalu tinggi dibandingkan pelemahan pasar tenaga kerja. Pernyataan tersebut membuat pasar tetap berhati-hati menjelang rilis data inflasi.
Pasar kini memperhitungkan peluang sebesar 52% bahwa The Fed akan mempertahankan suku bunga dalam pertemuan September. Sementara peluang kenaikan suku bunga sebesar 25 basis poin berada di level 48%.
Risiko inflasi juga kembali meningkat setelah harga minyak bergerak naik menyusul serangan terhadap jalur pelayaran penting di Timur Tengah. Kenaikan harga energi berpotensi menjaga tekanan harga tetap tinggi dan mempertahankan dukungan terhadap dolar AS.
Sementara itu, rupiah juga belum memperoleh dukungan kuat dari data penjualan eceran. Penjualan eceran Indonesia masih terkontraksi 3% secara tahunan pada Juni 2026 dan telah mencatat penurunan selama tiga bulan berturut-turut.
Meskipun membaik dari kontraksi 3,9% pada Mei, realisasinya masih jauh di bawah perkiraan awal yang mengarah pada pertumbuhan 1,8%. Data tersebut menunjukkan momentum konsumsi domestik belum sepenuhnya pulih sehingga menjadi sentimen yang membatasi pergerakan rupiah.
Namun, tekanan dari data tersebut tertahan oleh perbaikan secara bulanan. Indeks Penjualan Riil naik 0,7% menjadi 225,0 setelah turun 1,5% pada Mei, ditopang permintaan masyarakat selama periode Hari Besar Keagamaan Nasional (HBKN) dan libur sekolah.",CNBC Indonesia,Business,2026-08-12,Negative,"Reports a financial loss, decline, layoff, fraud, or crisis-related event."
"Harga Emas Antam Hari Ini, Rabu 12 Agustus 2026: Anjlok Drastis Jadi Rp2.680.000 per Gram","Halo,
Profile
Kirim Images
Logout
Masuk ke akun Anda
Belum punya akun? Daftar Akun
Pedoman Media Siber
Hubungi Kami
Privacy Policy
Redaksi
Download TribunX untuk Android & iOS
Harga emas Antam mengalami perubahan, di level Rp2.680.000 per gramnya.
Emas Antam terkoreksi turun sebanyak Rp30.000 per gram pada hari ini.
Dikutip dari logammulia.com , harga buyback emas juga berubah, menurun di level Rp2.516.000, atau merosot Rp30.000 per gram.
Harga buyback emas Antam adalah harga yang didapatkan ketika pemegang emas Antam ingin menjualnya.
Perhitungan harga emas tersebut, hanya berlaku di kantor pelayanan Antam Pulo Gadung, Jakarta.
Gerai penjualan emas Antam lainnya bisa jadi mematok harga berbeda.
Emas Antam adalah produk logam mulia dalam bentuk emas batangan yang diproduksi oleh PT Aneka Tambang Tbk (Antam), sebuah BUMN Indonesia.
Emas batangan ini memiliki kadar kemurnian 99,99 persen atau 24 karat dan diakui secara global dengan sertifikasi dari London Bullion Market Association (LBMA).
Harga emas batangan 0,5 gram: Rp1.390.000
Harga emas batangan 1 gram: Rp2.680.000
Harga emas batangan 2 gram: Rp5.300.000
Harga emas batangan 3 gram: Rp7.925.000
Harga emas batangan 5 gram: Rp13.175.000
Harga emas batangan 10 gram: Rp26.295.000
Isi komentar sepenuhnya adalah tanggung jawab pengguna dan diatur dalam UU ITE.",Tribun,Business,2026-08-12,Negative,"Reports a financial loss, decline, layoff, fraud, or crisis-related event."
"Harga Emas Hari Ini Melemah, Investor Menanti Data Inflasi AS","Berikut pergerakan harga emas dunia di tengah sentimen investor menanti data inflasi Amerika Serikat (AS).
Liputan6.com, Jakarta - Harga emas dunia stabil pada perdagangan Selasa, 11 Agustus 2026 (Rabu pagi Jakarta) setelah sempat mencapai level tertinggi dalam lebih dari dua bulan pada awal sesi perdagangan. Hal ini seiring investor menantikan data inflasi Amerika Serikat (AS) untuk mendapatkan petunjuk mengenai arah kebijakan suku bunga the Federal Reserve ( the Fed ).
Mengutip CNBC , Rabu (12/8/2026), harga emas spot turun 0,4% menjadi US$ 4.367,57 per ons setelah menyentuh level tertinggi sejak 5 Juni di US$ 4.434,84. Di sisi lain, kontrak berjangka emas AS menguat 0,2% menjadi US$ 4.430,2.
""Data inflasi mendatang akan sangat memengaruhi prospek suku bunga AS. Angka inflasi yang lebih tinggi dari perkiraan dapat menjadi alasan kuat untuk kenaikan suku bunga pada pertemuan The Fed berikutnya dan, sebagai dampaknya, memberikan tekanan penurunan lebih lanjut pada harga emas,"" ujar Ekonom Iklim dan Komoditas di Capital Economics, Hamad Hussain.
Advertisement
Investor sedang menantikan data harga konsumen AS yang akan dirilis pada Rabu dan data harga produsen pada Kamis untuk mendapatkan petunjuk lebih lanjut mengenai prospek kebijakan The Federal Reserve (the Fed).
Para pedagang saat ini memperkirakan peluang hampir 50% untuk kenaikan suku bunga pada September, naik dari 44% pada Senin, menurut perangkat CME FedWatch.
Presiden Federal Reserve Bank of Cleveland, Beth Hammack, pada Senin menyatakan keyakinannya saat ini adalah waktu yang tepat untuk mulai menaikkan suku bunga secara bertahap guna menghindari perlunya kenaikan yang lebih tajam pada kemudian hari.
Meskipun emas dipandang sebagai sarana lindung nilai terhadap inflasi, daya tariknya berkurang dalam lingkungan suku bunga tinggi karena emas tidak memberikan imbal hasil (yield).
Presiden AS Donald Trump menanggapi syarat-syarat Iran untuk kesepakatan damai dengan menuntut Teheran membayar kompensasi bagi korban tewas dalam perang, serangan, dan protes. Komentar tersebut menambah ketidakpastian terkait upaya pembukaan kembali Selat Hormuz.
""Prospek logam mulia menunjukkan tanda-tanda perbaikan, terutama didukung oleh permintaan struktural berkelanjutan yang membantu mencegah koreksi lebih dalam, sementara lingkungan makro menjadi lebih mendukung dan investor Barat mulai menunjukkan tanda-tanda awal untuk kembali masuk ke pasar,"" kata analis Saxo Bank, Ole Hansen, dalam sebuah catatan.
Di antara logam lainnya, harga perak spot turun 1,5% menjadi US$ 64,73, platinum turun 0,7% menjadi US$ 1.740,06, dan paladium turun 1,4% menjadi US$ 1.363,42.
Baca berita terkini dan terpercaya di Berita Liputan6
Advertisement
Advertisement
Advertisement
Advertisement
Copyright © 2026 Liputan6.com
KLY KapanLagi Youniverse All Right Reserved.",Liputan6,Business,2026-08-12,Negative,"Reports a financial loss, decline, layoff, fraud, or crisis-related event."
"Truth Social Milik Trump Rugi Rp 4,24 T pada Kuartal II 2026","Perusahaan media milik Presiden Amerika Serikat (AS) Donald , Trump Media & Technology Group (TMTG), yang menaungi platform , mencatat kerugian sebesar USD 238 juta atau sekitar Rp 4,24 triliun (dengan kurs Rp 17.826 per dolar AS) pada kuartal II 2026.
Dikutip dari the Guardian, kerugian tersebut dibukukan dalam tiga bulan hingga Juni 2026. Dalam periode tersebut, perusahaan mulai merambah sejumlah bisnis baru, termasuk sektor kripto.
CEO baru Trump Media, Kevin McGurn, mengatakan perusahaan kini akan kembali memusatkan perhatian pada bisnis media sosial setelah selama setahun berupaya melakukan ekspansi ke bisnis taruhan daring dan kripto.
“Kami membuat pilihan yang disiplin untuk melakukan perubahan arah guna menginvestasikan lebih banyak waktu dan sumber daya pada inisiatif kami yang paling penting. Kami akan mengatakan tidak pada berbagai hal atau mengubah arah jika diperlukan,"" kata McGurn dikutip dari the Guardian, Rabu (12/8).
Salah satu bagian penting dari strategi baru perusahaan adalah Truth API, layanan yang akan menjual akses awal terhadap unggahan di Truth Social dari Trump dan pengguna utama lainnya kepada perusahaan perdagangan di Wall Street.
Akses tersebut memungkinkan perusahaan-perusahaan perdagangan memanfaatkan pergerakan saham, obligasi, dan suku bunga yang kerap mengikuti pengumuman kebijakan penting Trump melalui platform tersebut.
McGurn mengatakan layanan Truth API dibanderol USD 60.000 hingga USD 100.000 per bulan. Trump Media disebut telah mendapatkan 10 pelanggan, yang sebagian besar merupakan perusahaan high-frequency trading yang melakukan transaksi jual beli dalam hitungan milidetik.
Layanan berbayar tersebut dan Trump Media secara keseluruhan, mendapat kritik dari sejumlah pengawas pemerintahan. Pakar aturan konflik kepentingan pemerintah dari Washington University School of Law Kathleen Clark sebelumnya menilai layanan tersebut bermasalah.
Menurut dia, langkah tersebut merupakan bentuk korupsi yang semakin terang-terangan dan eksploitasi kekuasaan pemerintah yang tidak semestinya untuk memperkaya diri sendiri.
McGurn membantah kekhawatiran tersebut. Dia mengatakan perusahaan lain juga menyediakan akses khusus dan cepat kepada para pelaku perdagangan.
Meski kembali memfokuskan bisnisnya pada media sosial, McGurn mengatakan Trump Media tetap melanjutkan rencana usaha yang sebelumnya telah diumumkan, yakni pengembangan teknologi fusi nuklir.
Trump Media masih menargetkan penyelesaian merger dengan perusahaan energi TAE Technologies pada akhir tahun ini.
Pada kuartal II 2026, Trump Media mencatat pendapatan sebesar USD 1,7 juta atau sekitar Rp 30,3 miliar. Pendapatan tersebut meningkat 89 persen dibandingkan periode yang sama tahun sebelumnya.
Di sisi lain, perusahaan memiliki utang sebesar USD 1 miliar yang berasal dari surat utang konversi khusus. Utang tersebut baru jatuh tempo pada 2028.
Namun, para pemberi pinjaman memiliki opsi untuk meminta surat utang tersebut dicairkan pada November mendatang. Kondisi ini berpotensi memberikan tekanan terhadap keuangan perusahaan, meskipun Trump Media dinilai memiliki kas yang cukup.
Pada akhir kuartal II 2026, Trump Media memiliki lebih dari USD 400 juta atau sekitar Rp 7,12 triliun dalam bentuk kas dan investasi jangka pendek. Perusahaan juga memiliki aset bitcoin dan aset terkait bitcoin senilai USD 1,2 miliar atau sekitar Rp 21,39 triliun.",Kumparan,Business,2026-08-12,Negative,"Reports a financial loss, decline, layoff, fraud, or crisis-related event."
Harga Emas Antam Hari Ini Turun Rp30.000! Buyback Anjlok,"JAKARTA - Harga emas Antam logam mulia pada hari ini, Rabu (12/8/2026) kembali turun. Harga emas Antam turun Rp30.000 menjadi Rp2.680.000 per gram dibandingkan harga sebelumnya Rp2.710.000 per gram.
Sejalan dengan buyback atau harga yang didapat jika pemilik emas ingin menjual emas batangan ini juga turun Rp30.000 menjadi Rp2.516.000.
Harga emas Antam tersebut berlaku pada pengambilan di Butik Emas Logam Mulia (BELM) Gedung Antam Jakarta. Adapun di laman resmi tersebut untuk saat ini beberapa macam emas masih belum tersedia.
Saat ini, PPN tidak dipungut sesuai PP Nomor 49 Tahun 2022. Nilai PPN tidak diperhitungkan dalam perhitungan grand total.
Hal tersebut sesuai dengan PMK Nomor 48 tahun 2023 dengan tarif 0,25 persen (sesuai ketentuan yang berlaku) dan akan diterbitkan bukti potong PPh 22 oleh PT Antam Tbk sebagai Penjual.
Berikut rincian harga pecahan emas Antam hari ini dari laman resmi Logam Mulia:
© 2007 - 2026 Okezone.com, All Rights Reserved",Okezone,Business,2026-08-12,Negative,"Reports a financial loss, decline, layoff, fraud, or crisis-related event."
"Harga Emas Antam Anjlok Rp30 Ribu Jadi Rp2,680 Juta Per Gram","Harga emas batangan produksi PT Aneka Tambang Tbk ( Antam ) turun pada perdagangan Rabu (12/8). Harga dasar emas Antam ukuran 1 gram kini berada di level Rp2,680 juta per gram, melemah dibandingkan posisi sehari sebelumnya.
Berdasarkan data resmi situs Logam Mulia Antam, harga emas Antam hari ini turun Rp30 ribu dibandingkan harga pada Selasa (11/8) yang berada di level Rp2,710 juta per gram.
Pelemahan juga terjadi pada harga pembelian kembali. Logam Mulia mencatat harga buyback emas Antam hari ini turun Rp30 ribu menjadi Rp2,516 juta per gram dibandingkan perdagangan sebelumnya. Selisih antara harga jual dan harga buyback saat ini berada di kisaran Rp164 ribu per gram.
Sementara itu, berdasarkan situs HRTA Gold, harga Emasku BSI Gold ukuran 1 gram hari ini berada di level Rp2,600 juta, sedangkan harga buyback dipatok Rp2,461 juta.
Kemudian, berdasarkan situs Galeri24, harga emas Galeri24 dijual Rp2,685 juta per gram, sedangkan emas UBS dibanderol Rp2,741 juta per gram.
Perbedaan harga antarproduk tersebut dipengaruhi oleh produsen, standar cetakan, hingga jalur distribusi masing-masing merek.
Berikut daftar lengkap harga emas Rabu, 12 Agustus:
0,5 gram: Rp1.390.000
1 gram: Rp2.680.000
2 gram: Rp5.300.000
3 gram: Rp7.925.000
5 gram: Rp13.175.000
10 gram: Rp26.295.000
25 gram: Rp65.612.000
50 gram: Rp131.145.000
100 gram: Rp262.212.000
250 gram: Rp655.265.000
500 gram: Rp1.310.320.000
1.000 gram: Rp2.620.600.000
0,1 gram: Rp330.500 / Rp246.100
0,25 gram: Rp775.500 / Rp615.250
0,5 gram: Rp1.355.000 / Rp1.230.500
1 gram: Rp2.600.000 / Rp2.461.000
2 gram: Rp5.160.000 / Rp4.922.000
5 gram: Rp12.810.000 / Rp12.305.000
10 gram: Rp25.550.000 / Rp24.610.000
25 gram: Rp63.600.000 / Rp61.525.000
50 gram: Rp127.150.000 / Rp123.050.000
100 gram: Rp254.200.000 / Rp246.100.000
125 gram: Rp317.125.000 / Rp304.000.000
150 gram: Rp380.400.000 / Rp364.800.000
175 gram: Rp443.625.000 / Rp425.600.000
200 gram: Rp506.800.000 / Rp486.400.000
250 gram: Rp633.000.000 / Rp595.375.000
500 gram: Rp1.266.000.000 / Rp1.190.750.000
1.000 gram: Rp2.532.000.000 / Rp2.381.500.000
0,5 gram: Rp1.409.000
1 gram: Rp2.685.000
2 gram: Rp5.305.000
5 gram: Rp13.166.000
10 gram: Rp26.261.000
25 gram: Rp65.299.000
50 gram: Rp130.494.000
100 gram: Rp260.860.000
250 gram: Rp650.547.000
500 gram: Rp1.301.094.000
1.000 gram: Rp2.602.188.000
0,5 gram: Rp1.482.000
1 gram: Rp2.741.000
2 gram: Rp5.440.000
5 gram: Rp13.443.000
10 gram: Rp26.746.000
25 gram: Rp66.732.000
50 gram: Rp133.190.000
100 gram: Rp266.276.000
250 gram: Rp665.493.000
500 gram: Rp1.329.422.000.",CNN Indonesia,Business,2026-08-12,Negative,"Reports a financial loss, decline, layoff, fraud, or crisis-related event."
"Ramalan Musk Soal Dolar dan AI jadi Sorotan Tajam, AS Bakal Bangkrut?","JAKARTA
- Pernyataan kontroversial yang dilontarkan miliarder teknologi,
Elon Musk
pada April lalu kini menjadi sorotan tajam para pelaku pasar global. Di tengah gelombang pemutusan hubungan kerja (PHK) akibat otomatisasi
kecerdasan buatan (AI)
yang menembus puluhan ribu posisi per kuartal, peringatan Musk mengenai ancaman disinflasi ekstrem dan krisis mata uang mulai menunjukkan tanda-tanda kenyataan.
Melalui unggahannya di platform X, Musk menegaskan bahwa lonjakan produktivitas akibat AI dan robotika akan menciptakan disrupsi ekonomi masif jika tidak diimbangi dengan redistribusi daya beli kepada masyarakat.
Elon Musk Sebut AS 1.000% Bakal Bangkrut: Utang Amerika Tembus Rp713.684 Triliun
""Jika AI dan robot meningkatkan output produksi secara drastis, maka Anda harus mendistribusikan
dolar
kepada masyarakat atau akan terjadi disinflasi masif,"" tulis Elon Musk.
Dilema Cetak Uang: Solusi Musk Ancam Bangkrutkan Negara?
Logika dasar di balik peringatan Musk terbilang lugas: lonjakan pasokan barang tanpa disertai penambahan jumlah uang beredar akan membuat nilai tiap dolar melonjak tinggi (disinflasi/deflasi). Bagi perekonomian modern yang sangat bergantung pada utang dan konsumsi, kondisi ini amat membahayakan.
Namun, usulan Musk untuk membagikan pendapatan dasar universal (universal high income) lewat pencetakan dolar baru memicu penolakan keras dari para ekonom moneter. ""Rencana pencetakan uang masif tersebut kemungkinan besar akan membangkrutkan pemerintah mana pun yang mencobanya,"" puji ekonom, Shankar Sanyal dalam tanggapannya di X.",Sindonews,Business,2026-08-12,Negative,"Reports a financial loss, decline, layoff, fraud, or crisis-related event."
Rupiah Dibuka Melemah ke Rp17.872 per Dolar AS Pagi Ini,"Nilai tukar rupiah berada di level Rp17.872 per dolar AS pada perdagangan Rabu (12/8) pagi. Mata uang Garuda melemah 11 poin atau 0,06 persen dibandingkan perdagangan sebelumnya.
Mata uang Asia bergerak bervariasi terhadap dolar AS. Yuan China melemah 0,01 persen dan peso Filipina terdepresiasi 0,15 persen. Sebaliknya, ringgit Malaysia menguat 0,01 persen dan dolar Singapura terapresiasi 0,08 persen.
Yen Jepang melemah 0,05 persen dan won Korea Selatan terdepresiasi 0,28 persen. Sementara itu, dolar Hong Kong bergerak stabil terhadap dolar AS.
Di sisi lain, mata uang utama negara maju kompak melemah terhadap dolar AS. Euro Eropa turun 0,05 persen, poundsterling Inggris melemah 0,03 persen, dolar Australia terkoreksi 0,06 persen, dolar Kanada terdepresiasi 0,04 persen, dan franc Swiss melemah 0,10 persen.
Analis mata uang Doo Financial Futures Lukman Leong mengatakan rupiah berpotensi bergerak konsolidatif pada perdagangan hari ini. Pergerakan mata uang Garuda masih akan dipengaruhi perkembangan geopolitik di Timur Tengah serta sikap investor yang cenderung menunggu sejumlah sentimen.
""Rupiah diperkirakan bergerak konsolidatif di tengah perkembangan geopolitik di Timur Tengah yang masih memberikan sinyal beragam,"" ujar Lukman kepada CNNIndonesia.com.
Ia mengatakan laporan dari Pakistan menunjukkan proses menuju kesepakatan damai kembali memperlihatkan perkembangan positif. Namun, Iran menegaskan Selat Hormuz belum akan dibuka sebelum sejumlah persyaratan terpenuhi.
Di sisi lain, investor cenderung bersikap wait and see menjelang rilis data inflasi Amerika Serikat (AS) pada malam ini.
""Investor cenderung wait and see menjelang rilis data inflasi AS malam ini,"" katanya.
Dari dalam negeri, pelaku pasar juga akan mencermati pengumuman hasil review indeks Morgan Stanley Capital International (MSCI) yang berpotensi memengaruhi sentimen terhadap aset Indonesia.
Lukman memperkirakan rupiah bergerak dalam rentang Rp17.750 hingga Rp18.850 per dolar AS pada perdagangan hari ini.",CNN Indonesia,Business,2026-08-12,Negative,"Reports a financial loss, decline, layoff, fraud, or crisis-related event."
"Video: Hormuz Bergejolak Lagi - Rebalancing MCSI, IHSG Anjlok Kembali","Jakarta, CNBC Indonesia- Indeks Harga Saham Gabungan melemah lebih dari 1% hingga merosot ke level 6.200-a pada pembukaan perdagangan sesi II, Selasa (11/08) dengan Rupiah terkoreksi 0,48% ke Rp 17.835 per Dolar AS.
Tekanan di pasar keuangan RI tidak lepas dari sentiment global terkait memudarnya harapan damai di selat Hormuz yang mendorong kenaikan harga minyak dunia sehingga risiko di pasar keuangan Kembali menguat. Dari dalam negeri sentiment terkait rebalancing MSCI turut menjadi antisipasi pelaku pasar modal RI dalam bertransaksi saat ini, selain itu pengumuman Destry Damayanti sebagai calon tunggal Gubernur Bank Indonesia direspon cukup positif oleh pelaku pasar bahkan Rupiah memiliki peluang menguat hingga ke level Rp Rp 17.600 - 17.400 per Dolar AS
Sentimen apa saja yang menjadi penekan pasar keuangan RI? Selengkapnya simak ulasan Shania Alatas dengan FX Analyst CNBC Indonesia, Elvan Chandra Widyatama dalam Power Lunch, CNBC (Selasa, 11/08/2026)",CNBC Indonesia,Business,2026-08-11,Negative,"Reports a financial loss, decline, layoff, fraud, or crisis-related event."
Rupiah Melemah ke Rp17.795 per Dolar AS Pagi Ini,"Nilai tukar rupiah berada di level Rp17.795 per dolar AS pada perdagangan Selasa (11/8) pagi. Mata uang Garuda melemah 40 poin atau 0,23 persen dibandingkan perdagangan sebelumnya.
Pergerakan rupiah berlangsung di tengah pergerakan mata uang Asia yang variatif terhadap dolar AS. Yuan China naik 0,01 persen, dolar Singapura menguat 0,02 persen, yen Jepang naik 0,09 persen, dan won Korea Selatan terapresiasi 0,19 persen.
Sementara itu, sejumlah mata uang Asia lainnya melemah. Peso Filipina turun 0,40 persen, ringgit Malaysia terdepresiasi 0,03 persen, dan dolar Hong Kong terkoreksi 0,01 persen.
Di sisi lain, mayoritas mata uang utama negara maju yang dipantau kompak menguat terhadap dolar AS. Euro Eropa naik 0,05 persen, poundsterling Inggris menguat 0,04 persen, dolar Australia dan dolar Kanada masing-masing naik 0,06 persen, sedangkan franc Swiss menguat 0,07 persen.
Analis mata uang DOO Financial Futures Lukman Leong mengatakan rupiah berpotensi kembali melemah terhadap dolar AS hari ini.
""Rupiah diperkirakan akan melemah terhadap dolar AS di tengah ketidakpastian geopolitik di Timur Tengah yang kembali mendorong kenaikan harga minyak mentah dunia,"" ujar Lukman kepada CNNIndonesia.com , Selasa (11/8).
Dari dalam negeri, menurut Lukman, pelaku pasar juga masih mencermati data penjualan ritel yang akan dirilis. Data tersebut diperkirakan tumbuh 1,8 persen.
""Dari domestik, investor menantikan data penjualan ritel yang diperkirakan akan tumbuh 1,8 persen,"" jelasnya.
Ia memperkirakan rupiah bergerak dalam rentang Rp17.750 hingga Rp17.850 per dolar AS pada perdagangan hari ini.",CNN Indonesia,Business,2026-08-11,Negative,"Reports a financial loss, decline, layoff, fraud, or crisis-related event."
Video:Calon Gubernur BI Dipantau hingga IHSG & Rupiah Anjlok Berjamaah,"Jakarta, CNBC Indonesia- Sempat dibuka menguat, IHSG longsor ke zona pelemahan dan terkoreksi 0,48% ke 6.335 pada perdagangan Selasa (11/08) pukul 10:05 WIB dengan Rupiah yang ikut melemah 0,34% ke Rp 17.810 per Dolar AS.
Dari pasar komoditas, harga emas dunia melambung tinggi disertai aksi fomo investor, begitupula dengan Harga minyak ikut naik seiring dengan memudarnya harapan damai di selat Hormuz
Selengkapnya simak dalam Profit, CNBC Indonesia (Selasa, 11/08/2026)",CNBC Indonesia,Business,2026-08-11,Negative,"Reports a financial loss, decline, layoff, fraud, or crisis-related event."
Video: Rupiah Kembali Melemah ke Rp 17.780 per USD - IHSG Masih Lesu,"Jakarta, CNBC Indonesia- Setelah menutup perdagangan awal pekan di zona merah, Indeks Harga saham gabungan pada pembukaan pasar Selasa (11/08) berhasil melaju ke zona hijau dan menguat 0,34% ke level 6.386. Dari sisi nilai tukar, Rupiah Kembali melemah 0,17% ke posisi Rp 17.780 per Dolar AS.
Selengkapnya simak dalam Squawk Box, CNBC Indonesia (Selasa, 11/08/2026)",CNBC Indonesia,Business,2026-08-11,Negative,"Reports a financial loss, decline, layoff, fraud, or crisis-related event."
"Breaking, IHSG Merosot 1% Lebih Terseret Kinerja Saham Ini","Jakarta, CNBC Indonesia - Indeks Harga Saham Gabungan (IHSG) merosot tajam usai dibuka menguat di di level 6.383,81 pada perdagangan Senin (10/8/2026). Berdasarkan data Bursa Efek Indonesia (BEI), pada pukul 09.14 WIB IHSG tiba-tiba anjlok ke level 6.292,28 atau melemah 1,15% dari penutupan sebelumnya.
Nilai transaksi mencapai Rp 3,85 triliun dengan volume perdagangan 9,94 miliar saham dalam 502.209 juta kali transaksi. Sebanyak 133 saham menguat, 451 saham melemah, dan 139 saham masih belum bergerak.
Pelemahan IHSG hari ini dipicu oleh merosotnya harga saham-saham konglo yang dipimpin oleh pelemahan cukup dalam yang dicatatkan BBCA dan DSSA.
Mengutip data Refinitiv, seluruh sektor perdagangan melemah hari ini. Secara spesifik saham BBCA tercatat menjadi pemberat utama kinerja IHSG hari ini, diikuti oleh DSSA, VKTR, BREN, IMPC dan BRPT
Pergerakan IHSG hari ini masih dibayangi sejumlah sentimen yang datang dari domestik maupun global.
Presiden AS Donald Trump pada Senin (10/8/2026) menanggapi tuntutan Iran untuk kesepakatan damai dengan tuntutan baru agar Teheran membayar kompensasi atas korban tewas akibat perang, serangan, dan aksi demonstrasi.
Trump mengatakan Iran harus membayar kerusakan yang terjadi selama 50 tahun terakhir, termasuk kompensasi bagi warga sipil dan pasukan AS yang tewas di kawasan tersebut. Tuntutan baru ini berpotensi semakin mempersulit upaya membuka kembali Selat Hormuz.
Sebelumnya, Iran menuntut kompensasi, penghentian sanksi, serta penghentian ancaman militer AS sebagai syarat pembukaan kembali jalur strategis tersebut.
Harga minyak melonjak sekitar 5% pada Senin (10/8/2026) karena keraguan bahwa AS dan Iran akan mencapai kesepakatan untuk membuka kembali lalu lintas kapal di Selat Hormuz. Harga WTI ditutup US$82,13/barel, sementara Brent US$87,72/barel.
Dari dalam negeri, setelah periode net sell yang sangat panjang, investor asing mulai masuk ke bursa saham Indonesia meskipun terbatas.
Pada perdagangan Senin kemarin, terpantau asing membukukan net foreign inflow sebesar Rp 829,69 miliar di all market namun mencatatkan net foreign sell di pasar reguler sebesar Rp 875,51 miliar.
Dari 141 hari perdagangan sejak 2 Januari, asing masih mencatat net sell dalam 93 hari dan net buy dalam 48 hari. Jadi, satu sesi pembelian besar belum menghapus tren distribusi sepanjang tahun.
Sehingga apabila data ditarik secara year-to-date bursa saham mengalami net foreign outflow sebesar Rp 70,46 triliun di all market dan Rp 95,37 triliun di reguler market. Pasar saham Indonesia sempat mencatat net buy sangat besar pada Jumat pekan lalu yakni sebesar Rp1,24 triliun di pasar secara keseluruhan sementara di pasar reguler mengalami net inflow Rp 917,23 miliar.
Mulai masuknya asing ini menjadi kabar baik setelah asing kabur besar-besaran pada periode Mei-Juli 2026. Namun, dorongan asing ini masih sangat terbatas.",CNBC Indonesia,Business,2026-08-11,Negative,"Reports a financial loss, decline, layoff, fraud, or crisis-related event."
"Rupiah Dibuka Melemah 0,17%, Nilai Tukar Dolar AS Naik ke Rp17.780","Jakarta, CNBC Indonesia - Rupiah kehilangan sedikit tenaganya setelah mencatatkan penguatan selama empat hari perdagangan beruntun. Mata uang Garuda berbalik melemah terhadap dolar Amerika Serikat (AS) pada pembukaan perdagangan pagi ini.
Merujuk data Refinitiv , pada pembukaan perdagangan Selasa (11/8/2026), rupiah terdepresiasi sebesar 0,17% ke posisi Rp17.780/US$.
Pelemahan pagi ini terjadi setelah rupiah mencatat penguatan tajam pada perdagangan sebelumnya. Pada Senin (10/8/2026), rupiah ditutup terapresiasi 0,75% ke level Rp17.750/US$.
Penutupan tersebut memperpanjang penguatan rupiah yang berlangsung sejak 5 Agustus 2026 menjadi empat hari perdagangan berturut-turut.
Sementara itu, indeks dolar AS (DXY) yang mengukur kekuatan greenback terhadap enam mata uang utama dunia, pada pukul 09.00 WIB terpantau melemah tipis 0,06% ke posisi 99,571. DXY berbalik turun setelah menguat 0,27% pada perdagangan sebelumnya.
Pergerakan rupiah hari ini masih akan dipengaruhi dinamika dolar AS di pasar global serta perkembangan pergantian kepemimpinan Bank Indonesia (BI) dari dalam negeri.
Dolar AS ditutup menguat pada perdagangan Senin kemarin setelah harga minyak melonjak lebih dari 4%. Kenaikan harga minyak terjadi setelah Iran dan AS saling mengajukan tuntutan kompensasi sehingga memperkecil harapan tercapainya kesepakatan untuk membuka kembali Selat Hormuz dalam waktu dekat.
Kenaikan harga energi kembali memunculkan kekhawatiran terhadap tekanan inflasi di Negeri Paman Sam. Kondisi tersebut mendorong sebagian pelaku pasar kembali memburu dolar menjelang pengumuman inflasi konsumen periode Juli pada Rabu (12/8/2026) waktu AS.
Meski demikian, ruang penguatan dolar masih dibatasi oleh data ketenagakerjaan AS yang jauh lebih lemah dari perkiraan. Perekonomian AS kehilangan lapangan kerja pada Juli, sementara data penambahan tenaga kerja untuk dua bulan sebelumnya direvisi turun tajam.
Data tersebut mengurangi keyakinan bahwa bank sentral AS (The Federal Reserve/The Fed), akan menaikkan suku bunga dalam waktu dekat. Pasar kini memperhitungkan peluang kenaikan suku bunga pada September sebesar 52%, turun dari 67% pada pekan lalu.
Adapun dari dalam negeri, pasar masih mencermati pengajuan Destry Damayanti sebagai calon tunggal Gubernur BI oleh Presiden Prabowo Subianto.
Menteri Sekretaris Negara Prasetyo Hadi mengatakan Presiden telah mengirimkan surat kepada Dewan Perwakilan Rakyat (DPR) terkait pencalonan tersebut.
""Namanya tunggal, satu nama, Bu Destry Damayanti,"" kata Prasetyo kepada wartawan di Kompleks Parlemen, Senayan, Jakarta, Senin (10/8/2026).
Destry saat ini menjabat sebagai Pejabat Sementara Gubernur BI setelah Perry Warjiyo mengundurkan diri pada 25 Juli 2026 karena alasan pribadi.
Pengajuan calon tunggal memberikan kepastian lebih besar mengenai arah pergantian kepemimpinan BI. Namun, Destry masih harus menjalani proses di DPR sebelum dapat ditetapkan sebagai Gubernur BI definitif.",CNBC Indonesia,Business,2026-08-11,Negative,"Reports a financial loss, decline, layoff, fraud, or crisis-related event."
"IHSG Sesi I Ditutup Merah, Melemah 0,87% ke Level 6.309","Indeks Harga Saham Gabungan () ditutup di zona merah pada akhir perdagangan sesi I pada Selasa (11/8), berdasarkan data dari Stockbit.
IHSG melemah 55,47 poin atau turun 0,87% ke level 6.309,91 pada penutupan sesi I. Nilai transaksi tercatat sebesar Rp 7,84 triliun dengan volume transaksi mencapai 20,91 miliar lembar saham dan frekuensi transaksi sebanyak 1,23 juta kali.
Sementara itu, berdasarkan data yang dihimpun dari Stockbit dan Yahoo Finance, berikut adalah pergerakan bursa saham Asia siang ini:",Kumparan,Business,2026-08-11,Negative,"Reports a financial loss, decline, layoff, fraud, or crisis-related event."
"Video: Asing Mulai Masuk Tapi IHSG Anjlok 1,5%-Rupiah Melemah, Kenapa?","Jakarta, CNBC Indonesia- IHSG menutup perdagangan Selasa (11/08) di zona merah dan melemah 1,53% ke level 6.267 dengan Rupiah terdepresiasi 0,45% ke posisi Rp 17.830 per Dolar AS.
Sentimen apa saja yang menjadi perhatian pelaku pasar? Selengkapnya simak ulasan Shafinaz Nachiar dan Serliana Salsabila dalam Closing Bell, CNBC Indonesia (Selasa, 11/08/2026)",CNBC Indonesia,Business,2026-08-11,Negative,"Reports a financial loss, decline, layoff, fraud, or crisis-related event."
"IHSG Anjlok 1,53% Balik ke Level 6.267 Terseret Kinerja Saham Ini","Jakarta, CNBC Indonesia - Indeks Harga Saham Gabungan (IHSG) kembali berada di zona merah pada perdagangan hari ini, Selasa (11/8/2026). IHSG tertekan dan sempat turun lebih dari 2% pada perdagangan intraday sesi kedua.
Berdasarkan data Bursa Efek Indonesia pada penutupan sesi II, IHSG turun 97,49 poin atau 1,53% ke posisi 6.267,88. IHSG dibuka di level 6.383,81. Sepanjang perdagangan hari ini, indeks bergerak di rentang 6.230 hingga 6.388.
Tekanan terhadap IHSG tercermin dari mayoritas saham yang bergerak turun. Sebanyak 141 saham menguat, 542 saham melemah, dan 108 saham stagnan.
Total volume perdagangan mencapai 35,37 miliar saham dengan nilai transaksi sekitar Rp 14,49 triliun. Sementara frekuensi transaksi tercatat sebanyak 2,19 juta kali.
Nyaris seluruh sektor saham tercatat berada di zona merah, kecuali sektor kesehatan yang menguat tipis.
Dari jajaran saham berkapitalisasi besar, PT DCI Indonesia Tbk (DCII) menjadi salah satu penekan utama IHSG.
DCII berada di level Rp196.500 per saham, turun 4,66%. Pergerakan saham ini memberikan tekanan terbesar terhadap IHSG, dengan kontribusi penurunan sekitar 11 poin. Adapun total transaksi di saham DCII hari ini hanya Rp 242 juta dari total 12 lot transaksi.
Selain DCII, saham Bank Central Asia (BBCA), Amman Mineral Internasional (AMMN), Bank Mandiri (BMRI) dan VKTR Teknologi Mobilitas (VKTR) ikut membebani kinerja IHSG hari ini.
Di sisi lain, sejumlah saham masih mampu memberikan kontribusi positif terhadap IHSG. Indosat (ISAT) menjadi penyumbang kenaikan terbesar dengan kontribusi sekitar 0,96 poin, diikuti Kalbe Farma (KLBF) 0,93 poin, dan Indah Kiat Pulp & Paper (INKP) 0,86 poin.
Pergerakan IHSG hari ini masih dibayangi sejumlah sentimen yang datang dari domestik maupun global.
Presiden AS Donald Trump pada Senin (10/8/2026) menanggapi tuntutan Iran untuk kesepakatan damai dengan tuntutan baru agar Teheran membayar kompensasi atas korban tewas akibat perang, serangan, dan aksi demonstrasi.
Trump mengatakan Iran harus membayar kerusakan yang terjadi selama 50 tahun terakhir, termasuk kompensasi bagi warga sipil dan pasukan AS yang tewas di kawasan tersebut. Tuntutan baru ini berpotensi semakin mempersulit upaya membuka kembali Selat Hormuz.
Sebelumnya, Iran menuntut kompensasi, penghentian sanksi, serta penghentian ancaman militer AS sebagai syarat pembukaan kembali jalur strategis tersebut.
Harga minyak melonjak sekitar 5% pada Senin (10/8/2026) karena keraguan bahwa AS dan Iran akan mencapai kesepakatan untuk membuka kembali lalu lintas kapal di Selat Hormuz. Harga WTI ditutup US$82,13/barel, sementara Brent US$87,72/barel.",CNBC Indonesia,Business,2026-08-11,Negative,"Reports a financial loss, decline, layoff, fraud, or crisis-related event."
"Wall Street Melemah, Investor Makin Pesimistis soal Stabilitas Timur Tengah","ditutup di zona merah pada perdagangan Selasa (11/8). Pelemahan terjadi ketika  semakin meragukan peluang tercapainya kesepakatan yang bisa meredakan ketegangan di Timur Tengah.
Saham perusahaan teknologi besar turut menekan pasar. Amazon turun 2,1 persen, sedangkan Alphabet terkoreksi 3,8 persen. Keduanya menjadi pemberat utama bagi indeks S&P 500 dan Nasdaq.
Mengutip Reuters, S&P 500 turun 0,32 persen ke level 7.728,20. Nasdaq melemah 0,6 persen menjadi 26.445,45, sementara Dow Jones Industrial Average turun 0,34 persen ke 53.791,85.
Ketidakpastian juga masih membayangi pasar setelah Iran menyatakan Selat Hormuz akan tetap ditutup. Sekretaris baru Dewan Keamanan Nasional Tertinggi Iran mengatakan jalur strategis tersebut baru akan dibuka jika Amerika Serikat mengubah sikap dan menerima persyaratan Iran untuk mengakhiri perang.
Kondisi tersebut turut menopang harga minyak. Harga minyak mentah berjangka Brent bertahan di sekitar level tertinggi dalam sepekan dalam perdagangan yang berfluktuasi. Di pasar saham, indeks sektor energi S&P 500 naik 1,1 persen.
Analis strategi investasi Baird Ross Mayfield menilai peluang tercapainya kesepakatan yang dapat diterima seluruh pihak masih sulit diwujudkan. Ketidakpastian tersebut kemudian ikut mendorong harga minyak.
“Seperti yang terjadi selama berbulan-bulan, memang sangat sulit untuk mencapai kesepakatan yang dapat diterima semua pihak. Harga minyak sedikit lebih tinggi karena memperhitungkan ketidakpastian yang lebih besar,” kata Ross Mayfield, analis strategi investasi di Baird, Louisville, Kentucky.
Meski konflik Timur Tengah beberapa kali memicu volatilitas pasar, Mayfield menilai dampaknya sejauh ini belum menjadi gangguan besar bagi pasar saham.
“Pasar memang beberapa kali berfluktuasi akibat konflik ini, tetapi konflik tersebut belum menjadi hambatan besar seperti yang dibayangkan banyak orang,"" ungkapnya.
Di sisi lain, saham SpaceX juga terkoreksi hampir 4 persen. Pelemahan saham-saham tersebut membuat indeks utama Wall Street berakhir lebih rendah.
Namun, tekanan terhadap pasar secara keseluruhan relatif terbatas. Jumlah saham yang menguat di S&P 500 masih lebih banyak dibandingkan saham yang turun, dengan rasio 1,2 banding 1.
S&P 500 mencatat 22 rekor tertinggi baru dan satu rekor terendah baru. Nasdaq membukukan 108 rekor tertinggi baru dan 75 rekor terendah baru.
Di tengah kondisi tersebut, saham perusahaan pengelola aset alternatif justru menguat. Apollo Global naik 6,2 persen, sedangkan Blackstone melonjak hampir 4 persen.
Kedua perusahaan tersebut merupakan bagian dari sejumlah institusi keuangan yang baru-baru ini bekerja sama dengan Nvidia untuk membentuk platform pembiayaan komputasi. Platform itu ditargetkan dapat mengerahkan dana lebih dari USD 500 miliar.
Kinerja keuangan perusahaan yang solid sebelumnya menjadi salah satu katalis penguatan pasar. Laporan keuangan kuartalan yang kuat membantu S&P 500 mencetak rekor tertinggi sepanjang masa pada pekan lalu.
Sementara itu, Nasdaq masih berada sekitar 2 persen di bawah level penutupan tertinggi sepanjang masa yang dicapai pada 2 Juni.",Kumparan,Business,2026-08-11,Negative,"Reports a financial loss, decline, layoff, fraud, or crisis-related event."
IHSG Hari Ini Ditutup Melemah ke Level 6.267,"JAKARTA - Indeks Harga Saham Gabungan ( IHSG ) hari ini turun 97,49 poin atau 1,53 persen ke level 6.267 pada sesi terakhir perdagangan Selasa (11/8/2026).
Pada penutupan perdagangan, terdapat 148 saham menguat, 567 saham melemah dan 248 saham stagnan. Transaksi perdagangan mencapai Rp14,4 triliun dari 33,9 miliar saham yang diperdagangkan.
Indeks LQ45 turun 1,53 persen ke 625, indeks JII turun 1,60 persen 377, indeks IDX30 turun 1,23 persen 351 dan indeks MNC36 turun 1,37 persen 271.
Kemudian indeks sektoral mayoritas berada di zona merah yaitu ada energi, konsumer siklikal, transportasi, industri, konsumer non siklikal, keuangan, infrastruktur, properti, teknologi. Sedangkan yang menguat hanya sektor kesehatan.
Sementara itu, saham-saham yang masuk top gainers yaitu PT Cipta Selera Murni Tbk (CSMI) naik 35 persen ke Rp108, Syailendra Kapital naik 24,77 persen ke Rp1.335, dan saham PT Calculus Global Ventures Tbk (STAR) naik 24,70 persen ke Rp414.
© 2007 - 2026 Okezone.com, All Rights Reserved",Okezone,Business,2026-08-11,Negative,"Reports a financial loss, decline, layoff, fraud, or crisis-related event."
"Manfaatkan Inflasi Tinggi dan Krisis Fiskal, AS Gunakan Taktik 'Catur' Serang Iran","WASHINGTON
- Presiden Amerika Serikat (AS) Donald Trump mengatakan pemerintahannya memilih pendekatan yang lebih tenang dalam menghadapi Iran di tengah belum tercapainya kesepakatan membuka kembali Selat Hormuz. Washington tampaknya memilih membiarkan tekanan ekonomi terhadap Teheran meningkat, termasuk akibat inflasi tinggi dan keterbatasan keuangan, ketimbang memerintahkan serangan militer baru.
""Kami mengambil pendekatan yang lebih tenang,"" kata Trump dalam percakapan telepon singkat dengan Axios, seperti dikutip South China Morning Post, Selasa (10/8/2026).
Mojtaba Khamenei Tunjuk Jenderal IRGC Jadi Panglima Militer Iran di Tengah Perang Lawan AS
Trump mengatakan AS saat ini hanya mengamati kondisi Iran yang menghadapi inflasi tinggi dan keterbatasan keuangan. Sikap tersebut menunjukkan Washington masih mengandalkan tekanan ekonomi sebagai instrumen untuk mendorong Teheran mencapai kesepakatan.
Menurut Axios, Trump tidak menunjukkan kekecewaan atas penundaan Iran dalam menyepakati pembukaan kembali Selat Hormuz. Iran sebelumnya menuntut AS menghentikan blokade terhadap pelabuhan-pelabuhan Iran dan mencabut sanksi minyak sesuai nota kesepahaman yang ditandatangani kedua negara pada Juni.
""Kami hanya bernegosiasi secara terbatas dengan mereka. Kami hanya mengamati Iran dengan inflasinya yang sangat tinggi dan kenyataan bahwa mereka tidak memiliki uang,"" ujar Trump.
Blokade Selat Hormuz oleh Iran sejak pecahnya perang telah mendorong kenaikan harga bahan bakar dan mengguncang perekonomian global. Gangguan terhadap jalur pelayaran strategis tersebut juga meningkatkan tekanan terhadap pemerintahan Trump menjelang pemilihan paruh waktu AS pada November.
Krisis Minyak Global Memburuk, G7 Gelar Pertemuan Darurat",Sindonews,Business,2026-08-11,Negative,"Reports a financial loss, decline, layoff, fraud, or crisis-related event."
"Krisis Minyak Global Memburuk, G7 Gelar Pertemuan Darurat","JAKARTA
- Para menteri keuangan negara-negara G7 bersama Badan Energi Internasional (IEA) menggelar pertemuan darurat untuk membahas lonjakan harga minyak akibat perang antara Amerika Serikat dan Israel dengan Iran. Namun, pertemuan virtual tersebut berakhir tanpa kesepakatan konkret mengenai pelepasan cadangan minyak mentah strategis.
Kepala IEA Fatih Birol memperingatkan kondisi pasar minyak global memburuk dalam beberapa hari terakhir akibat gangguan lalu lintas kapal melalui Selat Hormuz serta terhentinya sebagian besar produksi minyak di kawasan tersebut yang menimbulkan risiko signifikan dan terus meningkat bagi pasar.
""Harga minyak mentah Brent sempat mendekati USD120 per barel sebelum kembali turun. Gangguan pasokan terjadi di tengah hambatan pengiriman melalui Selat Hormuz dan pemberlakuan kembali blokade angkatan laut Amerika Serikat terhadap terminal ekspor minyak Pulau Kharg di Iran,"" kata dia dikutip dari Oilprice, Senin (9/8/2026).
Warning Jenderal Iran Jika AS Luncurkan Invasi Darat: Kami Akan Lumpuhkan Tentara Mereka!
Dalam pernyataan setelah pertemuan, negara-negara G7 menyatakan siap mengambil langkah yang diperlukan untuk mendukung pasokan energi global, termasuk kemungkinan pelepasan cadangan minyak strategis. Namun, pernyataan tersebut belum diikuti keputusan bersama mengenai kapan dan berapa banyak cadangan yang akan dilepas.
IEA mencatat gangguan pasokan telah mencapai skala signifikan. Produksi minyak global pada Juli berada sekitar 9,4 juta barel per hari di bawah tingkat sebelum perang, meskipun sempat terjadi pemulihan lebih dari 4 juta barel per hari pada Juni setelah gencatan senjata berlangsung singkat.
Selain produksi minyak, hampir 3 juta barel per hari kapasitas pengolahan minyak di kawasan tersebut juga terhenti akibat serangan dan terbatasnya jalur ekspor yang dapat digunakan. Kondisi tersebut meningkatkan tekanan terhadap rantai pasok energi global dan berpotensi menjaga harga minyak pada level tinggi.
Sementara itu, ekspor minyak Iran dari Pulau Kharg dilaporkan terhenti sepenuhnya. Terminal tersebut menangani sekitar 95% pengiriman minyak mentah Iran melalui jalur laut, sedangkan blokade angkatan laut AS membuat aktivitas pemuatan tanker berhenti sejak 31 Juli.",Sindonews,Business,2026-08-10,Negative,"Reports a financial loss, decline, layoff, fraud, or crisis-related event."
"Kebijakan PPh 21 DTP dan Program Magang Nasional Penting, Tapi Belum Cukup Atasi PHK","JAKARTA
- Kebijakan Pajak Penghasilan Pasal 21 Ditanggung Pemerintah (Pph 21 DTP) dan Program
Magang Nasional
penting namun belum cukup untuk mengatasi masalah Pemutusan Hubungan Kerja (
PHK
). Pasalnya, keduanya bekerja pada titik yang berbeda.
Deputi Direktur Pradipa Institute, Agus Surono mengatakan, PPh 21 DTP berfungsi terutama sebagai
income support
dan stimulus
daya beli
pekerja yang masih bekerja. Sementara, Program Magang Nasional berfungsi sebagai jembatan masuk ke pasar kerja, terutama bagi lulusan baru, bukan instrumen utama untuk korban PHK.
Baca juga:
Masih Ada 7,22 Juta Pengangguran di Indonesia, Begini Rincian Laporan BPS
""Untuk pekerja yang sudah terkena PHK, instrumen yang lebih relevan adalah Jaminan Kehilangan Pekerjaan (JKP), pelatihan berbasis kebutuhan industri, penempatan kerja, dan penciptaan pekerjaan baru,"" kata Agus Surono di Jakarta, Senin (10/8/2026).
Data menunjukkan masalah PHK memang serius, tetapi belum tepat jika disebut sebagai krisis pengangguran nasional. Pada Januari–Juni 2026, Kementerian Ketenagakerjaan mencatat 32.389 pekerja terkena PHK, sedangkan sepanjang 2025 mencapai 88.519 orang, naik dari 77.965 pada 2024.
Di sisi lain, indikator makro belum menunjukkan ekonomi nasional dalam kondisi resesi. Ekonomi Indonesia tumbuh 5,61% pada triwulan I-2026, sementara TPT Februari 2026 justru turun menjadi 4,68%, dengan 147,67 juta penduduk bekerja.
""Artinya, persoalannya lebih tepat dibaca sebagai 'jobless pressure' atau tekanan penciptaan pekerjaan berkualitas di tengah transformasi struktural, bukan keruntuhan ekonomi secara keseluruhan,"" ujarnya.",Sindonews,Business,2026-08-10,Negative,"Reports a financial loss, decline, layoff, fraud, or crisis-related event."
"IHSG Sesi 1 Melemah 0,49% ke 6.378, Transaksi Rp 11,60 T ","Indeks Harga Saham Gabungan () ditutup melemah pada perdagangan Sesi I, Senin (10/8). Pergerakan indeks tertahan di zona merah setelah mengalami tekanan sejak awal pembukaan perdagangan.
Berdasarkan data Stockbit, IHSG ditutup melemah 31,25 poin atau turun 0,49% ke level 6.378,40. Nilai transaksi tercatat sebesar Rp 11,60 triliun, volume perdagangan mencapai 32,98 miliar lembar , dan frekuensi transaksi sebanyak 1,72 juta kali.
Berdasarkan data yang dihimpun dari Stockbit dan Yahoo Finance, mayoritas indeks saham di Asia terpantau menguat pada siang hari ini:",Kumparan,Business,2026-08-10,Negative,"Reports a financial loss, decline, layoff, fraud, or crisis-related event."
"Sempat Terbang ke 6.462, IHSG Malah Merosot 0,49% di Akhir Sesi 1","Jakarta, CNBC Indonesia — Indeks Harga Saham Gabungan (IHSG) berbalik arah dan ditutup melemah pada perdagangan sesi I, Senin (10/8/2026). IHSG sempat menguat pada awal perdagangan sebelum akhirnya masuk zona merah menjelang penutupan sesi pertama.
Berdasarkan data IDX Mobile, IHSG ditutup di level 6.378,40, turun 31,25 poin atau 0,49% dibandingkan penutupan sebelumnya di 6.409,65.
Padahal, IHSG sempat menyentuh level tertinggi 6.462,74 pada perdagangan pagi. Namun, tekanan jual kemudian membawa indeks turun hingga menyentuh level terendah 6.372,92.
Perdagangan sesi I berlangsung cukup ramai. Nilai transaksi mencapai Rp11,58 triliun dengan volume perdagangan 31,98 miliar saham dalam 1,70 juta kali transaksi.
Dari seluruh saham yang diperdagangkan, sebanyak 287 saham menguat, 330 saham melemah, sementara 346 saham stagnan.
Tekanan terhadap IHSG terutama datang dari saham-saham berkapitalisasi besar. PT Telkom Indonesia (Persero) Tbk (TLKM) menjadi pemberat terbesar dengan kontribusi penurunan 4,17 poin, disusul Bank Mandiri (BMRI) yang mengurangi 3,69 poin.
Selain itu, Barito Pacific (BRPT) menekan IHSG sebesar 2,30 poin, VKTR Teknologi Mobilitas (VKTR) sebesar 2,09 poin, dan Amman Mineral Internasional (AMMN) sebesar 1,91 poin.
Sebaliknya, beberapa saham menjadi penopang IHSG. Sinar Mas Multiartha (SMMA) memberikan kontribusi kenaikan 3,17 poin, diikuti Bank Central Asia (BBCA) sebesar 2,50 poin, Merdeka Gold Resources (MDKA) 2,37 poin, Dian Swastatika Sentosa (DSSA) 1,94 poin, dan Garuda Indonesia (GIAA) 1,49 poin.
Secara sektoral, mayoritas sektor berada di zona merah. Sektor industri menjadi satu-satunya sektor dengan penguatan cukup signifikan, yakni 3,41%, disusul sektor jasa akademik dan pendidikan yang naik 1,67%.
Sementara itu, sektor keuangan relatif stagnan dengan pelemahan 0,03%. Sektor energi turun 0,14%, kesehatan 0,29%, barang konsumsi siklikal 0,34%, teknologi 0,53%, utilitas 0,57%, properti 0,58%, barang baku 0,66%, dan barang konsumsi primer menjadi sektor dengan pelemahan terdalam, yakni 0,74%.
Adapun investor asing mencatat net buy sekitar Rp694,8 miliar sepanjang pekan lalu. Saham Bank Rakyat Indonesia (BBRI) menjadi saham yang paling banyak diburu asing dengan net buy Rp559 miliar. Posisi berikutnya ditempati Timah (TINS) dengan Rp385,5 miliar dan Dian Swastatika Sentosa (DSSA) sebesar Rp302 miliar.
Saham lain yang mencatatkan net buy asing besar antara lain MGLV Rp229,4 miliar, ANTM Rp215,7 miliar, BRPT Rp177,4 miliar, BBCA Rp140,2 miliar, GGRM Rp130,4 miliar, BBNI Rp120,3 miliar, dan ICBP Rp119,6 miliar.
Pasar keuangan Indonesia akan menghadapi pekan padat pada 10-14 Agustus 2026. Perhatian utama pelaku pasar tertuju pada inflasi Amerika Serikat (AS), harga produsen, dan penjualan ritel yang dapat mengubah ekspektasi terhadap kebijakan suku bunga Federal Reserve.
Dari dalam negeri, Bank Indonesia (BI) akan merilis hasil Survei Konsumen Juli dan Survei Penjualan Eceran Juni. Kedua data tersebut akan memberikan gambaran mengenai daya beli masyarakat Indonesia.
Puncaknya adalah pada Jumat pekan ini di mana Presiden Prabowo Subianto akan menyampaikan Pidato Kenegaraan serta menyerahkan Nota Keuangan serta Rancangan Anggaran dan Pendapatan Belanja Negara (RAPBN) 2026.",CNBC Indonesia,Business,2026-08-10,Negative,"Reports a financial loss, decline, layoff, fraud, or crisis-related event."
"Mengapa Ekonomi Tumbuh, tetapi Daya Beli Melemah?","CEO PT. Cipta Segara Internasional (Int'l Logistics System) Surabaya, Kandidat Doktor School of Leadership Pasca-Sarjana Universitas Airlangga Surabaya.
CEO PT. Cipta Segara Internasional (Int'l Logistics System) Surabaya, Kandidat Doktor School of Leadership Pasca-Sarjana Universitas Airlangga Surabaya.
Artikel ini adalah kolom, seluruh isi dan opini merupakan pandangan pribadi penulis dan bukan cerminan sikap redaksi.
ADA sebuah paradoks besar dalam perjalanan ekonomi Indonesia selama satu dekade terakhir.
Indonesia berhasil menurunkan kemiskinan, memperbesar ukuran ekonomi, membangun infrastruktur, memperluas akses digital, dan mempertahankan pertumbuhan sekitar 5 persen.
Tetapi pada saat sama, kelompok yang seharusnya menjadi simbol keberhasilan pembangunan, kelas menengah , justru mengalami penyusutan.
Data Badan Pusat Statistik (BPS) memperlihatkan perubahan yang patut menjadi alarm.
Pada 2019, Indonesia memiliki sekitar 57,33 juta penduduk kelas menengah, atau 21,45 persen dari populasi.
Pada 2024, jumlah itu turun menjadi 47,85 juta, atau hanya 17,13 persen. Artinya, dalam lima tahun hampir 9,5 juta orang keluar dari kategori kelas menengah.
Pada periode sama, kelompok yang berada pada kategori “menuju kelas menengah” justru membesar dari 128,85 juta menjadi sekitar 137,5 juta orang.
Kelompok rentan miskin juga meningkat dari 54,97 juta menjadi 67,69 juta.
Angka tersebut tidak semestinya dibaca sekadar sebagai persoalan statistik. Di balik angka 9,5 juta terdapat keluarga yang mungkin masih bekerja, masih memiliki rumah dan kendaraan, masih menyekolahkan anak, tetapi mulai mengurangi makan di restoran, menunda membeli mobil, membatalkan liburan, menunda renovasi rumah, atau mengurangi tabungan.
Mereka tidak jatuh miskin secara formal, tetapi kehilangan rasa aman ekonomi.
Di sinilah persoalan kelas menengah Indonesia menjadi jauh lebih serius daripada sekadar perubahan komposisi penduduk.
Selama satu dekade terakhir, kelas menengah telah menjadi salah satu fondasi penting ekonomi domestik.
Bank Dunia pada 2017 memperkirakan sekitar 52 juta orang Indonesia telah masuk kelas menengah dan kelompok ini menyumbang 43 persen dari konsumsi rumah tangga.
Bank Dunia juga menemukan, konsumsi kelas menengah tumbuh sekitar 12 persen per tahun sejak 2002.
Kelas menengah bukan hanya konsumen. Mereka adalah pembeli rumah, kendaraan, elektronik, pendidikan, layanan kesehatan, perjalanan, makanan, asuransi dan berbagai jasa modern.
Mereka juga menjadi pengusaha, profesional, manajer, teknisi dan pekerja formal yang menciptakan aktivitas ekonomi lanjutan.
Bank Dunia bahkan memperkirakan kelas menengah mencakup sekitar 43 persen pemilik usaha, menghasilkan banyak pekerjaan baru, lebih banyak berinvestasi pada modal manusia generasi berikutnya, dan membayar hampir separuh pajak tidak langsung yang membiayai investasi pemerintah.
Dengan demikian, kelas menengah bekerja melalui sedikitnya empat saluran ekonomi.
Pertama, konsumsi. Kedua, investasi rumah tangga, terutama pendidikan dan kesehatan.
Ketiga, kewirausahaan dan penciptaan lapangan kerja. Keempat, basis penerimaan negara melalui pajak dan transaksi ekonomi.
Karena itu, ketika kelas menengah menyusut, yang melemah bukan hanya konsumsi hari ini, tetapi juga kapasitas ekonomi untuk tumbuh besok.
Konsumsi rumah tangga sendiri masih menjadi jangkar ekonomi Indonesia. Pada 2024, kontribusinya mencapai sekitar 54,04 persen terhadap PDB.
Maka sangat sulit membayangkan ekonomi tumbuh kuat secara berkelanjutan apabila kelompok yang memiliki kapasitas konsumsi relatif stabil justru terus kehilangan daya beli.
Masalah terbesar Indonesia sebenarnya bukan semata-mata kurangnya pertumbuhan.
Masalahnya adalah kualitas pertumbuhan. Pada periode sekitar 2014–2018, proporsi kelas menengah meningkat pesat.
Data BPS menunjukkan kelas menengah mencapai sekitar 15,6 persen pada 2014 dan mendekati 23 persen pada 2018.
Momentum tersebut kemudian berbalik. Pandemi memang mempercepat tekanan, tetapi penurunan kelas menengah sebenarnya telah berlangsung sejak sebelum pandemi.
Bank Dunia memberikan petunjuk penting. Antara 2009–2019, Indonesia memang menciptakan rata-rata 2,4 juta pekerjaan baru setiap tahun.
Tetapi persoalannya, sebagian besar pekerjaan tersebut belum cukup berkualitas untuk menghasilkan standar kehidupan kelas menengah.",Kompas Money,Financial,2026-08-10,Negative,"Reports a financial loss, decline, layoff, fraud, or crisis-related event."
"Inflasi China Kembali Melemah, Permintaan Domestik Masih Jadi Masalah","Editor
JAKARTA, KOMPAS.com- Inflasi di tingkat produsen China kembali melemah pada Juli 2026. Penurunan harga produsen bahkan lebih dalam dari perkiraan ekonom.
Kondisi serupa terjadi pada inflasi konsumen. Harga barang dan jasa di tingkat konsumen kembali turun secara tahunan.
Data Biro Statistik Nasional China yang dirilis Minggu menunjukkan indeks harga produsen atau Producer Price Index (PPI) turun 3,5 persen secara tahunan pada Juli 2026.
Penurunan tersebut lebih dalam dibandingkan kontraksi 3,6 persen pada Juni. Angka Juli juga lebih rendah dari perkiraan ekonom dalam jajak pendapat Reuters, yakni penurunan 3,8 persen.
Sementara itu, indeks harga konsumen atau Consumer Price Index (CPI) turun 0,1 persen secara tahunan pada Juli. Ekonom sebelumnya memperkirakan CPI naik 0,2 persen.
Pada Juni, CPI juga turun 0,3 persen.
Jika komponen pangan dan energi yang harganya cenderung berfluktuasi dikeluarkan, inflasi inti China tercatat sebesar 0,9 persen pada Juli. Pada periode yang sama, harga pangan turun 1,5 persen.
Data tersebut menunjukkan tekanan deflasi masih membayangi perekonomian China. Permintaan domestik belum pulih meski produksi industri dan ekspor masih relatif kuat.
Senior China Strategist ANZ Zhaopeng Xing mengatakan pelemahan harga pada Juli dipengaruhi penurunan harga minyak dan lemahnya permintaan.
""Harga minyak yang lebih rendah, dikombinasikan dengan melemahnya permintaan, menyebabkan kedua jenis inflasi, konsumen dan produsen, pada bulan Juli berada di bawah perkiraan,"" kata Xing.
""Tren harga minyak masih belum pasti, yang berarti dampaknya terhadap inflasi kemungkinan juga akan sulit diprediksi,"" ujarnya.
Menurut Xing, kebijakan fiskal pemerintah China belum memberikan dampak penuh terhadap permintaan. Efek belanja pemerintah diperkirakan baru terasa beberapa bulan setelah kebijakan dijalankan.
""Dari sisi permintaan, dampak percepatan belanja fiskal pada paruh kedua tahun ini kemungkinan baru akan terasa dengan jeda waktu sekitar satu kuartal,"" katanya.
""Kami tetap berpegang pada pandangan bahwa inflasi akan mengikuti pola pergerakan berbentuk huruf 'M' tahun ini,"" ujarnya.
China menghadapi pemulihan ekonomi yang tidak merata. Produksi industri dan ekspor masih relatif kuat, tetapi konsumsi domestik belum mengikuti laju tersebut.
Kondisi ini mendorong pemerintah China meningkatkan belanja fiskal pada paruh kedua 2026. Salah satu fokusnya ialah mempercepat pembangunan proyek infrastruktur yang telah masuk anggaran.
Kepala Ekonom Pinpoint Asset Management Zhiwei Zhang menilai pelemahan inflasi sejalan dengan sejumlah indikator ekonomi lainnya.
""Momentum ekonomi melemah pada kuartal kedua,"" kata Zhang.
""Politbiro pada bulan Juli mengisyaratkan peningkatan belanja fiskal sebagai respons kebijakan. Transmisi dari belanja fiskal tersebut akan memakan waktu,"" ujarnya.",Kompas Money,Financial,2026-08-10,Negative,"Reports a financial loss, decline, layoff, fraud, or crisis-related event."
"Investor Pasar Modal Tembus 30,27 Juta, Tapi IHSG Anjlok 25,87%","JAKARTA - Otoritas Jasa Keuangan (OJK) mencatat jumlah investor pasar modal mengalami kenaikan hingga 30,27 juta Single Investor Identification (SID). Angka ini setara dengan 151 persen dari target yang awalnya dicanangkan dalam Roadmap 2027.
Kepala Eksekutif Pengawas Pasar Modal OJK Hasan Fawzi menyebut pertumbuhan ini sebagai buah dari transformasi digital dan penguatan literasi. Keberhasilan ini juga diikuti oleh dana kelolaan yang melampaui angka psikologis, yakni sebesar Rp1.026,05 triliun atau tumbuh 103 persen dari target.
""Di pasar modal sendiri, pertumbuhan basis investor tercatat tumbuh secara signifikan. Di mana SID di KSEI sudah tercatat di angka 30,27 juta, atau telah tumbuh sebesar 158,27 persen dari tahun sebelumnya,"" ujarnya dalam acara puncak peringatan 49 tahun diaktifkannya kembali pasar modal Indonesia di Gedung BEI, Senin (10/8/2026).
Namun, optimisme jumlah investor ini berbenturan dengan realitas harga di papan perdagangan. Indeks Harga Saham Gabungan (IHSG) mencatatkan koreksi tajam sebesar 25,87 persen secara year-to-date (ytd) ke level 6.409,65 per 7 Agustus 2026. Penurunan ini berdampak langsung pada kapitalisasi pasar yang kini berada di angka Rp11.212 triliun atau setara 47,07 persen dari PDB tahun 2025.
Meskipun secara nominal angka ini tumbuh dibandingkan tahun 2021, secara pencapaian target Roadmap 2027 sebesar Rp15.000 triliun, posisi saat ini baru mencapai 75 persen. Dengan demikian, masih terdapat gap sebesar Rp3.788 triliun yang harus dikejar hingga 2027.
© 2007 - 2026 Okezone.com, All Rights Reserved",Okezone,Business,2026-08-10,Negative,"Reports a financial loss, decline, layoff, fraud, or crisis-related event."
"Harga Minyak Dunia Anjlok 8 Persen Selama Sepekan, Ini Sebabnya","HOUSTON, KOMPAS.com - Harga minyak dunia anjlok hingga 8 persen sepanjang pekan ini, di tengah meningkatnya harapan berakhirnya konflik Iran dan Amerika Serikat (AS) yang dapat membuka kembali Selat Hormuz.
Mengutip Reuters, harga minyak mentah Brent ditutup naik 1,06 dollar AS atau 1,3 persen menjadi 83,55 dollar AS per barrel pada akhir perdagangan Jumat (7/8/2026) waktu setempat.
Namun, secara mingguan Brent masih mencatat penurunan lebih dari 8 persen.
Sementara harga minyak mentah West Texas Intermediate (WTI) AS ditutup naik 89 sen atau 1,15 persen menjadi 78,18 dollar AS per barrel.
Secara mingguan, WTI masih turun lebih dari 7 persen.
Penurunan harga minyak sepanjang pekan terjadi karena pasar melihat peluang penyelesaian konflik Iran-AS semakin terbuka.
Namun, pergerakan harga kembali berbalik pada akhir pekan karena masih terdapat ketidakpastian mengenai kesepakatan untuk mengakhiri konflik dan membuka kembali Selat Hormuz .
Harga minyak pada Kamis (6/8/2026) bahkan sempat melonjak lebih dari 3 dollar AS per barrel setelah Iran meninjau rancangan undang-undang yang dapat melarang kapal berbendera AS dan Israel melintasi Selat Hormuz.
Sekitar seperlima minyak dan gas alam cair (LNG) dunia biasanya melewati jalur strategis tersebut sebelum perang dimulai pada akhir Februari 2026.
Pendiri Vanda Insights Vandana Hari mengatakan, sinyal mengenai kemungkinan tercapainya kesepakatan sepanjang pekan ini membuat sentimen pasar bergerak sangat fluktuatif.
""Pasar sedang mencoba menilai apa yang perlu terjadi agar kesepakatan tersebut benar-benar tercapai,"" kata Hari.
Presiden Lipow Oil Associates Andrew Lipow mengatakan, salah satu persoalan yang masih menjadi perhatian pasar adalah apakah kapal-kapal yang terkait dengan AS akan tetap dapat melintasi Selat Hormuz berdasarkan kesepakatan yang tengah dibahas Iran dan Oman.
""Pasar sedang mencoba menilai apakah kesepakatan Iran-Oman akan memungkinkan kapal berbendera AS untuk melintasi Selat Hormuz. Apakah kapal milik AS akan diizinkan melintas? Apakah kapal yang menuju pelaburan AS akan diizinkan melintas?,"" kata Lipow.
Iran dan Oman disebut telah menyepakati rute yang akan digunakan kapal-kapal untuk melintasi selat yang berada di antara kedua negara tersebut.
Namun, belum jelas apakah AS akan menyetujui ketentuan tersebut.",Kompas Money,Financial,2026-08-09,Negative,"Reports a financial loss, decline, layoff, fraud, or crisis-related event."
"Perusahaan dalam Bayang-Bayang Pailit, Ujian Minat Investasi Asing","JAKARTA - Bagi negara berkembang yang tengah memacu pertumbuhan ekonomi, investasi asing langsung (Foreign Direct Investment) merupakan salah satu motor penggerak utama.
Namun, masuk dan bertahannya modal asing di dalam negeri sangat bergantung pada satu fondasi krusial: kepastian hukum. Ketika fondasi tersebut goyah, kepercayaan pasar global pun seketika meredup.
Isu pelik ini mengemuka seiring berjalannya proses hukum yang melilit PT Dua Kuda Indonesia, anak usaha dari perusahaan publik raksasa asal China, Zanyu Technology Group Co., Ltd.
Kasus ini tidak hanya menjadi persoalan internal korporasi, melainkan telah menjadi sorotan tajam bagi komunitas bisnis internasional mengenai bagaimana sistem peradilan komersial di Indonesia memperlakukan perusahaan asing yang sehat secara finansial.
Perusahaan dalam Bayang-Bayang Kepailitan
Perjalanan kasus ini bermula ketika Pengadilan Niaga Jakarta Pusat menjatuhkan putusan pailit terhadap PT Dua Kuda Indonesia. Padahal, secara faktual dan fundamental, perusahaan pengolahan produk turunan kelapa sawit tersebut beroperasi secara normal dengan kapasitas produksi besar serta mencatatkan kinerja ekspor yang stabil.
Kejanggalan demi kejanggalan dalam proses hukum tersebut memicu gelombang protes keras, baik dari internal manajemen, kuasa hukum, hingga ribuan buruh.
Tim kuasa hukum Dua Kuda Indonesia dari ATS Law Firm sempat mengungkapkan adanya ironi besar dalam daftar kreditur, di mana salah satu pihak pemohon justru tercatat memiliki kewajiban utang besar kepada Dua Kuda Indonesia berdasarkan putusan pengadilan di China.
""Ini adalah contoh nyata bagaimana penyalahgunaan hukum kepailitan dapat menjadi senjata pemusnah nilai ekonomi. Klien kami adalah perusahaan sehat, solvent, dan beroperasi normal,"" ungkap kuasa hukum Dua Kuda Indonesia Achmad Taufan Soedirdjo dalam keterangan resminya, Jakarta, Minggu (9/8/2026).
Dampak dari putusan tersebut langsung merembet ke pasar modal internasional. Harga saham induk perusahaan di China, Zanyu Technology Group Co., Ltd., dilaporkan sempat tersengat gelombang kejut hingga menyentuh batas bawah (auto reject bawah) akibat kepanikan investor.
© 2007 - 2026 Okezone.com, All Rights Reserved",Okezone,Business,2026-08-09,Negative,"Reports a financial loss, decline, layoff, fraud, or crisis-related event."
"Data Tenaga Kerja AS Melemah, Peluang The Fed Tahan Suku Bunga Menguat","Penulis
NEW YORK, KOMPAS.com – Peluang bank sentral Amerika Serikat (AS) atau Federal Reserve (The Fed) untuk kembali menaikkan suku bunga acuan pada September 2026 mulai menyusut setelah data ketenagakerjaan terbaru menunjukkan pasar tenaga kerja AS melemah di luar perkiraan.
Dikutip dari CNBC , Sabtu (8/8/2026), data ketenagakerjaan Juli yang dirilis pada Jumat (7/8/2026) menunjukkan ekonomi AS justru kehilangan 23.000 lapangan kerja.
Kondisi ini mengubah ekspektasi pelaku pasar terhadap arah kebijakan moneter The Fed yang selama beberapa bulan terakhir dibayangi kekhawatiran inflasi akibat kenaikan harga energi.
SHUTTERSTOCK/MDART10 Ilustrasi gedung bank sentral Amerika Serikat (AS) Federal Reserve.
Setelah laporan tersebut dipublikasikan, probabilitas The Fed mempertahankan suku bunga pada rapat September melonjak.
Berdasarkan platform prediksi Kalshi, peluang The Fed menahan suku bunga kini mencapai 65 persen.
Sebelum data tenaga kerja dirilis, probabilitas kenaikan suku bunga dan mempertahankan suku bunga masih relatif berimbang, masing-masing sekitar 50 persen.
Bahkan, sesaat setelah rapat Federal Open Market Committee ( FOMC ) pada akhir Juli lalu, peluang kenaikan suku bunga masih mendekati 58 persen.
Sinyal serupa juga terlihat pada CME FedWatch Tool yang mengukur ekspektasi pasar melalui perdagangan kontrak Fed Funds Futures.
Peluang The Fed mempertahankan suku bunga pada September 2026 mendatang kini mencapai sekitar 60 persen.
Sehari sebelumnya, probabilitas tersebut masih berada di level 45 persen, sementara sepekan lalu hanya sekitar sepertiga.
Laporan ketenagakerjaan yang lebih lemah dari perkiraan langsung memengaruhi pasar keuangan.
ANTARA FOTO/REUTERS/ANDREW KELLY Seseorang berjalan dibawah bendera Amerika Serikat di pantai Pulau Coney saat mewabahnya virus corona (Covid-19), di Brooklyn, New York, Amerika Serikat, Minggu (19/4/2020). Berdasarkan data Johns Hopkins University, hingga Selasa (21/4/2020), AS masih menjadi negara dengan kasus Covid-19 tertinggi dunia mencapai 787.794 dengan korban meninggal 42.362.
Imbal hasil ( yield ) obligasi pemerintah AS turun, sementara indeks saham menguat karena investor mulai menyesuaikan proyeksi jalur suku bunga ke depan.
Pelemahan pasar tenaga kerja dinilai dapat mengubah pertimbangan The Fed dalam menentukan kebijakan moneter.
Selama beberapa waktu terakhir, sejumlah pejabat bank sentral AS mendorong kenaikan suku bunga sebagai respons terhadap kenaikan harga energi yang dipicu konflik antara Amerika Serikat dan Iran.
Pada rapat FOMC Juli 2026 lalu, bahkan terdapat tiga anggota komite yang menyatakan dissent atau berbeda pendapat karena menilai suku bunga seharusnya dinaikkan, bukan dipertahankan.",Kompas Money,Financial,2026-08-08,Negative,"Reports a financial loss, decline, layoff, fraud, or crisis-related event."
"Bank Besar Mau PHK Massal, Ini Biang Keroknya","Jakarta, CNBC Indonesia — Industri perbankan global mulai dihadapi dengan gelombang pemutusan hubungan kerja (PHK) mulai menghantam industri perbankan global.
Salah satu bank raksasa dunia, Standard Chartered, mengumumkan rencana memangkas lebih dari 7.000 karyawan yang dinilai masuk kategori 'SDM rendah' dalam empat tahun ke depan seiring masifnya penggunaan kecerdasan buatan atau artificial intelligence (AI).
Bank yang berbasis di London itu menyebut teknologi AI akan menjadi pendorong utama efisiensi operasional perusahaan demi meningkatkan profitabilitas dan menghadapi persaingan industri keuangan yang semakin ketat, demikian dikutip dari Reuters, Rabu (20/5/2026).
Standard Chartered menyatakan akan memangkas sekitar 15% posisi di fungsi korporasi hingga 2030. Berdasarkan perhitungan Reuters, langkah itu setara dengan lebih dari 7.000 PHK dari total sekitar 52.000 pegawai di divisi tersebut.
CEO Standard Chartered, Bill Winters, menegaskan langkah ini bukan semata-mata penghematan biaya, melainkan penggantian sumber daya manusia bernilai rendah dengan investasi teknologi dan modal finansial.
""Ini bukan sekadar pemangkasan biaya. Dalam beberapa kasus, kami mengganti human capital bernilai rendah dengan financial capital dan investment capital yang kami tanamkan,"" ujar Winters.
Secara global, Standard Chartered memiliki hampir 82.000 pegawai. Winters mengatakan pengurangan tenaga kerja akan dilakukan melalui otomatisasi dan penerapan AI, meski sebagian pegawai juga akan diberikan kesempatan pelatihan ulang atau reskilling.
""Orang-orang yang ingin meningkatkan keterampilan dan terus melanjutkan karier akan kami beri kesempatan untuk reposisi,"" kata dia.
Posisi yang paling terdampak disebut berasal dari pusat operasional back-office bank, termasuk di Chennai, Bengaluru, Kuala Lumpur, dan Warsawa. Winters mengatakan AI akan menjadi fasilitator utama dalam transformasi sistem inti perbankan perusahaan.
Langkah efisiensi Standard Chartered terjadi ketika semakin banyak perusahaan global memangkas tenaga kerja demi meningkatkan efisiensi melalui AI. Bank asal Jepang, Mizuho Financial Group, sebelumnya juga mengumumkan rencana pengurangan hingga 5.000 pekerjaan dalam satu dekade.
Di sisi lain, bank-bank global kini berlomba mengintegrasikan model AI terbaru sekaligus menghadapi ancaman siber yang semakin meningkat.
Meski melakukan PHK besar-besaran, Standard Chartered tetap memasang target pertumbuhan agresif. Bank itu menargetkan return on tangible equity (ROTE) di atas 15% pada 2028 dan meningkat menjadi sekitar 18% pada 2030.
Perusahaan juga mempercepat target penghimpunan dana baru bersih sebesar US$200 miliar menjadi 2028, lebih cepat dari target sebelumnya pada 2029. Fokus bisnis akan diarahkan pada segmen dengan margin lebih tinggi, termasuk nasabah ritel kaya dan institusi keuangan.
Namun, tantangan geopolitik masih membayangi prospek industri perbankan global. Standard Chartered yang fokus di kawasan Asia Pasifik dan Afrika mengakui konflik Timur Tengah menjadi salah satu risiko utama.
Pada kuartal pertama tahun ini, bank tersebut telah menyisihkan provisi kehati-hatian sebesar US$190 juta terkait konflik di Timur Tengah.
""Kami sangat tangguh,"" kata Winters saat ditanya mengenai dampak risiko geopolitik dan pasar terhadap kemampuan bank mencapai target bisnisnya.",CNBC Indonesia,Business,2026-08-08,Negative,"Reports a financial loss, decline, layoff, fraud, or crisis-related event."
"Harga Emas Antam Merosot Rp29 Ribu ke Rp2,650 Juta per Gram Pagi Ini","Harga emas batangan produksi PT Aneka Tambang Tbk ( Antam ) turun pada perdagangan Jumat (7/8). Harga dasar emas Antam ukuran 1 gram kini berada di level Rp2,650 juta per gram, melemah dibandingkan posisi sehari sebelumnya.
Berdasarkan data resmi situs Logam Mulia Antam, harga emas Antam hari ini turun Rp29 ribu dibandingkan harga pada Kamis (6/8) yang berada di level Rp2,679 juta per gram.
Pelemahan juga terjadi pada harga pembelian kembali. Logam Mulia mencatat harga buyback emas Antam hari ini turun Rp29 ribu menjadi Rp2,461 juta per gram dibandingkan perdagangan sebelumnya.
Dengan demikian, selisih antara harga jual dan harga buyback saat ini berada di kisaran Rp189 ribu per gram.
Sementara itu, berdasarkan situs HRTA Gold, harga Emasku BSI Gold ukuran 1 gram hari ini berada di level Rp2,525 juta, sedangkan harga buyback dipatok Rp2,394 juta.
Kemudian, berdasarkan situs Galeri24, harga emas Galeri24 dijual Rp2,647 juta per gram, sedangkan emas UBS dibanderol Rp2,704 juta per gram.
Perbedaan harga antarproduk tersebut dipengaruhi oleh produsen, standar cetakan, hingga jalur distribusi masing-masing merek.
Berikut daftar lengkap harga emas Jumat, 7 Agustus:
0,5 gram: Rp1.375.000
1 gram: Rp2.650.000
2 gram: Rp5.240.000
3 gram: Rp7.835.000
5 gram: Rp13.025.000
10 gram: Rp25.995.000
25 gram: Rp64.862.000
50 gram: Rp129.645.000
100 gram: Rp259.212.000
250 gram: Rp647.765.000
500 gram: Rp1.295.320.000
1.000 gram: Rp2.590.600.000
0,1 gram: Rp321.500 / Rp239.400
0,25 gram: Rp754.000 / Rp598.500
0,5 gram: Rp1.317.500 / Rp1.197.000
1 gram: Rp2.525.000 / Rp2.394.000
2 gram: Rp5.010.000 / Rp4.788.000
5 gram: Rp12.435.000 / Rp11.970.000
10 gram: Rp24.820.000 / Rp23.940.000
25 gram: Rp61.775.000 / Rp59.850.000
50 gram: Rp123.500.000 / Rp119.700.000
100 gram: Rp246.900.000 / Rp239.400.000
125 gram: Rp308.000.000 / Rp296.875.000
150 gram: Rp369.450.000 / Rp356.250.000
175 gram: Rp430.850.000 / Rp415.625.000
200 gram: Rp492.200.000 / Rp475.000.000
250 gram: Rp614.750.000 / Rp583.750.000
500 gram: Rp1.229.500.000 / Rp1.167.500.000
1.000 gram: Rp2.459.000.000 / Rp2.335.000.000
0,5 gram: Rp1.388.000
1 gram: Rp2.647.000
2 gram: Rp5.230.000
5 gram: Rp12.979.000
10 gram: Rp25.890.000
25 gram: Rp64.376.000
50 gram: Rp128.648.000
100 gram: Rp257.170.000
250 gram: Rp641.345.000
500 gram: Rp1.282.689.000
1.000 gram: Rp2.565.376.000
0,5 gram: Rp1.462.000
1 gram: Rp2.704.000
2 gram: Rp5.366.000
5 gram: Rp13.261.000
10 gram: Rp26.382.000
25 gram: Rp65.824.000
50 gram: Rp131.378.000
100 gram: Rp262.652.000
250 gram: Rp656.434.000
500 gram: Rp1.311.327.000",CNN Indonesia,Business,2026-08-07,Negative,"Reports a financial loss, decline, layoff, fraud, or crisis-related event."
Rupiah Dibuka Melemah Tipis ke Rp17.935 per Dolar AS,"Nilai tukar rupiah dibuka di posisi Rp17.935 per dolar AS pada perdagangan Jumat (7/8) pagi. Mata uang Garuda melemah 12 poin atau 0,07 persen dibandingkan penutupan perdagangan sebelumnya.
Pelemahan rupiah sejalan dengan pergerakan mayoritas mata uang Asia yang bervariasi terhadap dolar AS. Dolar Singapura menguat 0,05 persen, dan yen Jepang naik 0,04 persen.
Yuan China menguat 0,03 persen, ringgit Malaysia naik 0,04 persen, won Korea Selatan terapresiasi 0,48 persen, sedangkan dolar Hong Kong bergerak stabil. Di sisi lain, peso Filipina melemah 0,34 persen.
Pergerakan serupa juga terjadi pada mata uang utama negara maju. Euro Eropa melemah 0,02 persen, poundsterling Inggris turun 0,01 persen, dolar Australia terkoreksi 0,06 persen, dan franc Swiss melemah 0,04 persen. Sementara itu, dolar Kanada turun 0,03 persen.
Analis mata uang Doo Financial Futures Lukman Leong mengatakan rupiah berpotensi melanjutkan pelemahan terhadap dolar AS pada perdagangan hari ini seiring kenaikan harga minyak dunia akibat meningkatnya ketegangan geopolitik di Timur Tengah.
""Rupiah diperkirakan berpotensi melemah terhadap dolar AS seiring harga minyak yang rebound oleh memanasnya geopolitik di Timur Tengah menyusul laporan apabila Iran akan melarang kapal AS dan Israel melalui Selat Hormuz. Namun, perlemahan diperkirakan terbatas dengan investor menantikan data cadangan devisa Indonesia siang ini,"" ujar Lukman kepada CNNIndonesia.com.
Lukman memperkirakan rupiah bergerak di kisaran Rp17.850 hingga Rp17.950 per dolar AS pada perdagangan hari ini.",CNN Indonesia,Business,2026-08-07,Negative,"Reports a financial loss, decline, layoff, fraud, or crisis-related event."
"Penjualan Naik, Rugi SIPD Malah Bengkak 240,67%, Ini Penyebabnya","Jakarta, CNBC Indonesia - Emiten produsen olahan ayam, PT Sreeya Sewu Indonesia Tbk (SIPD) kembali mengemas rugi bersih di semester I-2026. Meski membukukan penjualan bersih mencapai Rp2,78 triliun meningkat 10,76% dari tahun lalu Rp2,51 triliun, SIPD masih tertekan oleh sejumlah biaya beban.
Beban pokok penjualan menjadi pemberat laju kinerja, di mana terdapat kenaikan dari semula Rp2,28 triliun pada periode tahun sebelumnya menjadi Rp2,57 triliun di semester I 2026. Hal itu turut membuat laba bruto SIPD turun 9,62% dari Rp232,13 miliar menjadi Rp209,79 miliar.
Ditambah terdapat kenaikan dari beban penjualan serta beban umum dan administrasi yang relatif tidak berubah, membuat SIPD membukukan rugi sebelum pajak kian membengkak. Dari semula mencetak rugi Rp21,47 miliar, menjadi Rp59,68 miliar.
Alhasil, rugi periode berjalan yang diatribusikan kepada pemilik entitas induk tercatat sebesar Rp55,12 miliar, makin anjlok 240,67% dari sebelumnya Rp16,18 miliar. Hal itu juga terlihat dalam laporan cashflow SIPD.
Di mana pembayaran kas kepada pemasok membengkak menjadi Rp2,84 triliun dibanding tahun lalu sebesar Rp2,37 triliun. Jumlah di semester I 2026, bahkan melampaui raihan penerimaan kas dari pelanggan yang tercatat sebesar Rp2,83 triliun, kendati terdapat peningkatan dari periode sebelumnya.
Ditambah sejumlah biaya lain, kas bersih yang digunakan untuk aktivitas operasi membengkak dari hanya Rp4 ,85 miliar menjadi Rp208,45 miliar. Di saat yang sama, SIPD juga menekan investasi dari perolehan aset tetap menjadi Rp23,03 mili ar dari sebelumnya mencapai Rp93,59 miliar. Meski begitu, karena tak ada penerimaan dari penjualan investasi jangka pendek seperti periode lalu, kas bersih dari aktivitas investasi tercatat defisit Rp17,61 miliar.",CNBC Indonesia,Business,2026-08-07,Negative,"Reports a financial loss, decline, layoff, fraud, or crisis-related event."
"IHSG Hari Ini Ditutup Melemah ke 6.343, Transaksi Rp18,1 Triliun","JAKARTA - Indeks Harga Saham Gabungan (IHSG) ditutup melemah 7,43 poin atau 0,12 persen ke level 6.343 pada perdagangan hari ini.
Pada penutupan perdagangan, Kamis (6/8/2026), terdapat 278 saham menguat, 354 saham melemah dan 331 saham stagnan. Transaksi perdagangan mencapai Rp18,1 triliun dari 53,4 miliar saham yang diperdagangkan.
Indeks LQ45 melemah 0,49 persen ke 630, indeks JII melemah 0,49 persen 389, indeks IDX30 melemah 0,46 persen 354 dan indeks MNC36 melemah 0,39 persen 274.
Kemudian indeks sektoral mayoritas berada di zona merah yaitu konsumer non siklikal, keuangan, infrastruktur, properti, teknologi, kesehatan. Sedangkan yang menguat ada energi, konsumer siklikal, transportasi, industri.
Sementara itu, saham-saham yang masuk top gainers yaitu PT Tempo Intimedia Tbk (TMPO) naik 25,20 persen ke Rp159, PT Destinasi Tirta Nusantara Tbk (PDES) naik 24,74 persen ke Rp474, dan saham PT Fast Food Indonesia Tbk (FAST) naik 22,78 persen ke Rp388.
Adapun saham-saham yang masuk top losers antara lain, PT Tunas Alfin Tbk (TALF) turun 14,94 ke Rp1.025, PT Bach Multi Global Tbk (BACH) turun 14,86 persen ke Rp630, dan PT Rockfields Properti Indonesia Tbk (ROCK) turun 14,77 persen di Rp1.500.
(Dani Jumadil Akhir)
Ekonomi Okezone menyajikan berita ekonomi terkini dan terpercaya. Dapatkan wawasan tentang tren pasar, kebijakan ekonomi, dan pergerakan finansial di Indonesia dan dunia.
© 2007 - 2026 Okezone.com, All Rights Reserved",Okezone,Business,2026-08-06,Negative,"Reports a financial loss, decline, layoff, fraud, or crisis-related event."
"Rupiah Dibuka Melemah 0,20%, Dolar AS Naik ke Rp17.910","Jakarta, CNBC Indonesia — Nilai tukar rupiah dibuka melemah terhadap dolar Amerika Serikat (AS) pada perdagangan Kamis (23/7/2026), sehari setelah Bank Indonesia (BI) mempertahankan suku bunga acuannya di level 5,75%.
Dilansir dari Refinitiv , rupiah dibuka terdepresiasi sebesar 0,20% ke posisi Rp17.910/US$. Pelemahan ini memutus momentum positif pada perdagangan sebelumnya, ketika mata uang Garuda ditutup menguat 0,06% ke level Rp17.870/US$.
Sementara itu, indeks dolar AS (DXY) yang mengukur kekuatan greenback terhadap enam mata uang utama dunia, pada pukul 09.00 WIB terpantau melemah 0,07% ke posisi 101,058. Melanjutkan pelemahan di perdagangan sebelumnya, ketika DXY ditutup turun ke level 101,125.
Pergerakan rupiah pagi ini masih dipengaruhi respons pelaku pasar terhadap hasil Rapat Dewan Gubernur (RDG) BI periode Juli serta perkembangan konflik antara Amerika Serikat dan Iran.
Dari dalam negeri, RDG BI yang berlangsung pada Selasa-Rabu (21-22/7/2026) memutuskan mempertahankan BI Rate di level 5,75%. Suku bunga Deposit Facility juga tetap sebesar 4,75%, sedangkan Lending Facility dipertahankan di level 6,50%.
Keputusan tersebut diambil setelah BI menaikkan suku bunga secara kumulatif sebesar 100 basis poin (bps) sejak Mei 2026 untuk menjaga stabilitas rupiah di tengah tingginya ketidakpastian global.
Gubernur BI Perry Warjiyo menilai pergerakan rupiah masih cukup terjaga hingga pertengahan Juli 2026.
""Dengan perkembangan tersebut, nilai tukar rupiah terhadap dolar AS relatif stabil dibandingkan dengan level akhir Juni 2026 sebesar Rp17.880,"" ujar Perry.
BI memilih mempertahankan suku bunga dan memperkuat sejumlah insentif untuk menarik arus modal asing. Langkah ini ditempuh agar stabilitas rupiah tetap terjaga tanpa kembali mendorong kenaikan suku bunga di dalam negeri.
Dari eksternal, DXY memang melemah tipis pada perdagangan pagi ini. Namun, dolar AS masih mendapat penopang dari memanasnya kembali konflik antara AS dan Iran yang mendorong permintaan terhadap aset aman.
Militer AS kembali melancarkan serangan terhadap Iran. Pada saat bersamaan, kelompok Houthi yang didukung Iran pada Kamis mengklaim telah menyerang dua kapal tanker minyak Arab Saudi. Serangan tersebut disebut sebagai bagian dari blokade laut terhadap Arab Saudi di kawasan Laut Merah.
Houthi yang berbasis di Yaman menguasai wilayah di sekitar Selat Bab el-Mandeb. Lokasinya berada di sisi lain Semenanjung Arab dari Selat Hormuz yang saat ini nyaris sepenuhnya diblokade Iran.
Kondisi tersebut memunculkan ancaman gangguan di dua jalur utama perdagangan minyak dunia sekaligus, yakni Selat Hormuz dan Bab el-Mandeb.
Sementara itu, militer AS pada Rabu kembali melancarkan serangan terhadap Iran atas arahan Presiden Donald Trump. Serangan terbaru ini menandai aksi militer AS terhadap Iran selama 12 malam berturut-turut.
Ancaman terhadap pelayaran mulai membuat sejumlah kapal mengubah rute. Sebanyak lima kapal tanker menghindari Selat Bab el-Mandeb pada Rabu. Sehari sebelumnya, tiga tanker yang membawa minyak Arab Saudi menuju China dan India juga berbalik arah di Laut Merah.
Gangguan terhadap jalur distribusi minyak tersebut kembali mendorong kekhawatiran terhadap pasokan energi dan inflasi global. Kondisi ini masih dapat menopang dolar AS sebagai aset aman dan membatasi ruang penguatan rupiah.",CNBC Indonesia,Business,2026-07-23,Negative,"Reports a financial loss, decline, layoff, fraud, or crisis-related event."
Rupiah Melemah ke Rp17.932 per Dolar AS Pagi Ini,"Nilai tukar rupiah berada di level Rp17.932 per dolar AS pada perdagangan Rabu (22/7) pagi. Mata uang Garuda melemah 44 poin atau 0,25 persen dibandingkan penutupan perdagangan sebelumnya.
Mata uang Asia bergerak bervariasi terhadap dolar AS. Yuan China melemah 0,05 persen dan ringgit Malaysia terdepresiasi 0,16 persen. Sementara itu, peso Filipina melemah 0,01 persen.
Kemudian, dolar Singapura melemah 0,06 persen. Di sisi lain, Korea Selatan menguat 0,12 persen dan dolar Hong Kong menguat 0,02 persen. Adapun yen Jepang bergerak stabil.
Pergerakan mata uang utama negara maju juga beragam terhadap dolar AS. Euro Eropa turun 0,02 persen, poundsterling Inggris melemah 0,04 persen, dolar Australia terdepresiasi 0,02 persen, dan franc Swiss terkoreksi 0,05 persen.
Sebaliknya, dolar Kanada menguat 0,01 persen
Analis mata uang Doo Financial Futures Lukman Leong memperkirakan rupiah melemah pada Rabu ini karena tensi geopolitik yang masih tinggi di Timur Tengah yang menyebabkan kenaikan harga minyak mentah dunia dan indeks dolar AS.
""Perlemahan diperkirakan terbatas. Investor mengantisipasi kenaikan suku bunga 25 basis poin pada Rapat Dewan Gubernur Bank Indonesia sore ini,"" ujar Lukman kepada CNNIndonesia.com.
Rupiah diperkirakan bergerak di rentang Rp17.850 - Rp18 ribu per dolar AS pada hari ini.",CNN Indonesia,Business,2026-07-22,Negative,"Reports a financial loss, decline, layoff, fraud, or crisis-related event."
"Video: Daya Beli Anjlok, Utilisasi Industri Elektronik Hanya 65%","Jakarta, CNBC Indonesia- Gejolak geopolitik dan ekonomi global hingga merosotnya daya beli turut berdampak pada tekanan kinerja industri manufaktur nasional, termasuk di industry elektronik yang mencatatkan tingkat utilisasi kapasitas produksi hanya dikisaran 65%.
Ketua Umum Asosiasi Pengusaha Komoditi Elektronik (APKONIK), Deny Irawan menyebutkan tekanan yang dialami industri elektronik tidak lepas dari perubahan perilaku konsumen hingga serbuan produk impor yang menekan daya saing, oleh karena itu pelaku usaha berharap dukungan pemerintah dalam menekan arus impor barang elektronik termasuk produk ilegal.
Pelaku usaha industri elektronik lokal mengatakan tertahannya utilisasi industri elektronik tidak lepas dari kondisi beban biaya produksi yang mengalami peningkatan.
Seperti apa tantangan bisnis industri elektronik RI? Selengkapnya simak dialog Bunga Cinka dengan Ketua Umum Asosiasi Pengusaha Komoditi Elektronik (APKONIK), Deny Irawan dalam Manufacture Check, CNBC Indonesia (Rabu, 21/07/2026)",CNBC Indonesia,Business,2026-07-22,Negative,"Reports a financial loss, decline, layoff, fraud, or crisis-related event."
"Baru 2 Minggu IPO, Saham JELI Sudah Anjlok Hingga Dipelototi Bursa","Jakarta, CNBC Indonesia - Bursa Efek Indonesia (BEI) menetapkan unusual market activity (UMA) alias pergerakan saham PT Niramas Utama Tbk. (JELI) mulai perdagangan sesi I Rabu (22/7/2026).
Saham yang baru initial public offering (IPO) di BEI itu disebut mengalami penurunan harga di luar kebiasaan. Mengutip data Stockbit, JELI terakhir ditutup di level 715 per saham usai turun 8,92% dan anjlok nyaris 60% dari harga penutupan tertinggi sejak listing.
Emiten dengan merek dagang utama Inaco itu juga tercatat telah anjlok 30,92% selama sepekan terakhir. Sejak IPO dengan harga 900 per saham, JELI sudah anjlok 20,56%.
Penatapan UMA ini terjadi tepat dua minggu sejak JELI melantai di bursa. Mengingatkan saja, JELI resmi IPO pada tanggal 7 Juli lalu.
""Pengumuman Aktivitas Pasar Tidak Biasa (UMA) ini tidak serta merta menunjukkan pelanggaran hukum dan peraturan di sektor pasar modal,"" kata BEI dalam pengumumannya, dikutip Rabu (22/7/2026).
Bursa menyatakan bahwa mereka saat ini sedang memantau pola transaksi saham tersebut.
Oleh karena itu, Investor disarankan untuk:
a. Memperhatikan tanggapan Perusahaan Tercatat terhadap permintaan konfirmasi Bursa Efek;
b. Mengamati kinerja Perusahaan Tercatat dan pengungkapan informasinya;
c. Meninjau rencana aksi korporasi Perusahaan Tercatat jika rencana tersebut belum disetujui oleh Rapat Umum Pemegang Saham;
d. Mempertimbangkan berbagai kemungkinan yang mungkin timbul di masa mendatang sebelum mengambil keputusan investasi.",CNBC Indonesia,Business,2026-07-22,Negative,"Reports a financial loss, decline, layoff, fraud, or crisis-related event."
"PBB Ungkap Online Scam Bikin Asia Pasifik Rugi Rp2.041,7 T","Kantor Perserikatan Bangsa-Bangsa untuk Narkoba dan Kejahatan (UNODC) mengungkapkan kerugian akibat penipuan daring ( online scam ) lintas batas di kawasan Asia Pasifik melonjak drastis hingga menyentuh US$114,1 miliar atau setara Rp2.041,7 triliun (asumsi kurs Rp17.890 per dolar AS) sepanjang 2025.
Mengutip AFP , angka kerugian yang menimpa korban di Asia Timur, Asia Tenggara, Australia, hingga Selandia Baru tersebut melonjak setidaknya tiga kali lipat jika dibandingkan dengan estimasi kerugian pada 2023 yang berkisar antara US$18 miliar-US$37 miliar atau setara Rp322 triliun-Rp662 triliun.
PBB menilai lonjakan fantastis ini mencerminkan perluasan skala ekonomi kriminal yang sangat dramatis di kawasan Asia.
Dalam laporan terbarunya, UNODC mencatat China, Korea Selatan, dan Taiwan dalam dua tahun terakhir menjadi wilayah yang melaporkan nilai kerugian terbesar akibat tindak kejahatan siber ini. Adapun masing-masing wilayah mencatatkan nilai kerugian hingga miliaran dolar AS.
Pada awalnya, kelompok kriminal terorganisir di Asia Tenggara terutama menyasar para pengguna internet berbahasa Mandarin.
Namun, dalam beberapa tahun terakhir, jangkauan operasi mereka meluas secara masif hingga menargetkan korban dari seluruh penjuru dunia melalui modus penipuan asmara palsu (romance scam) hingga investasi bodong mata uang kripto.
Kemudian, PBB juga menyoroti transformasi besar-besaran pada ekosistem kejahatan di Asia Tenggara selama satu dekade terakhir. Kelompok kriminal terorganisir yang sebelumnya tersebar di tingkat lokal kini berubah menjadi jaringan transnasional yang terintegrasi dan canggih secara teknologi.
Bahkan, model bisnis sindikat ini dinilai sudah mengadopsi struktur manajemen korporasi modern yang saling terhubung untuk menjalankan berbagai tindak pidana, seperti pencucian uang, perdagangan manusia, hingga perbankan ilegal.
""Yang kita saksikan adalah pergeseran di mana kelompok-kelompok yang sebelumnya hanya beroperasi di wilayah geografis dan spesialisasi kriminal mereka sendiri kini beroperasi di berbagai pasar ilegal sekaligus, dengan mengandalkan aliran layanan yang sama,"" ujar Perwakilan Regional UNODC Delphine Schantz dalam keterangan resminya.
""Model operasional mereka mirip dengan waralaba perusahaan: bayangkan departemen-departemen khusus untuk pencucian uang, perdagangan manusia, penyelundupan migran, dan pengumpulan data, yang semuanya terhubung ke dalam jaringan yang saling terhubung dan berbasis layanan yang sama,"" lanjut Schantz.
Asia Tenggara, khususnya Kamboja dan Myanmar menjadi pusat regional ( scam hub) bagi sindikat kejahatan siber. Pelaku bekerja dari kompleks-kompleks bangunan yang dijaga ketat dengan sebagian dari penipu tersebut beroperasi atas kemauan sendiri.
Sementara, sebagian lainnya merupakan korban perdagangan manusia yang dijebak dan dipaksa bekerja di bawah ancaman.
Pergeseran pola kejahatan ini dianggap PBB menjadi tantangan berat bagi penegakan hukum konvensional, sekaligus mengancam tata kelola regional serta stabilitas ekonomi dan sosial.
Kendati demikian, di bawah tekanan dari sejumlah negara seperti Amerika Serikat, Inggris, dan China, otoritas di kawasan Asia mulai mengintensifkan penindakan.
Sepanjang tahun lalu, beberapa bos jaringan penipuan yang diduga mengoperasikan skema ini telah berhasil ditangkap dan diekstradisi dari Kamboja ke China.",CNN Indonesia,Business,2026-07-22,Negative,"Reports a financial loss, decline, layoff, fraud, or crisis-related event."
Video: IHSG Dibuka Menguat Tapi Rupiah Anjlok ke Rp17.840 per Dolar AS,"Jakarta, CNBC Indonesia- Pada perdagangan, Rabu (12/08), IHSG berhasil membuka perdagangan sesi I di zona penguatan sebesar 0,14% ke level 6.276 dengan Rupiah yang masih tertekan tipis di Rp 17.840 per Dolar AS.
Selengkapnya simak dalam Breaking News, CNBC Indonesia (Rabu, 12/08/2026)",CNBC Indonesia,Business,2026-08-12,Neutral,Informational or procedural content with no clear positive or negative financial implication.
"Dollar AS Melemah, Harga Emas Dunia Naik 0,9 Persen","JAKARTA, KOMPAS.com - Harga emas dunia menguat pada akhir perdagangan Senin (17/8/2026) waktu setempat atau Selasa (18/8/2026) pagi WIB, seiring pelemahan dollar Amerika Serikat (AS) dan berkurangnya ekspektasi pasar terhadap kenaikan suku bunga Federal Reserve (The Fed).
Mengutip Reuters , harga emas spot naik 0,9 persen menjadi 4.417,24 dollar AS per ons. Sementara itu, harga kontrak emas berjangka AS untuk pengiriman Desember menguat 0,8 persen ke level 4.473,70 dollar AS per ons.
Kepala Strategi Komoditas Global TD Securities Bart Melek mengatakan, salah satu faktor utama yang menopang pergerakan emas adalah pelemahan mata uang AS.
""Faktor besar di sini adalah dollar AS telah melemah ke level 100 yang secara psikologis penting,"" ujar Melek.
Dollar AS turun ke level terendah dalam lebih dari dua bulan. Pelemahan mata uang AS membuat emas menjadi lebih murah bagi pembeli yang menggunakan mata uang lainnya.
Pergerakan emas juga berlangsung ketika pasar mulai mengurangi ekspektasi terhadap kemungkinan The Fed kembali menaikkan suku bunga.
Perubahan ekspektasi tersebut terjadi setelah laporan data penggajian atau payroll AS pada pekan lalu lebih lemah dari perkiraan, sementara inflasi konsumen tercatat relatif terkendali.
Menurut Melek, pasar emas saat ini tampak memperhitungkan kondisi stagflasi, seiring melambatnya pasar tenaga kerja dan munculnya ekspektasi bahwa The Fed akan mentoleransi tingkat inflasi saat ini.
Investor selanjutnya menantikan risalah rapat The Fed pada Juli yang dijadwalkan dirilis Rabu (19/8/2026) waktu setempat. Risalah tersebut dinantikan pasar untuk mendapatkan petunjuk mengenai arah kebijakan moneter bank sentral AS selanjutnya.
Berdasarkan CME FedWatch Tool, pelaku pasar memperkirakan peluang kenaikan suku bunga The Fed pada September sebesar 33 persen. Angka tersebut turun dari peluang sebesar 51,2 persen pada sebulan sebelumnya.
Emas yang tidak memberikan imbal hasil berupa bunga umumnya diuntungkan oleh tingkat suku bunga yang lebih rendah karena kondisi tersebut mengurangi biaya peluang untuk memegang logam mulia.
Selain kebijakan moneter AS, pelaku pasar masih mencermati perkembangan geopolitik di Timur Tengah.
Seorang pejabat senior Iran mengatakan kepada Reuters bahwa Iran akan meningkatkan ketegangan di Selat Hormuz dan kawasan sekitarnya apabila upaya diplomasi dengan AS mengalami kegagalan.
Pergerakan positif juga terjadi pada sejumlah logam mulia lainnya. Harga perak spot naik 2,1 persen menjadi 66,01 dollar AS per ons.
Sementara itu, harga platinum menguat 1,3 persen menjadi 1.770,30 dollar AS per ons, sedangkan palladium naik 1,1 persen ke level 1.326,92 dollar AS per ons.
Saudara-saudara kita di Nusa Tenggara Timur tengah dirundung duka karena gempa M 7,7. Mari kita mengulurkan tangan untuk membantu meringankan beban yang sedang mereka hadapi. Kirim bantuan Anda melalui tautan https://bit.ly/BantuWargaNTT",Kompas Money,Financial,2026-08-18,Neutral,Informational or procedural content with no clear positive or negative financial implication.
Sudaryono Tegaskan Tak Toleransi Praktik Korupsi di Program MBG,"Kepala Badan Gizi Nasional (BGN) yang baru dilantik, Sudaryono menegaskan akan menerapkan kebijakan zero tolerance terhadap praktik korupsi dalam program Makan Bergizi Gratis (MBG) pada Rabu (22/7). Ia mengatakan pembenahan tata kelola MBG akan menjadi prioritas karena program tersebut menggunakan anggaran negara yang berasal dari rakyat. Sudaryono menggantikan Nanik Sudaryanti Deyang yang mengundurkan diri dari jabatan Kepala BGN karena alasan kesehatan dan akan menjalani pengobatan di luar negeri.",CNN Indonesia,Business,2026-07-22,Neutral,Informational or procedural content with no clear positive or negative financial implication.
"Wall Street Melemah, IHSG Diproyeksi Lanjut Menguat ke Level 6.455","JAKARTA, KOMPAS.com - Bursa saham Amerika Serikat (AS) atau Wall Street ditutup melemah pada perdagangan Senin (17/8/2026). Pelemahan terjadi pada tiga indeks utama di tengah perhatian investor terhadap perkembangan kebijakan ekonomi dan arah pasar global.
Dow Jones Industrial Average ditutup melemah 0,51 persen ke level 53.459,78. Sementara, indeks S&P 500 turun 0,52 persen ke area 7.745,06 dan Nasdaq Composite melemah 0,32 persen menjadi 26.644,91.
Di dalam negeri, BRI Danareksa Sekuritas memperkirakan Indeks Harga Saham Gabungan (IHSG) masih berpeluang menguat pada perdagangan Selasa (18/8/2026). Indeks diproyeksikan memiliki level support pada 6.200-6.280, sedangkan resistance penting berada pada level 6.400-6.455.
IHSG saat ini masih berada dalam struktur bullish jangka pendek atau short-term bullish structure dan mampu bertahan di atas moving average (MA) 20. Kondisi ini menunjukkan peluang IHSG untuk kembali menguji area 6.455 masih terbuka.
Jika IHSG mampu menembus atau breakout 6.455, maka akan menjadi konfirmasi penguatan lanjutan. Dalam skenario tersebut, IHSG berpotensi bergerak menuju target berikutnya pada level 6.568-6.716.
“Breakout di atas 6.455 akan menjadi konfirmasi penguatan lanjutan dengan target berikutnya di 6.568-6.716,” tulis analis BRI Danareksa Sekuritas, Selasa pagi ini.
Sementara, perhatian investor pada pekan ini akan tertuju pada hasil Rapat Dewan Gubernur (RDG) Bank Indonesia (BI). BI diperkirakan mempertahankan suku bunga acuan atau BI Rate sebesar ada level 5,75 persen.
Selain keputusan BI, pelaku pasar juga mencermati risalah rapat Federal Open Market Committee (FOMC) atau FOMC Minutes. Dokumen tersebut menjadi perhatian investor untuk melihat arah kebijakan moneter bank sentral AS, The Federal Reserve (The Fed), ke depan.
Adapun, BRI Danareksa Sekuritas memberikan sejumlah rekomendasi saham yang dapat dicermati investor untuk perdagangan Selasa. Rekomendasi tersebut mencakup saham PT Hartadinata Abadi Tbk (HRTA), PT Saratoga Investama Sedaya Tbk (SRTG), dan PT Indika Energy Tbk (INDY).
Ketiga saham masuk dalam daftar daily trade - buy recommendations dengan strategi swing trade. Masing-masing saham memiliki area beli, target jual, serta batas kerugian yang perlu diperhatikan investor.
Untuk saham HRTA, BRI Danareksa Sekuritas menetapkan area beli pada level Rp 2.100- Rp 2.150. Saham ini memiliki target jual pada level Rp 2.230- Rp 2.350, dengan batas kerugian apabila harga turun di bawah Rp 2.000.",Kompas Money,Financial,2026-08-18,Neutral,Informational or procedural content with no clear positive or negative financial implication.
"IHSG Dibuka Menguat 0,73% Tembus 6.448, Rupiah Melemah ke Rp 17.850 per Dolar AS","Indeks Harga Saham Gabungan () bergerak di zona hijau pada pembukaan perdagangan Selasa (18/8). Berdasarkan data Stockbit pukul 09:00 WIB, IHSG dibuka di level 6.448,83 atau naik 0,73%, posisi ini menunjukkan penguatan sebesar 0,73% dibandingkan dengan penutupan hari sebelumnya yang berada di angka 6.401,89.
Aktivitas transaksi di awal sesi tercatat cukup dinamis, dengan volume perdagangan mencapai 672,40 juta lembar  dan frekuensi transaksi sebanyak 67,94 ribu kali. Nilai transaksi yang dibukukan pada menit awal perdagangan ini telah mencapai Rp 373,73 miliar.
Berdasarkan data Bloomberg, nilai tukar  pagi ini dibuka melemah terhadap dolar AS. Rupiah terdepresiasi sebesar 52 poin atau 0,52% ke level Rp 17.850 per dolar AS.
Memantau data yang dihimpun dari Stockbit dan Yahoo Finance, mayoritas indeks saham di bursa Asia bergerak melemah pagi ini:",Kumparan,Business,2026-08-18,Neutral,Informational or procedural content with no clear positive or negative financial implication.
"Harga CPO Naik ke MYR 4.723 per Ton Usai Permintaan Melonjak, Nikel Merosot","Harga beberapa  alam bergerak beragam pada penutupan perdagangan Senin (10/8). Beberapa komoditas yang menguat di antaranta adalah , batu bara dan timah.
Dikutip dari tradingeconomics pada Selasa (11/8), harga CPO ditutup pada MYR 4.723 per ton atau menguat 0,98 persen.
Menurut tradingeconomics, harga tersebut menguat signifikan dan mengakhiri penurunan harga baru-baru ini. Hal itu karena harga minyak nabati yang lebih kuat di Dalian dan Chicago mendukung sentimen pasar.
Di samping itu, permintaan ekspor yang kuat menambah momentum dengan laporan bulanan dari Dewan Minyak Sawit Malaysia menunjukkan pengiriman Juli naik 14,5 persen. dari Juni menjadi 1,39 juta ton.
Sementara itu, stok minyak sawit Malaysia naik 3,32 persen secara bulanan menjadi 2,63 juta ton pada Juli, sementara produksi tumbuh 9,41 persen menjadi 1,79 juta ton. Hal itu menunjukkan pasokan jangka pendek yang cukup.
Bergeser ke batu bara, harganya juga menguat pada periode yang sama. Dikutip dari tradingeconomics, harga batu bara berada pada USD 129 per ton atau menguat 0,90 persen dibanding hari sebelumnya.
Walau begitu, tradingeconomics menyebut harga itu masih ada di titik terendah dalam empat minggu karena produksi batu bara India meningkat 7,51 persen year-on-year menjadi 69,75 juta ton pada bulan Juli. Hal itu memperkuat pasokan domestik dan mengurangi ketergantungan negara tersebut pada batu bara impor. Di samping itu, India juga mengirimkan volume batu bara yang lebih besar ke pembangkit listrik dan konsumen hilir lainnya.
Selain itu, harga batu bara juga semakin tertekan oleh penurunan tajam harga minyak menyusul laporan tentang kesepakatan yang akan segera terjadi antara AS dan Iran untuk membuka kembali Selat Hormuz.
Bergeser ke Nikel, harganya terpantau turun. Dikutip dari London Metal Exchange (LME) harga  ada pada USD 16.925 pet ton. Angka tersebut turun 0,46 persen dibanding hari sebelumnya.
Sementara untuk timah, harganya terpantau menguat. Dikutip dari LME, harga timah berada pada angka USD 55.752 per ton afau menguat 0,40 persen dibanding hari sebelumnya.",Kumparan,Business,2026-08-11,Neutral,Informational or procedural content with no clear positive or negative financial implication.
Apakah Lipstick Effect Bisa Memprediksi Resesi? Ini Kata Para Ekonom,"JAKARTA, KOMPAS.com - Fenomena antrean panjang demi membeli parfum lokal yang sedang viral, jam tangan edisi terbatas, hingga war tiket konser BTS dan Maroon 5 belakangan memunculkan satu pertanyaan menarik: apakah masyarakat sebenarnya masih memiliki daya beli yang kuat, atau justru sedang mengalami tekanan ekonomi?
Di tengah perlambatan ekonomi, tidak sedikit masyarakat yang tetap mengeluarkan uang untuk membeli barang-barang yang sebenarnya bukan kebutuhan pokok. Fenomena inilah yang dikenal sebagai Lipstick Effect , sebuah teori yang telah lama menjadi pembahasan dalam ekonomi perilaku ( behavioral economics ).
Secara sederhana, Lipstick Effect merupakan kondisi psikologis ketika masyarakat tetap ingin mencari kepuasan atau hiburan di tengah tekanan ekonomi.
Alih-alih membeli barang mahal seperti kendaraan atau elektronik, konsumen memilih produk tersier yang lebih terjangkau seperti kosmetik, parfum, kopi premium, produk perawatan diri, hingga hiburan ringan.
Barang-barang tersebut dipandang sebagai ""hadiah kecil"" untuk diri sendiri ketika pendapatan menurun, pekerjaan semakin berat, atau kondisi ekonomi dipenuhi ketidakpastian. Fenomena ini sering dikaitkan dengan masa perlambatan ekonomi bahkan menjelang resesi .
Namun, benarkah Lipstick Effect dapat dijadikan indikator untuk memprediksi kondisi ekonomi?
Peneliti Makroekonomi dan Pasar Keuangan LPEM FEB Universitas Indonesia, Teuku Riefky, menjelaskan bahwa secara teori, Lipstick Effect memang berkaitan dengan perubahan pola konsumsi masyarakat ketika daya beli melemah.
""Iya, secara teorinya lipstick effect itu adalah fenomena pelemahan daya beli yang membuat orang mengalihkan belanjanya dari durable goods (seperti elektronik, kendaraan, dll.) ke belanja yang lebih murah seperti makanan dan kosmetik (sehingga disebut lipstick effect ),” kata Riefky kepada Kompas.com, Jumat (31/7/2026).
Menurut Riefky, perubahan tersebut bukan berarti masyarakat berhenti mengonsumsi. Sebaliknya, mereka tetap berbelanja untuk memperoleh kepuasan, tetapi dengan nilai pengeluaran yang lebih kecil.
""Seluruh masyarakat umumnya tentu perlu melakukan konsumsi untuk meningkatkan kesenangan/kepuasan, sehingga saat ekonomi sulit mereka tetap akan belanja tapi beralih ke produk yang affordable ,” lanjut dia.
Karena itu, meningkatnya penjualan produk-produk affordable luxury tidak selalu berarti kondisi ekonomi sedang membaik. Yang terjadi justru bisa menunjukkan adanya penyesuaian perilaku konsumsi akibat tekanan terhadap pendapatan.
Meski demikian, Riefky mengingatkan bahwa Lipstick Effect tidak dapat berdiri sendiri sebagai alat membaca kondisi ekonomi.
""Semua indikator ekonomi tidak dapat dibaca sendiri, tetapi perlu dibarengi dengan berbagai indikator lainnya, sama seperti lipstik effect ,” ungkapnya.
Hal ini dapat diartikan bahwa fenomena tersebut lebih tepat diposisikan sebagai salah satu sinyal perubahan perilaku konsumen daripada indikator tunggal yang mampu memprediksi resesi.
Pandangan tersebut sejalan dengan kenyataan bahwa kondisi ekonomi dipengaruhi banyak faktor, mulai dari inflasi, tingkat pengangguran, pertumbuhan konsumsi rumah tangga, hingga kepercayaan konsumen.
Karena itu, peningkatan konsumsi barang-barang murah perlu dilihat dalam konteks indikator ekonomi lainnya agar tidak menghasilkan kesimpulan yang keliru.
A post shared by Kompas.com (@kompascom)
Dari sudut pandang pasar modal, Lipstick Effect juga dinilai belum cukup kuat untuk dijadikan dasar utama dalam mengambil keputusan investasi.
Praktisi pasar modal sekaligus dosen Magister Universitas Trisakti dan Universitas Atma Jaya, Hans Kwee, menjelaskan bahwa fenomena tersebut memang menunjukkan adanya pelemahan daya beli, tetapi dampaknya terhadap pasar modal Indonesia relatif kecil.
"" Lipstick Effect terjadi ketika daya beli masyarakat melemah karena pendapatan menurun, tetapi mereka tetap ingin berbelanja. Akibatnya, masyarakat mengalihkan pengeluarannya ke barang-barang yang lebih murah,” kata Hans.",Kompas Money,Financial,2026-08-13,Neutral,Informational or procedural content with no clear positive or negative financial implication.
"Mayoritas Mata Uang Asia Melemah, Rupiah Rebound ke Level 17.848 per Dollar AS","JAKARTA, KOMPAS.com - Nilai tukar rupiah di pasar spot rebound saat pembukaan perdagangan Rabu (12/8/2026). Rupiah berada pada level Rp 17.848 per dollar Amerika Serikat (AS).
Posisi itu membuat rupiah menguat 0,07 persen dibandingkan dengan penutupan perdagangan hari sebelumnya yang berada pada posisi Rp 17.861 per dollar AS.
Adapun, mayoritas mata uang Asia terpantau melemah.
Won Korea Selatan menjadi mata uang dengan pelemahan terdalam setelah anjlok 0,28 persen.
Selanjutnya, peso Filipina tertekan 0,15 persen dan baht Thailand terkoreksi 0,11 persen.
Disusul dollar Singapura yang turun 0,06 persen.
Berikutnya, yen Jepang tergelincir 0,03 persen, sedangkan yuan China terdepresiasi 0,006 persen.
Sementara, dollar Hong Kong melemah tipis 0,003 persen.
Di sisi lain, dollar Taiwan menjadi mata uang dengan penguatan terbesar di Asia setelah naik 0,24 persen, ringgit Malaysia menguat tipis 0,01 persen terhadap dollar AS pada perdagangan pagi ini.
Di lain sisi, Indeks Harga Saham Gabungan ( IHSG ) juga dibuka menguat pada.
Per pukul 09.26 WIB, indeks naik 49,735 poin atau 0,79 persen ke area 6.317,616.
IHSG dibuka pada level 6.277,763.
Indeks kemudian bergerak menguat hingga mencapai angka tertinggi 6.323,157 dan sempat menyentuh area terendah 6.272,303.
Mayoritas saham yang bergerak terpantau positif, sebanyak 396 saham menguat, 142 saham melemah dan 181 saham lainnya stagnan.",Kompas Money,Financial,2026-08-12,Neutral,Informational or procedural content with no clear positive or negative financial implication.
"IHSG Dibuka Menguat 0,16% ke 6.277, Rupiah Melemah Tipis Jadi Rp 17.868/Dolar AS","Indeks Harga Saham Gabungan () bergerak di zona hijau pada pembukaan perdagangan Rabu (12/8). Berdasarkan data Stockbit pukul 09:00 WIB, IHSG dibuka di level 6.277,76 atau naik 0,16%.
Aktivitas perdagangan di awal sesi ini tercatat cukup dinamis dengan volume transaksi mencapai 565.717.790 lembar , yang ditransaksikan sebanyak 45,56 ribu kali, serta membukukan nilai transaksi sebesar Rp197.619.302.585.
Berdasarkan data Bloomberg, nilai tukar rupiah terhadap dolar AS pagi ini melemah.  berada di level Rp 17.868 per dolar AS atau kehilangan 7 poin (0,04%).
Memantau pergerakan bursa regional, berikut data yang dihimpun dari Stockbit dan Yahoo Finance pada pagi ini:",Kumparan,Business,2026-08-12,Neutral,Informational or procedural content with no clear positive or negative financial implication.
"Purbaya Minta LPDP Biayai Riset Laut Timor, Tuntut Ganti Rugi Kasus Minyak Tumpah Montara","Penulis
KOMPAS.com – Menteri Keuangan Purbaya Yudhi Sadewa meminta Lembaga Pengelola Dana Pendidikan (LPDP) membiayai riset lingkungan di Laut Timor, Nusa Tenggara Timur (NTT), sebagai bagian dari upaya pemulihan dampak tumpahan minyak Montara yang terjadi sejak 2009.
Menurut Purbaya , hasil penelitian tersebut tidak hanya digunakan untuk merumuskan strategi pemulihan ekosistem laut, tetapi juga menjadi dasar pemerintah dalam menuntut ganti rugi atas kerusakan lingkungan akibat insiden tersebut.
""Nanti kita bikin riset di sini, bagaimana menghidupkan lagi (ekosistem ikan) di sini. LPDP , ya. Yang begini yang pas itu risetnya tepat guna, tepat sasaran,"" ujar Purbaya dalam keterangan resmi, Jumat (8/8/2026).
Dalam kunjungan kerja ke NTT, Purbaya mengatakan Kementerian Keuangan mengerahkan seluruh potensi Special Mission Vehicle (SMV) untuk mempercepat pemulihan ekosistem laut sekaligus memulihkan aktivitas ekonomi masyarakat pesisir yang terdampak tumpahan minyak Montara .
Ia menilai riset ilmiah diperlukan untuk memetakan kondisi terkini ekosistem Laut Timor sehingga pemerintah memiliki dasar yang kuat dalam menyusun kebijakan pemulihan lingkungan secara komprehensif.
Selain itu, hasil kajian tersebut akan menjadi landasan pemerintah dalam memperjuangkan ganti rugi pemulihan lingkungan kepada pihak yang bertanggung jawab atas pencemaran tersebut.
Purbaya menegaskan dampak tumpahan minyak Montara tidak hanya merusak lingkungan, tetapi juga menekan aktivitas ekonomi masyarakat pesisir.
Nelayan mengalami penurunan hasil tangkapan, budidaya rumput laut terganggu, sementara pelaku usaha kecil yang bergantung pada sektor kelautan kehilangan sebagian sumber pendapatannya.
Karena itu, penyelesaian kasus Montara dinilai harus dilakukan secara menyeluruh dengan menggabungkan pemulihan lingkungan, pemulihan ekonomi masyarakat, serta perlindungan terhadap hak-hak warga terdampak.
Menurut Purbaya, kunjungan kerja tersebut merupakan bagian dari komitmen pemerintah untuk menyerap aspirasi masyarakat secara langsung sekaligus memastikan penanganan dampak tumpahan minyak Montara berjalan secara terkoordinasi.
Pemerintah berharap langkah pemulihan lingkungan, penyelesaian hak masyarakat, dan penguatan ekonomi pesisir di Nusa Tenggara Timur dapat berlangsung berkelanjutan sehingga kesejahteraan masyarakat terdampak terus meningkat.",Kompas Money,Financial,2026-08-07,Neutral,Informational or procedural content with no clear positive or negative financial implication.
"Imbau Nasabah Waspadai Penipuan Digital, bank bjb Sedia Kanal Resmi","Bank bjb mengingatkan seluruh nasabah dan masyarakat untuk meningkatkan kewaspadaan terhadap berbagai bentuk penipuan yang mengatasnamakan bank bjb, baik melalui telepon, pesan singkat, media sosial, email, maupun aplikasi perpesanan seperti WhatsApp.
Bank bjb menegaskan bahwa tidak pernah meminta data rahasia nasabah dalam bentuk apa pun melalui telepon, SMS, WhatsApp, email, media sosial, maupun tautan yang dikirimkan kepada nasabah. Data seperti PIN, password, User ID, kode OTP, nomor kartu, maupun CVV/CVC merupakan informasi yang bersifat rahasia dan hanya diketahui oleh pemilik rekening.
Selain itu, bank bjb juga tidak pernah menghubungi nasabah menggunakan nomor WhatsApp pribadi pegawai ataupun nomor WhatsApp di luar WhatsApp resmi bank bjb.
Dalam konteks terkait, apabila terdapat pihak yang menghubungi melalui WhatsApp dan meminta data perbankan, menawarkan bantuan transaksi, ataupun mengarahkan nasabah untuk melakukan transfer dana, maka dapat dipastikan bahwa tindakan tersebut merupakan upaya penipuan.
Saat ini, ancaman kejahatan siber dilakukan dengan memanfaatkan berbagai metode social engineering untuk memperoleh kepercayaan korban. Seiring perkembangan teknologi, modus yang digunakan semakin beragam, mulai dari penawaran hadiah, promo, pembaruan data, aktivasi rekening, bantuan atas kendala transaksi, hingga permintaan verifikasi identitas yang mengarahkan korban untuk mengklik tautan (link) tertentu atau menghubungi nomor WhatsApp yang mengatasnamakan bank bjb.
Pelaku bahkan tak segan membuat akun media sosial, nomor WhatsApp, maupun situs palsu yang menyerupai identitas resmi bank bjb sehingga tampak meyakinkan. Setelah korban percaya, pelaku akan meminta informasi rahasia seperti User ID, password, PIN, kode One Time Password (OTP), nomor kartu debit atau kartu kredit, hingga kode CVV/CVC.
Informasi tersebut yang kemudian disalahgunakan untuk mengambil alih akses rekening dan melakukan transaksi tanpa sepengetahuan nasabah.
Langkah Jaga Data Tetap Aman di Bank BJB
Sebagai bentuk komitmen dalam menjaga keamanan transaksi dan melindungi nasabah dari ancaman kejahatan siber, bank bjb secara konsisten melakukan edukasi kepada masyarakat mengenai pentingnya menjaga kerahasiaan data pribadi serta meningkatkan literasi digital.
Bank bjb mengimbau masyarakat agar selalu menerapkan langkah-langkah berikut:
Untuk menghindari penyalahgunaan identitas perusahaan, bank bjb mengingatkan masyarakat agar hanya memperoleh informasi dan berinteraksi melalui kanal komunikasi resmi bank bjb berikut:
Website resmi : www.bankbjb.co.id Email resmi : [email protected] WhatsApp Resmi : 0811 2023 373 (terverifikasi) bjb Call : 14049 Instagram : @bankbjb (terverifikasi) Facebook : bank bjb (terverifikasi) TikTok : @infobankbjb (terverifikasi) X (Twitter) : @infobankbjb (terverifikasi) YouTube : @bankbjbofficial
WhatsApp Resmi bank bjb hanya menggunakan nomor 0811 2023 373 yang telah terverifikasi. Nasabah diimbau untuk tidak mempercayai nomor WhatsApp lain yang mengatasnamakan bank bjb, meskipun menggunakan foto profil logo bank bjb atau mengaku sebagai petugas bank.
Jika menerima pesan atau panggilan WhatsApp dari nomor selain WhatsApp Resmi bank bjb, nasabah diminta untuk tidak memberikan informasi pribadi, tidak mengikuti instruksi yang diberikan, serta segera mengakhiri komunikasi.
Adapun jika nasabah menerima pesan, telepon, email, tautan, ataupun chat WhatsApp yang mengatasnamakan bank bjb dari pihak yang tidak dikenal atau mencurigakan, nasabah diharapkan tidak menindaklanjuti permintaan tersebut, tidak memberikan data pribadi maupun data perbankan, serta segera melakukan konfirmasi melalui WhatsApp Resmi bank bjb di nomor 0811 2023 373 atau menghubungi bjb Call 14049 untuk memastikan kebenaran informasi yang diterima.
Sebagai bank yang berkomitmen mengedepankan keamanan layanan digital, bank bjb akan terus memperkuat edukasi mengenai keamanan transaksi elektronik, dengan tetap meningkatkan perlindungan terhadap nasabah dari berbagai ancaman kejahatan siber.
Melalui peningkatan literasi digital, kehati-hatian dalam bertransaksi, serta penggunaan WhatsApp Resmi bank bjb dan kanal komunikasi resmi lainnya, masyarakat diharapkan dapat terhindar dari berbagai modus penipuan, dan percaya untuk memanfaatkan layanan perbankan digital yang nyaman, dan terpercaya dari bank bjb.",CNN Indonesia,Business,2026-07-23,Neutral,Informational or procedural content with no clear positive or negative financial implication.
"Gelar WondrX 2026, BNI Bidik Pertumbuhan Transaksi 14% Tahun Ini","Jakarta, CNBC Indonesia — PT Bank Negara Indonesia (Persero) Tbk. (BBNI) akan menggelar acara BNI WondrX 2026. Acara tersebut menjadi ruang yang mempertemukan berbagai produk, layanan, serta ekosistem BNI dalam satu pengalaman.
Direktur Consumer Banking BNI Corina Leyla Karnalies mengatakan acara tersebut akan melibatkan lebih dari 370 tenant dari berbagai sektor, mulai dari otomotif, e-commerce, UMKM, travel, retail dan lifestyle, sport dan hobi, hingga kuliner.
Ia menyebut, BNI menargetkan total pertumbuhan transaksi tahun ini sebesar 14%, termasuk dari acara BNI WondrX 2026 yang akan berlangsung pada 21-23 Agustus 2026 di ICE BSD.
""Jadi, untuk itu BNI ditargetkan pertumbuhan total transaksinya saja itu lebih dari 14% dibanding tahun lalu,"" ujarnya di Hutan Kota Plataran Jakarta, Rabu (12/8/2026).
Corina melanjutkan, selain event tersebut, pertumbuhan transaksi juga akan disokong dari keberlanjutan bisnis melalui online expo yang untuk transaksi housing, otomotif, dan travel.
BNI menargetkan jumlah pengunjung BNI WondrX 2026 mencapai 80.000 orang. Nantinya, acara ini akan menghadirkan sejumlah inovasi baru mulai dari sinergi dengan Kementerian Imigrasi hingga memperkenalkan sejumlah produk.
Ia menyebut, kolaborasi dengan Direktorat Jenderal Imigrasi, BNI akan menyediakan layanan pengurusan paspor. Nantinya, pengunjung dapat mengurus pembuatan maupun perpanjangan paspor di BNI WondrX 2026 yang digelar mulai 21 Agustus 2026. Selain itu, BNI juga menyediakan layanan pengurusan lvisa.
Selanjutnya, BNI juga bekerja sama dengan The Good Step untuk menghadirkan berbagai brand lokal dan merchandise dan menyiapkan booth khusus lelang agunan yang menawarkan aset properti dengan harga menarik.
Di sisi lain, BNI juga menyiapkan rangkaian pertunjukan musik pada Jumat, Sabtu, dan Minggu untuk menarik minat nasabah dan pengunjung.
Tahun ini, UMKM binaan BNI dari berbagai sektor turut ambil bagian dalam wondrX, termasuk melalui aktivitas live shopping untuk memperluas akses pasar. Hingga Semester I 2026, penyaluran kredit UMKM BNI telah mencapai Rp17 triliun, tumbuh 22,2% secara year-on-year.",CNBC Indonesia,Business,2026-08-13,Positive,"Reports growth, profit increase, expansion, or a strengthening financial indicator."
Raup Cuan Lewat Budidaya Udang Windu Metode Silvofishery,"JAKARTA - Hamparan tambak tradisional membentang mengikuti garis pantai Desa Tanjung Buka, Kabupaten Bulungan, Kalimantan Utara. Selama hampir dua dekade, Herman bersama anggota Kelompok Tani Tambak (KTT) Tias Berkah menggantungkan penghidupan keluarga dari budidaya udang windu.
Namun, perubahan kondisi lingkungan pesisir membuat usaha mereka menghadapi tantangan. Kualitas air laut yang semakin menurun turut membuat hasil panen udang windu tidak lagi stabil. Kondisi tersebut mendorong Herman dan kelompoknya mencari pola budidaya yang tidak hanya mampu menjaga produktivitas tambak, tetapi juga memulihkan ekosistem pesisir.
Titik balik itu datang pada 2024 melalui Program Mangroves for Coastal Resilience (M4CR). Bersama kelompoknya, Herman mulai mengadopsi silvofishery, metode budidaya yang mengintegrasikan tanaman mangrove dengan aktivitas perikanan di kawasan tambak.
Bagi Herman, pendekatan tersebut membuka pemahaman baru bahwa keberlanjutan tambak tidak harus berhadapan dengan pelestarian mangrove. Justru, keduanya dapat berjalan beriringan untuk menjaga produktivitas sekaligus memperkuat ketahanan ekonomi masyarakat pesisir.
“Dulu kami khawatir kalau ada mangrove, ruang untuk udang akan semakin sempit. Akarnya besar dan kami takut mengurangi area tambak,” ujar Herman.
Kekhawatiran tersebut perlahan terjawab melalui pendampingan intensif M4CR. Proses dimulai melalui sosialisasi prakondisi dengan pendekatan Persetujuan Atas Dasar Informasi di Awal Tanpa Paksaan (PADIATAPA), kemudian dilanjutkan dengan edukasi melalui sekolah lapang.
Para petambak tidak hanya mendapatkan pengetahuan mengenai teknik penanaman dan pemeliharaan mangrove, tetapi juga dibekali pemahaman mengenai pengelolaan tambak. Mulai dari manajemen buka-tutup pintu air, pengendalian salinitas, hingga pemantauan pH air dilakukan untuk menciptakan kondisi yang lebih sesuai bagi pertumbuhan udang.
Berbekal pengetahuan tersebut, KTT Tias Berkah kemudian merehabilitasi kawasan mangrove seluas 77 hektare, dengan pola tanam sekitar 800 bibit per hektare.
Pekerjaan tidak berhenti setelah bibit ditanam. Herman bersama anggota kelompok secara rutin melakukan penyulaman terhadap tanaman yang mati, membersihkan gulma, serta memantau pertumbuhan mangrove.
Upaya tersebut mulai menunjukkan hasil. Tingkat keberhasilan tumbuh mangrove mencapai 87%, sekaligus membawa perubahan pada kondisi tambak.
Produksi udang windu yang sebelumnya berkisar 100–150 kilogram per panen, kini meningkat menjadi sekitar 150–300 kilogram per panen.
© 2007 - 2026 Okezone.com, All Rights Reserved",Okezone,Business,2026-08-13,Positive,"Reports growth, profit increase, expansion, or a strengthening financial indicator."
BI: Pembiayaan Syariah Bisa Jadi Pilihan Ekspansi Korporasi,"Pada Juni 2026, pembiayaan perbankan syariah mencapai Rp 720 triliun atau tumbuh 11,43% (yoy).
Liputan6.com, Jakarta - Penguatan konektivitas antara industri halal dan industri keuangan syariah menjadi kunci untuk memperluas akses pembiayaan bagi korporasi, terutama untuk mendukung investasi dan ekspansi usaha yang kompetitif, inovatif, dan berkelanjutan.
Upaya tersebut turut memperkuat kontribusi industri halal dan keuangan syariah terhadap pertumbuhan ekonomi nasional.
Demikian disampaikan Pejabat Gubernur Sementara Bank Indonesia, Destry Damayanti, dalam Forum Strategis Pembiayaan Syariah untuk Ekspansi Korporasi bertema “Unlocking Corporate Growth Through Sharia Finance"" di Jakarta (12/8/2026).
Advertisement
“Pembiayaan syariah perlu menjadi pilihan strategis dan kompetitif bagi investasi dan ekspansi korporasi. Untuk itu, perlu dibangun pipeline pembiayaan yang bankable, terukur, dan berkelanjutan, diperkuat pendalaman pasar keuangan syariah dan intermediasi, serta kolaborasi antara korporasi, industri keuangan syariah, regulator, kementerian/lembaga, dan asosiasi,"" ujar Destry.
Dia juga menekankan pentingnya perluasan kapasitas dan inovasi instrumen pembiayaan, serta penguatan tata kelola, manajemen risiko, dan pemantauan untuk memperkuat pembiayaan korporasi.
Pada kegiatan tersebut, Bank Indonesia juga menggelar business matching yang mempertemukan 20 Bank Umum Syariah (BUS)/Unit Usaha Syariah (UUS) dengan 51 korporasi untuk menjajaki solusi pembiayaan sesuai kebutuhan usaha.
Pada kesempatan yang sama, Kepala Badan Ekonomi Syariah KADIN Indonesia, Titi Khoiriah, menyampaikan pentingnya pembiayaan syariah jangka panjang dengan skema dan tenor yang sesuai untuk mendukung ekspansi korporasi.
Sejalan dengan itu, Ketua Hubungan Bisnis Asbisindo/Wakil Direktur Utama Bank Syariah Indonesia, Bob Tyasika Ananta, menekankan pentingnya pendekatan berbasis ekosistem yang menghubungkan korporasi dengan rantai pasok.
Pendekatan ini memungkinkan perbankan syariah memperluas pembiayaan untuk modal kerja, sekaligus membangun hubungan jangka panjang dengan dunia usaha.
Momentum perluasan pembiayaan syariah didukung kinerja industri yang terus meningkat. Pada Juni 2026, pembiayaan perbankan syariah mencapai Rp 720 triliun atau tumbuh 11,43% (yoy), sementara Dana Pihak Ketiga (DPK) mencapai Rp 816 triliun atau tumbuh 13,13% (yoy).
Di sisi dunia usaha, pada periode yang sama, rantai pasok halal tumbuh 5,5% dan outstanding sukuk korporasi mencapai sekitar Rp95 triliun. Perkembangan tersebut membuka ruang yang semakin besar bagi pembiayaan syariah untuk mendukung investasi produktif dan ekspansi sektor riil.
Melalui program Bulan Pembiayaan Syariah dan Percepatan Intermediasi Indonesia, Bank Indonesia bersama seluruh pemangku kepentingan terus memperkuat sinergi untuk memperluas akses pembiayaan dan mempercepat realisasi pembiayaan syariah ke sektor riil.
Sinergi tersebut diharapkan dapat memperkuat peran pembiayaan syariah dalam mendukung investasi dan ekspansi usaha, serta mendorong pertumbuhan ekonomi yang berkelanjutan.
Baca berita terkini dan terpercaya di Berita Liputan6
Advertisement
Advertisement
Advertisement
Advertisement
Copyright © 2026 Liputan6.com
KLY KapanLagi Youniverse All Right Reserved.",Liputan6,Business,2026-08-13,Positive,"Reports growth, profit increase, expansion, or a strengthening financial indicator."
"Respons Indeks MSCI, GOTO Tegaskan Fundamental Solid & Cetak Laba","Jakarta, CNBC Indonesia - Morgan Stanley Capital International (MSCI) telah mengeluarkan saham PT GoTo Gojek Tokopedia Tbk (GOTO) dari Indeks Standar Global MSCI (MSCI Global Standard Indexes) berdasarkan hasil Tinjauan Indeks Agustus (August Index Review 2026) yang dirilis pada 12 Agustus 2026 dan berlaku efektif 31 Agustus 2026.
Head of Corporate Affairs GoTo Audrey Petriny mengatakan perusahaan memperhatikan keputusan MSCI terkait eksklusi GoTo dari indeks sahamnya, dan perseroan menyadari bahwa ini merupakan kabar yang kurang menyenangkan bagi banyak pemegang saham kami.
""Keputusan ini murni bersifat teknis, menyusul harga saham GoTo yang berada di level terendah Rp50 dan diikuti dengan volume perdagangan yang rendah dan tidak disebabkan oleh kinerja Perseroan,"" katanya dalam keterangan resmi, Kamis (13/8/2026).
Dia mengatakan, kinerja perseroan di kuartal kedua justru mencatatkan laba bersih dua kuartal berturut-turut, dengan laba bersih mencapai Rp252 miliar dan pendapatan bersih sebesar Rp5,7 triliun.
Selain itu, EBITDA Grup yang disesuaikan juga meningkat hingga menembus angka Rp1 triliun untuk pertama kalinya dan tetap on-track untuk mencapai pedoman kinerja tahunan kami dengan EBITDA grup yang disesuaikan Rp3,2-3,4 triliun.
""Keputusan peninjauan indeks dilakukan secara berkala dan kami akan terus menjalin dialog aktif dengan MSCI. Sementara itu, kami akan tetap fokus mengelola bisnis untuk menciptakan nilai tambah bagi seluruh pemegang saham,"" kata Audrey.
Selain GOTO, saham PT Charoen Pokphand Indonesia Tbk (CPIN) juga dikeluarkan dari Indeks Standar Global MSCI. Hanya saja, saham CPIN keluar tapi ditambahkan dalam MSCI Global Small Cap Indexes.
Adapun GOTO masih tercatat masuk dalam indeks utama di BEI di antaranya LQ45, IDX30, IDX80, dan KOMPAS100. Indeks-indeks ini menjadi acuan bagi investor dan manajer investasi menilai sebuah saham menjadi pilihan investasi.
LQ45 adalah indeks yang mengukur kinerja harga dari 45 saham yang memiliki likuiditas tinggi dan kapitalisasi pasar besar serta didukung oleh fundamental perusahaan yang baik.
Adapun IDX30 adalah indeks yang mengukur kinerja harga dari 30 saham yang memiliki likuiditas tinggi dan kapitalisasi pasar besar serta didukung oleh fundamental perusahaan yang baik.
Sementara IDX80 ialah indeks yang mengukur kinerja harga dari 80 saham yang memiliki likuiditas tinggi dan kapitalisasi pasar besar serta didukung oleh fundamental perusahaan yang baik.
Ketiganya memiliki kriteria seleksi yakni pemilihan konstituen indeks menggunakan kriteria seleksi kuantitatif dan kualitatif yaitu berdasarkan likuiditas transaksi di pasar reguler, kapitalisasi pasar free float, kinerja keuangan, kepatuhan, dan lain-lain
Di sisi lain, indeks KOMPAS100 adalah indeks mengukur kinerja harga dari 100 saham yang memiliki likuiditas yang baik dan kapitalisasi pasar yang besar.",CNBC Indonesia,Business,2026-08-13,Positive,"Reports growth, profit increase, expansion, or a strengthening financial indicator."
"Danantara Bikin Cuan BUMN Makin Tebal, Timah Pimpin Kenaikan Laba 804%","Jakarta, CNBC Indonesia - Badan Pengelola Investasi Daya Anagata Nusantara (BPI Danantara) telah mengumumkan laporan keuangan Semester I 2026 sejumlah perusahaan Badan Usaha Milik Negara (BUMN) yang mencatat kinerja positif.
PT Timah (Persero) Tbk. (TINS) mencatatkan pertumbuhan laba paling dramatis di antara BUMN lainnya. Perusahaan tambang pelat merah ini membukukan laba bersih Rp 2,71 triliun, melonjak 804,7% dari sebelumnya hanya Rp 300 miliar.
Selanjutnya, PT Pupuk Indonesia juga turut mencatatkan kinerja gemilang dengan laba bersih Rp8,51 triliun, tumbuh 253% dibandingkan Rp2,41 triliun pada semester I 2025.
Di sektor semen, PT Semen Indonesia (Persero) Tbk. (SMGR) mencatat kenaikan laba 196,5%, dari Rp65,24 miliar menjadi Rp193,46 miliar. Sementara itu, PT Agrinas Palma Nusantara tumbuh 150% dengan laba mencapai Rp890 miliar.
Pertumbuhan solid juga terlihat di sektor jasa keuangan dan logistik. PT Pegadaian (Persero) membukukan kenaikan laba 84,6% menjadi Rp6,59 triliun, disusul PT Pelindo (Persero) yang tumbuh 60,4% menjadi Rp2,57 triliun. Begitu juga PTPN IV PalmCo mencatatkan kenaikan 54% menjadi Rp3,23 triliun.
Selain itu, dari sektor perbankan, PT. Bank Tabungan Negara (Persero) Tbk. (BBTN) tumbuh 40,8% menjadi Rp2,40 triliun. PT. Bank Mandiri (Persero) Tbk. (BMRI) juga mencatatkan pertumbuhan laba 24,3% menjadi Rp30,41 triliun.
Adapun PT Pertamina Geothermal Energy mencatatkan pertumbuhan laba 15,5% menjadi US$ 79,61 juta dolar.
Di sisi lain, yang tak kalah penting, sejumlah BUMN yang sebelumnya merugi berhasil membalikkan keadaan pada semester ini. PT Krakatau Steel (Persero) Tbk. (KRAS), yang lama menjadi simbol beban di sektor BUMN karya dan industri berat, berhasil keluar dari kerugian sekitar Rp1,74 triliun menjadi laba sekitar Rp150 miliar hingga Rp185 miliar.
Hal serupa terjadi pada PT Kimia Farma (Persero) Tbk. (KAEF), yang berbalik dari rugi Rp135,61 miliar menjadi laba Rp54,07 miliar.
Managing Partner BUMN Research Group LM FEB UI Toto Pranoto mengatakan, kinerja keuangan BUMN masih ditopang oleh perusahaan-perusahaan blue chips yang sedari dulu menjadi motor penggerak revenue dan profit total BUMN.
""Misal kinerja Himbara di sektor perbankan, sektor mineral dan hasil tambang, sektor telco dan Pertamina,"" ujar Toto di Jakarta, dikutip Rabu (12/8/2026).
Menurut Toto, potensi kinerja BUMN masih terbuka. Hal ini seiring langkah streamlining BUMN yang mendorong efisiensi jumlah perusahaan negara akan semakin efektif dan efisien. Toto menilai perbaikan kinerja BUMN perlu terus didorong melalui proses streamlining atau penataan dan konsolidasi perusahaan negara.
""Harapan saya supaya proses streamlining BUMN bisa dipercepat sehingga perbaikan kinerja bisa lebih cepat dilaksanakan,"" ucapnya.",CNBC Indonesia,Business,2026-08-12,Positive,"Reports growth, profit increase, expansion, or a strengthening financial indicator."
Regulasi Jadi Momentum Pertumbuhan Industri Kripto di Indonesia,"JAKARTA - Penguatan regulasi aset keuangan digital mendorong pelaku industri untuk tidak hanya mengembangkan bisnis, tetapi juga memperkuat kepatuhan, perlindungan investor dan literasi masyarakat. Perkembangan tersebut menjadi bagian penting dalam membangun ekosistem aset kripto yang lebih teratur di tengah meningkatnya minat masyarakat terhadap aset digital.
Perkembangan kerangka regulasi tersebut salah satunya mengacu pada Peraturan Otoritas Jasa Keuangan (POJK) Nomor 27 Tahun 2024 sebagaimana diubah dengan POJK Nomor 23 Tahun 2025 tentang perdagangan aset keuangan digital. Regulasi tersebut mengatur kegiatan perdagangan aset keuangan digital sekaligus memberikan landasan bagi pelaku industri dalam menjalankan kegiatan usahanya.
Chief Executive Officer Bybit Indonesia Lawrence Samantha menilai, perkembangan regulasi dapat menjadi momentum bagi pertumbuhan industri aset digital di Indonesia. Menurutnya, kepastian hukum dapat memberikan ruang bagi pelaku industri untuk mengembangkan inovasi dengan tetap memperhatikan ketentuan yang berlaku.
""Peraturan Otoritas Jasa Keuangan Nomor 27 Tahun 2024 sebagaimana diubah dengan Peraturan Otoritas Jasa Keuangan Nomor 23 Tahun 2025 yang mengatur perdagangan aset keuangan digital memberikan kepastian hukum sekaligus membuka ruang inovasi bagi pelaku industri,"" ujar Lawrence, Selasa (11/8/2026).
Menurutnya, perkembangan industri aset digital juga perlu diikuti dengan peningkatan pemahaman masyarakat mengenai risiko dan cara berinvestasi yang bertanggung jawab. Literasi dinilai menjadi salah satu aspek penting seiring semakin luasnya akses masyarakat terhadap aset kripto.
""Semakin banyak masyarakat Indonesia paham cara berinvestasi aset digital dengan aman dan bertanggung jawab,"" katanya.
Selain regulasi dan literasi, perkembangan industri aset digital juga mendorong pelaku usaha untuk membangun ekosistem yang melibatkan berbagai pihak, mulai dari lembaga keuangan, komunitas, hingga perguruan tinggi.
© 2007 - 2026 Okezone.com, All Rights Reserved",Okezone,Business,2026-08-11,Positive,"Reports growth, profit increase, expansion, or a strengthening financial indicator."
BNI Private Catat Pertumbuhan Wealth Management 21 Persen di Q2 2026,"PT Bank Negara Indonesia (Persero) Tbk (BNI) melalui BNI Private mencatatkan pertumbuhan bisnis wealth management hingga 21 persen secara tahunan per kuartal II tahun 2026, dengan dana pihak ketiga (DPK) meningkat 24 persen secara tahunan.
Pertumbuhan itu dinilai mencerminkan peningkatan kepercayaan nasabah terhadap layanan pengelolaan kekayaan yang dikembangkan perseroan, yang memperkuat posisi BNI di segmen wealth management.
Kinerja BNI Private ini juga memperoleh pengakuan internasional dari The Asset melalui apresiasi The Best Private Bank in Indonesia. Pengakuan tersebut menjadi dorongan bagi perseroan untuk terus meningkatkan kualitas layanan bagi nasabah high net worth individual atau HNWI.
SEVP Wealth Management BNI, Steven Suryana mengatakan, pertumbuhan Asset under management (AUM) dan DPK ini mencerminkan kepercayaan nasabah terhadap kapabilitas BNI dalam mengelola kekayaan secara optimal.
""Pengakuan sebagai The Best Private Bank in Indonesia semakin memotivasi kami untuk terus menghadirkan layanan yang lebih dari sekadar pengelolaan kekayaan, tetapi juga inovatif, komprehensif, dan berstandar global,"" ujar Steven dalam keterangan tertulis.
Melalui BNI Private, perseroan menyediakan solusi wealth management yang mencakup produk simpanan seperti tabungan, giro, dan deposito, serta berbagai instrumen investasi.
Pilihan investasi yang dihadirkan meliputi obligasi pemerintah dan korporasi, reksa dana, referral saham, hingga produk treasury dan derivatif yang disesuaikan dengan profil risiko dan tujuan investasi nasabah.
Selain pengelolaan aset, BNI juga memperkuat proposisi layanan melalui pengembangan wealth management lintas negara, perluasan layanan pada ekosistem korporasi, serta penyelenggaraan berbagai exclusive client experience.
Kemudian, perseroan turut mengembangkan program Next-Gen Community untuk membangun hubungan jangka panjang dengan nasabah dan generasi penerusnya. Pendekatan itu diarahkan agar layanan BNI Private tidak hanya berfokus pada pengembangan nilai kekayaan, tetapi juga membantu nasabah dalam menjaga kesinambungan aset dan perencanaan lintas generasi.
""Ke depan, BNI akan terus memperkuat kapabilitas wealth management melalui inovasi produk dan layanan, pengembangan advisory yang semakin komprehensif, serta pemanfaatan jaringan internasional BNI untuk menghadirkan solusi pengelolaan kekayaan yang menyeluruh,"" kata Steven.
Melalui penguatan produk, layanan advisory, dan jaringan internasional, BNI memperkokoh posisi BNI Private sebagai mitra pengelolaan kekayaan bagi nasabah, serta memperluas kontribusi bisnis wealth management terhadap pertumbuhan perseroan.",CNN Indonesia,Business,2026-08-11,Positive,"Reports growth, profit increase, expansion, or a strengthening financial indicator."
"Ritel Asal Filipina O!Save Makin Ekspansif di RI, Pemerintah Buka Suara","Kementerian UMKM buka suara soal  asal , O!Save, yang kini membuka banyak gerai di Indonesia. Dalam hal ini Kementerian UMKM masih akan melihat perkembangan dan menganggap kemunculan O! Save sebagai hal positif bagi industri ritel Indonesia.
Adapun dikutip dari laman resminya, O!Save merupakan jaringan ritel yang mengusung konsep ‘hard discount’ pertama di Indonesia. Keberadaannya di Indonesia sudah ada sejak 2023.
“Ya belum, belum kita ini, nanti kita lihat ya ke depannya. Kalau, kalau dari sisi ritel kita kan bagus sih, kuat lah begitu,” kata Deputi Bidang Usaha Menengah, Kementerian UMKM, Bagus Rachman di Kantor Kemendag, Jakarta pada Selasa (11/8).
Sementara terkait potensi merebaknya O!Save terhadap peta industri dalam negeri khususnya soal persaingan usaha, Bagus masih akan melihat potensinya dan menyebut bahwa urusan tersebut adalah urusan Komisi Pengawas Persaingan Usaha (KPPU).
“Ya belum tahu nanti kita lihat nanti kan ada KPPU juga kan bisa lihat nanti kita lihat ya,” ujarnya.
Sementara dari Kemendag, Wakil Menteri Perdagangan, Dyah Roro menjelaskan ia belum mengetahui detail ritel baru yang sedang merebak tersebut. Untuk itu, ia akan melakukan pengecekan.
“Saya belum mengetahui detailnya ya mengenai itu nanti saya cek dulu, and then I'll come back to you,” kata Roro.
Laman resmi O!Save tersebut juga mencantumkan lokasi kantor O!Save di Indonesia. Terdapat 5 kantor yang terletak di kota yang berbeda di antaranya Bekasi, Depok, Karawang, Tangerang dan Surabaya.
Sementara berdasarkan laman LinkedIn O!Save, terdapat penjelasan bahwa O!Save beroperasi di dua negara saat ini. Pada awalnya, jaringan ritel tersebut memang berasal dari Filipina.
“Kami menawarkan produk-produk penting dan berkualitas tinggi dengan harga rendah yang konsisten kepada komunitas lokal di seluruh Filipina dan Indonesia. Misi kami adalah untuk memulihkan daya beli dan membuat kualitas hidup terjangkau untuk semua orang,” tulis keterangan O!Save di LinkedIn.",Kumparan,Business,2026-08-11,Positive,"Reports growth, profit increase, expansion, or a strengthening financial indicator."
Purbaya Ungkap Ada Ide Keuntungan Danantara Masuk APBN,"Jakarta, CNBC Indonesia - Menteri Keuangan Purbaya Yudhi Sadewa mengungkapkan keuntungan yang diperoleh BPI Dananatra nantinya akan disalurkan kembali ke dalam Anggaran Pendapatan dan Belanja Negara (APBN). Hal ini disampaikannya saat menemui pewarta di Kantor Kemenkeu, Jakarta (11/8/2026).
""Nanti kita lihat, itu baru ide, jadi kontribusi Danantara ke saya, yang saya tahu seperti itu,"" ujar Purbaya.
Adapun, pernyataan Purbaya ini terkait dengan ketentuan Peraturan Pemerintah (PP) Nomor 19 Tahun 2026 tentang Perubahan atas PP Nomor 10 Tahun 2025 mengenai Organisasi dan Tata Kelola Danantara yang telah ditandatangani Presiden Prabowo Subianto pada 8 April 2026.
Dalam aturan ini, holding investasi yang dibentuk untuk mendukung pembangunan nasional dan pelayanan publik dapat menerima penyertaan modal negara (PMN). Dukungan pemerintah tersebut dapat berasal dari berbagai sumber, mulai dari dana tunai, barang milik negara, piutang negara kepada BUMN maupun perseroan terbatas, hingga aset negara lainnya.
Sejauh ini, Presiden RI Prabowo Subianto mengaku mendapatkan laporan bahwa pendapatan Badan Pengelola Investasi (BPI) Danantara tercatat melonjak hingga 400%.
Capaian itu diperoleh hanya dalam waktu satu tahun setelah Danantara diluncurkan pada 2025. Presiden meminta agar angka pendapatan tersebut diverifikasi melalui audit menyeluruh.
""Dalam satu tahun beroperasi Danantara, saya dapat laporan bahwa revenue atau penghasilan dari Danantara sudah naik 400%, saudara-saudara, kurang lebih. Ini terus harus kita audit, terus harus kita cek. Tapi kalaupun tidak 400%, 300% atau 200%, ini tetap peningkatan yang sangat signifikan dalam satu tahun bekerja,"" kata Prabowo, saat memberikan sambutan.
Saat ini, Danantara memiliki total aset BUMN mencapai sekitar US$1.000 miliar atau setara Rp17.800 triliun. Danantara pun ditarget menghasilkan keuntungan minimal Rp800 triliun (US$50 miliar) per tahun ke kas negara.",CNBC Indonesia,Business,2026-08-11,Positive,"Reports growth, profit increase, expansion, or a strengthening financial indicator."
"Emas Cetak Kenaikan Terbaik 7 Bulan, Investor Mulai Borong Lagi","Jakarta, CNBC Indonesia - Harga emas mencatatkan kinerja mingguan terbaik dalam tujuh bulan terakhir. Logam mulia tersebut melonjak sekitar 7% dalam sepekan.
Hal ini didorong pelemahan dolar Amerika Serikat (AS), penurunan imbal hasil Treasury, serta data ketenagakerjaan AS yang lebih lemah dari perkiraan. Kenaikan tersebut menjadi yang tertinggi sejak Januari.
Mengutip CNBC International , Selasa (11/8/2026), pergerakan emas kembali menarik perhatian investor karena sejumlah faktor makroekonomi mulai mendukung aset safe haven tersebut. Data ketenagakerjaan AS yang lebih lunak dari perkiraan menunjukkan adanya tanda-tanda pendinginan pasar tenaga kerja.
Revisi data sebelumnya juga memperkuat ekspektasi bahwa tekanan terhadap pasar tenaga kerja mulai meningkat. Kondisi tersebut kemudian mendorong investor mengurangi ekspektasi terhadap kebijakan suku bunga Federal Reserve (The Fed) yang lebih agresif.
Di sisi lain, penurunan imbal hasil Treasury dan pelemahan dolar AS membuat emas menjadi relatif lebih menarik. Emas tidak memberikan imbal hasil atau bunga, sehingga biaya peluang untuk memegang logam mulia tersebut menurun ketika yield obligasi turun.
Selain faktor suku bunga dan dolar, kekhawatiran terhadap arah kebijakan moneter AS turut menopang permintaan emas sebagai aset lindung nilai. Penguatan juga terjadi di pasar logam mulia lainnya.
Harga perak, platinum, dan palladium ikut mengalami kenaikan. Sementara tembaga masih berada di dekat level tertingginya.
Analis Michael Khouw menilai momentum penguatan emas masih berpotensi berlanjut. Menurutnya, masih merujuk CNBC International , emas memang masih berada di bawah rata-rata pergerakan 150 hari.
Namun, sejumlah instrumen yang terkait dengan emas mulai menunjukkan sinyal penguatan. Salah satunya adalah saham perusahaan tambang emas Newmont Mining.
Perusahaan tersebut merupakan salah satu komponen terbesar dalam ETF pertambangan emas dan telah menembus level rata-rata pergerakan 150 hari. Pergerakan tersebut dinilai dapat menjadi sinyal bahwa instrumen lain seperti ETF VanEck Gold Miners (GDX) dan SPDR Gold Shares (GLD) berpotensi mengikuti.
Permintaan emas dari China juga menjadi salah satu perhatian pasar. Bank Sentral China atau People's Bank of China (PBOC) memperluas fasilitas penyimpanan emas di Hong Kong.
Langkah tersebut dilakukan seiring ambisi Hong Kong untuk memperkuat posisinya sebagai pusat perdagangan emas internasional. Peningkatan fasilitas penyimpanan tersebut juga menjadi bagian dari tren yang lebih luas, yakni kembalinya cadangan emas negara-negara berdaulat ke kawasan Asia dari London.
PBOC sendiri telah mencatatkan pembelian emas selama 21 bulan berturut-turut. Pada Juli 2026 saja, bank sentral China menambah sekitar 20 ton emas ke dalam cadangannya. Langkah tersebut menunjukkan bahwa permintaan dari bank sentral masih menjadi salah satu penopang penting pasar emas global.
Dari sisi pasar opsi, struktur volatilitas emas juga menunjukkan peluang kenaikan yang lebih besar. Menurut Khouw, opsi beli atau call option di luar harga pasar memiliki volatilitas tersirat yang lebih tinggi dibandingkan opsi yang berada di sekitar harga pasar.
Kondisi tersebut membuat strategi call spread menjadi lebih menarik bagi investor yang ingin mengambil posisi atas potensi kenaikan harga emas. Salah satu contoh yang digunakan adalah strategi call spread pada ETF SPDR Gold Shares (GLD) dengan harga kesepakatan US$400 dan US$460 untuk November.
Strategi tersebut membutuhkan biaya sekitar US$16,15 per saham atau sekitar US$1.615 per kontrak, dengan potensi imbal hasil hampir tiga kali lipat apabila GLD kembali melonjak sekitar 15% dalam 100 hari berikutnya.
Dengan kombinasi pelemahan dolar, penurunan yield Treasury, ekspektasi kebijakan The Fed yang lebih longgar, serta pembelian emas oleh bank sentral, emas kembali mendapatkan dukungan kuat dari pasar. Namun, pergerakan harga selanjutnya tetap akan sangat bergantung pada data ekonomi AS dan arah kebijakan moneter The Fed.",CNBC Indonesia,Business,2026-08-11,Positive,"Reports growth, profit increase, expansion, or a strengthening financial indicator."
"Penutupan Tambang Ilegal Bikin Produksi Naik, TINS Raup Laba Rp2,7 Triliun","JAKARTA - Penertiban tambang ilegal dan penutupan jalur penyelundupan timah di Bangka Belitung mulai memberikan dampak positif terhadap kinerja PT Timah Tbk (TINS).
Pada semester I-2026, TINS membukukan laba bersih yang diatribusikan kepada pemilik entitas induk sebesar Rp2,71 triliun. Angka tersebut melonjak lebih dari 9x lipat dibandingkan Rp300,07 miliar pada periode yang sama tahun lalu.
Pendapatan tumbuh 146,9% menjadi Rp10,42 triliun, sementara laba usaha meningkat dari Rp380,20 miliar menjadi Rp3,46 triliun. Margin laba usaha juga melebar dari 9,01% menjadi 33,24%.
Kinerja tersebut ditopang kenaikan produksi bijih timah sebesar 75% menjadi 12.232 ton Sn. Produksi logam timah tumbuh 58% menjadi 10.865 metrik ton, sedangkan volume penjualan melonjak 85% menjadi 10.984 metrik ton.
Selain kenaikan harga jual rata-rata timah sebesar 52% menjadi USD49.794 per metrik ton, perbaikan operasional TINS turut didukung penguatan pengawasan dan pengamanan Wilayah Izin Usaha Pertambangan serta dukungan Satuan Tugas Pemerintah Pusat.
Ini adalah dampak positif dari komitmen pemerintah melalui instruksi Presiden untuk mengamankan cadangan strategis nasional sehingga mampu semakin mendukung kedaulatan ekonomi Nasional.
Perbaikan itu berlangsung setelah Presiden Prabowo Subianto memerintahkan operasi besar-besaran untuk menertibkan sekitar 1.000 tambang ilegal dan menutup jalur penyelundupan timah di Bangka Belitung. Operasi yang melibatkan TNI, Polri, dan Bea Cukai tersebut mulai dijalankan sejak September 2025.
© 2007 - 2026 Okezone.com, All Rights Reserved",Okezone,Business,2026-08-11,Positive,"Reports growth, profit increase, expansion, or a strengthening financial indicator."
Bank Mandiri Gandeng Paramount Pacu Pertumbuhan Sektor Ini,"Jakarta, CNBC Indonesia - PT Bank Mandiri (Persero) Tbk (BMRI) semakin menegaskan perannya sebagai mitra strategis pemerintah dalam mengakselerasi pertumbuhan ekonomi nasional melalui penguatan sinergi lintas sektor. Kali ini, Bank Mandiri kembali memperluas kolaborasi strategis dengan PT Paramount Enterprise International (Paramount) untuk menghadirkan solusi layanan perbankan yang terintegrasi guna mendukung pengembangan kawasan properti yang berkelanjutan.
Kerja sama ini ditandai dengan penandatanganan dua Nota Kesepahaman atau Memorandum of Understanding (MoU) pada Rabu (5/8). MoU pertama mengenai Kerja Sama Kawasan dan Penggunaan Jasa atau Produk Perusahaan, ditandatangani oleh Direktur Network & Retail Funding Bank Mandiri, Jan Winston Tambunan dan SEVP Corporate Banking 1 Bank Mandiri, Eny Kurniasih M. Mukarromah, bersama President Director Paramount, M. Nawawi dan Director Paramount, Chrissandy Dave Winata. Adapun MoU kedua mengenai Kerja Sama Pemasaran dan Penggunaan Jasa atau Produk Perusahaan, ditandatangani oleh Direktur Consumer Banking Bank Mandiri, Saptari bersama Director Paramount, Santi Meilawati.
Proses penandatanganan MoU tersebut juga disaksikan oleh Direktur Risk Management Bank Mandiri, Danis Subyantoro dan SEVP Risk Management Bank Mandiri, Wildan Sanjoyo, bersama Board of Advisor Paramount, Ervan Adi Nugroho dan Nurmiyanti Said serta Director Paramount, Norman S. Daulay.
Asal tahu saja, kerja sama ini menjadi langkah strategis bagi Bank Mandiri dan Paramount dalam memperkuat integrasi layanan keuangan sekaligus mendukung pengembangan kawasan yang semakin modern, produktif, dan berdaya saing. Lewat kolaborasi ini, Bank Mandiri akan menghadirkan layanan perbankan yang komprehensif untuk mendukung kebutuhan Paramount Group beserta entitas afiliasinya, antara lain pengelolaan transaksi dan operasional perusahaan, digitalisasi layanan keuangan, hingga penyediaan solusi pembiayaan bagi konsumen melalui fasilitas Kredit Pemilikan Rumah (KPR).
Direktur Consumer Banking Bank Mandiri, Saptari menuturkan, kolaborasi ini merupakan wujud komitmen Bank Mandiri dalam menghadirkan solusi finansial yang terintegrasi bagi pelaku usaha di berbagai sektor strategis. Bagi Bank Mandiri, sinergi dengan Paramount bukan sekadar memperluas kerja sama bisnis, melainkan juga menciptakan nilai tambah ( value creation ) yang mampu memperkuat ekosistem industri properti sekaligus memberikan manfaat yang lebih luas bagi masyarakat.
""Sebagai bagian dari ekosistem Danantara Indonesia, Bank Mandiri terus memperkuat peran sebagai mitra strategis pemerintah dalam mendorong pertumbuhan ekonomi nasional melalui sektor-sektor produktif, termasuk properti yang memiliki multiplier effect besar terhadap berbagai industri. Melalui integrasi solusi keuangan, layanan digital, hingga pembiayaan yang komprehensif, kami ingin menghadirkan nilai tambah bagi seluruh pemangku kepentingan sekaligus mendukung Paramount mengembangkan kawasan yang tidak hanya menjadi pusat hunian dan bisnis, tetapi juga mampu meningkatkan kualitas hidup masyarakat secara berkelanjutan,"" ujar Saptari dalam keterangan resmi, ditulis Senin (10/9/2026).
Saptari melanjutkan, pada dasarnya sektor properti merupakan salah satu motor penggerak ekonomi nasional karena memiliki efek berganda terhadap lebih dari 180 subsektor industri. Maka dari itu, Bank Mandiri akan terus memperluas kolaborasi dengan berbagai pelaku usaha untuk memperkuat akses pembiayaan, mendorong pengembangan ekosistem bisnis, serta mendukung pembangunan kawasan yang mampu menciptakan dampak ekonomi yang semakin luas.
Di samping itu, Saptari menjelaskan, kemitraan Bank Mandiri dan Paramount telah berkembang melalui berbagai inisiatif strategis. Mulai dari pengelolaan layanan payroll, digitalisasi sistem pembayaran kawasan melalui integrasi layanan perbankan, dukungan pembiayaan bagi pengembangan bisnis maupun konsumen, hingga implementasi berbagai inisiatif keberlanjutan.
Untuk itu, penandatanganan nota kesepahaman ini menjadi tonggak penting untuk memperluas sinergi tersebut sehingga mampu memberikan nilai tambah yang semakin besar bagi seluruh pemangku kepentingan.
Di sisi lain, Bank Mandiri juga menyediakan solusi pembiayaan Kredit Pemilikan Rumah (KPR) yang terdigitalisasi yaitu New Livin' KPR melalui aplikasi Livin' by Mandiri. Inovasi tersebut dirancang untuk memberikan kemudahan dan percepatan proses pembelian properti bagi masyarakat pada berbagai proyek Paramount, termasuk Paramount Serpong dan Paramount Petals.
Sejalan dengan komitmen kedua perusahaan terhadap penerapan prinsip Environmental, Social, and Governance (ESG), pada kesempatan tersebut Bank Mandiri juga menyerahkan Sertifikat Pengurangan Emisi Gas Rumah Kaca (SPE-GRK) sebesar 89 ton ekuivalen karbon dioksida (CO₂e) sebagai dukungan terhadap upaya penyeimbangan emisi dari pengembangan kawasan hunian Matera Lakeside di Gading Serpong.
""Kolaborasi ini mencerminkan komitmen bersama dalam menghadirkan pembangunan yang tidak hanya memberikan nilai ekonomi, tetapi juga manfaat nyata bagi lingkungan. Kami meyakini sinergi yang mengedepankan prinsip keberlanjutan akan menjadi fondasi penting dalam menciptakan pertumbuhan yang berkualitas sekaligus mendukung transisi menuju masa depan yang lebih hijau dan rendah karbon,"" terang dia.
Sebagai salah satu pengembang properti terkemuka di Indonesia, Paramount memiliki portofolio bisnis yang mencakup pengembangan kawasan mandiri, area komersial, hospitality, penyediaan energi, hingga layanan kesehatan premium melalui Bethsaida Hospital dan Seraphim Medical Center. Berbekal kekuatan ekosistem tersebut, kolaborasi bersama Bank Mandiri diharapkan mampu memperluas sinergi lintas sektor, mendorong pertumbuhan ekonomi nasional, serta menghadirkan nilai tambah bagi masyarakat.
Pada akhirnya, Bank Mandiri akan terus memperkuat kemitraan dengan berbagai pelaku industri sebagai bagian dari strategi memperkokoh ekosistem bisnis nasional di masa mendatang. Sebagai bagian dari ekosistem Danantara Indonesia, Bank Mandiri optimistis sinergi bersama mitra strategis seperti Paramount akan mempercepat pembangunan yang inklusif, meningkatkan daya saing sektor-sektor produktif, serta mendukung pertumbuhan ekonomi Indonesia yang berkelanjutan.",CNBC Indonesia,Business,2026-08-10,Positive,"Reports growth, profit increase, expansion, or a strengthening financial indicator."
Emiten RANS Gandeng Mayora (MYOR) Perkuat Ekspansi IP,"JAKARTA - PT Rans Entertainmen Indonesia Tbk ( RANS ) jalin kerja sama dengan PT Mayora Indah Tbk (MYOR) melalui berbagai intellectual property (IP) RANS.
Global Marketing Director Mayora Group Ricky Afrianto menyatakan kerja sama dengan RANS masih akan berlanjut dalam jangka panjang. Kedua pihak saat ini masih mendiskusikan bentuk dan nilai kerja sama untuk periode berikutnya.
“On going kerja sama panjang. Angkanya semakin berubah lagi. Untuk jangka panjang masih diskusi, bisa 6–12 bulan, tapi komitmennya sudah ada,” kata Ricky di Jakarta, Senin (10/8/2026).
Ricky mengatakan Mayora akan berpartisipasi dalam sejumlah IP yang dikembangkan RANS, termasuk RANS Carnival dan Cipungland, serta berbagai konser. Kolaborasi juga mencakup aktivitas sampling produk Mayora secara langsung kepada konsumen dalam berbagai kegiatan RANS.
Menurut dia keterlibatan Mayora dalam berbagai aktivitas tersebut tidak hanya ditujukan untuk memperkuat eksposur produk, tetapi juga menghadirkan pengalaman langsung bagi konsumen.
Adapun, kemitraan RANS dan Mayora telah berlangsung selama sekitar tujuh tahun dan memasuki babak baru seiring dengan status RANS sebagai perusahaan publik.
© 2007 - 2026 Okezone.com, All Rights Reserved",Okezone,Business,2026-08-10,Positive,"Reports growth, profit increase, expansion, or a strengthening financial indicator."
"Laba DEWA Naik 89 Persen, Ditopang Kenaikan Volume Waste Removal","JAKARTA, KOMPAS.com - PT Darma Henwa Tbk (DEWA) membukukan laba bersih Rp 354,3 miliar pada semester I-2026.
Laba tersebut melonjak 89 persen dibandingkan periode yang sama tahun sebelumnya.
Perseroan mencatat pendapatan Rp 3.206,1 miliar selama enam bulan pertama 2026. Pendapatan tumbuh 3,1 persen secara tahunan atau year on year (YoY).
Pertumbuhan pendapatan tersebut tercatat meski DEWA melakukan dekonsolidasi anak usaha PT Dire Pratama pada akhir 2025.
Kinerja DEWA ditopang kenaikan volume waste removal seiring penambahan kapasitas internal.
Kenaikan volume tersebut ikut memperbaiki marjin laba kotor dan marjin operasional.
Marjin laba kotor DEWA naik menjadi 19,1 persen pada semester I-2026, dari 16 persen pada periode yang sama tahun sebelumnya.
Marjin operasional juga meningkat menjadi 12,8 persen, dari sebelumnya 11,8 persen.
Perbaikan marjin tersebut mendorong laba kotor dan laba operasional masing-masing tumbuh 23,5 persen dan 11,4 persen secara tahunan.
Laba kotor DEWA tercatat Rp 612,2 miliar. Sementara itu, laba operasional mencapai Rp 409,7 miliar.
Perseroan juga membukukan keuntungan lain-lain sebesar Rp 255,7 miliar.
Sebagian besar keuntungan tersebut berasal dari keuntungan yang belum direalisasikan atas perubahan nilai wajar investasi.
EBITDA DEWA juga tumbuh 20,2 persen secara tahunan menjadi Rp 938,1 miliar.
Pada semester I-2025, EBITDA perseroan tercatat Rp 780,7 miliar.
Sejalan dengan kenaikan EBITDA, marjin EBITDA meningkat menjadi 29,3 persen dari 25,1 persen pada semester I-2025.",Kompas Money,Financial,2026-08-10,Positive,"Reports growth, profit increase, expansion, or a strengthening financial indicator."
"Destry Jadi Calon Tunggal Gubernur BI, Rupiah Menguat Tajam ke Level 17.700-an","JAKARTA, KOMPAS.com – Nilai tukar rupiah terhadap dollar Amerika Serikat (AS) menguat signifikan setelah Destry Damayanti diumumkan sebagai calon tunggal Gubernur Bank Indonesia (BI) definitif.
Berdasarkan data Bloomberg sekitar pukul 14.59 WIB, rupiah berada di level Rp 17.755 per dollar AS.
Posisi tersebut menguat 142 poin atau 0,79 persen dibandingkan perdagangan sebelumnya.
Pengamat komoditas dan mata uang Ibrahim Assuaibi mengatakan, penunjukan Destry Damayanti sebagai calon tunggal Gubernur BI sesuai dengan ekspektasi pasar.
""Artinya apa? Bahwa pasar menerima dengan dipilihnya Ibu Destry sebagai calon gubernur Bank Indonesia ,"" kata Ibrahim dalam keterangannya, Jakarta, Senin (10/8/2026).
Selain itu, Ibrahim mengatakan bahwa menguatnya rupiah didorong oleh sejumlah indikator ekonomi domestik yang dinilai cukup positif.
Pertumbuhan ekonomi Indonesia yang berada di atas 5 persen menjadi salah satu sentimen yang menopang rupiah.
Selain itu, posisi cadangan devisa juga dinilai cukup baik di posisi 145,3 miliar dollar AS pada Juli 2026.
Ia menambahkan, meskipun neraca perdagangan Indonesia masih mencatat defisit dan indeks keyakinan konsumen mengalami penurunan, tingkat indeks tersebut masih berada di atas 100.
""Artinya apa? Bahwa data ekonomi di dalam negeri cukup bagus ini yang membuat harga rupiah kembali menguat tajam,"" ucapnya.
Dari eksternal, penguatan rupiah terjadi meskipun indeks dollar AS masih menguat.
Ibrahim menilai meredanya ketegangan di kawasan Selat Hormuz turut memberikan sentimen positif bagi pasar.
""Di sisi lain pun juga walaupun indeks dollar menguat ya kita lihat bahwa adanya perdamaian di Selat Hormuz. Ya untuk mengelola Selat Hormuz antara Iran dan Oman ini pun juga membuat ketegangan di Selat Hormuz kembali berkurang,"" jelasnya.
""Sehingga wajar kalau seandainya rupiah ini dalam perdagangan di awal pekan ini mengalami penguatan yang cukup signifikan,"" pungkasnya.
Sebelumnya, Menteri Sekretaris Negara Prasetyo Hadi mengumumkan bahwa Presiden Prabowo Subianto telah mengirim Surat Presiden (Surpres) kepada DPR RI terkait pemilihan calon Gubernur BI .",Kompas Money,Financial,2026-08-10,Positive,"Reports growth, profit increase, expansion, or a strengthening financial indicator."
Bank Mandiri dan Paramount Dorong Pertumbuhan Properti Berkelanjutan,"Bank Mandiri menjalin kolaborasi strategis dengan PT Paramount Enterprise International (Paramount) untuk menghadirkan solusi layanan perbankan yang terintegrasi, serta mewujudkan dukungan terhadap pengembangan kawasan properti yang berkelanjutan.
Kerja sama ini menjadi langkah strategis kedua perusahaan dalam memperkuat integrasi layanan keuangan, yang juga mendukung pengembangan kawasan yang semakin modern, produktif, dan berdaya saing.
Dalam kolaborasi ini, Bank Mandiri akan menghadirkan layanan perbankan komprehensif guna mendukung kebutuhan Paramount Group beserta entitas afiliasinya, mulai dari pengelolaan transaksi dan operasional perusahaan, digitalisasi layanan keuangan, hingga penyediaan solusi pembiayaan bagi konsumen melalui fasilitas Kredit Pemilikan Rumah (KPR).
Direktur Consumer Banking Bank Mandiri Saptari mengatakan, kolaborasi ini merupakan wujud komitmen Bank Mandiri dalam menghadirkan solusi finansial yang terintegrasi bagi pelaku usaha di berbagai sektor strategis.
Menurutnya, sinergi dengan Paramount bukan sekadar memperluas kerja sama bisnis, tetapi juga menciptakan nilai tambah (value creation) yang mampu memperkuat ekosistem industri properti sekaligus memberikan manfaat yang lebih luas bagi masyarakat.
""Sebagai bagian dari ekosistem Danantara Indonesia, Bank Mandiri terus memperkuat peran sebagai mitra strategis pemerintah dalam mendorong pertumbuhan ekonomi nasional melalui sektor-sektor produktif, termasuk properti yang memiliki multiplier effect besar terhadap berbagai industri,"" kata Saptari, Minggu (9/8).
""Melalui integrasi solusi keuangan, layanan digital, hingga pembiayaan yang komprehensif, kami ingin menghadirkan nilai tambah bagi seluruh pemangku kepentingan sekaligus mendukung Paramount mengembangkan kawasan yang tidak hanya menjadi pusat hunian dan bisnis, tetapi juga mampu meningkatkan kualitas hidup masyarakat secara berkelanjutan,"" lanjutnya.
Kolaborasi diresmikan lewat penandatanganan dua Nota Kesepahaman (MoU) pada Rabu (5/8). MoU pertama mengenai Kerja Sama Kawasan dan Penggunaan Jasa atau Produk Perusahaan, ditandatangani oleh Direktur Network & Retail Funding Bank Mandiri Jan Winston Tambunan dan SEVP Corporate Banking 1 Bank Mandiri Eny Kurniasih M. Mukarromah, bersama President Director Paramount M. Nawawi dan Director Paramount Chrissandy Dave Winata.
MoU kedua mengenai Kerja Sama Pemasaran dan Penggunaan Jasa atau Produk Perusahaan, ditandatangani oleh Direktur Consumer Banking Bank Mandiri Saptari bersama Director Paramount Santi Meilawati.
Proses penandatanganan turut disaksikan oleh Direktur Risk Management Bank Mandiri Danis Subyantoro dan SEVP Risk Management Bank Mandiri Wildan Sanjoyo, bersama Board of Advisor Paramount Ervan Adi Nugroho dan Nurmiyanti Said serta Director Paramount Norman S. Daulay.
Saptari menjelaskan, sektor properti merupakan salah satu motor penggerak ekonomi nasional karena memiliki efek berganda terhadap lebih dari 180 subsektor industri.
Hal ini memicu Bank Mandiri untuk terus memperluas kolaborasi dengan berbagai pelaku usaha guna memperkuat akses pembiayaan, mendorong pengembangan ekosistem bisnis, serta mendukung pembangunan kawasan yang mampu menciptakan dampak ekonomi yang semakin luas.
Saptari menambahkan, kemitraan Bank Mandiri dan Paramount sejatinya telah berkembang melalui berbagai inisiatif strategis, mulai dari pengelolaan layanan payroll, digitalisasi sistem pembayaran kawasan melalui integrasi layanan perbankan, dukungan pembiayaan bagi pengembangan bisnis maupun konsumen, hingga implementasi berbagai inisiatif keberlanjutan.
Penandatanganan nota kesepahaman ini pun disebut menjadi tonggak penting untuk memperluas sinergi yang telah terjalin, sehingga dapat memberikan nilai tambah yang semakin besar bagi seluruh pemangku kepentingan.
Bank Mandiri juga menyediakan solusi pembiayaan Kredit Pemilikan Rumah (KPR) yang terdigitalisasi melalui New Livin' KPR pada aplikasi Livin' by Mandiri.
Inovasi ini dirancang untuk memberikan kemudahan dan percepatan proses pembelian properti bagi masyarakat pada berbagai proyek Paramount, termasuk Paramount Serpong dan Paramount Petals.
Sejalan dengan komitmen kedua perusahaan terhadap penerapan prinsip Environmental, Social, and Governance (ESG), pada kesempatan yang sama, Bank Mandiri menyerahkan Sertifikat Pengurangan Emisi Gas Rumah Kaca (SPE-GRK) sebesar 89 ton CO₂e yang menandai dukungan terhadap upaya penyeimbangan emisi dari pengembangan kawasan hunian Matera Lakeside di Gading Serpong.
""Kolaborasi ini mencerminkan komitmen bersama dalam menghadirkan pembangunan yang tidak hanya memberikan nilai ekonomi, tetapi juga manfaat nyata bagi lingkungan. Kami meyakini sinergi yang mengedepankan prinsip keberlanjutan akan menjadi fondasi penting dalam menciptakan pertumbuhan yang berkualitas sekaligus mendukung transisi menuju masa depan yang lebih hijau dan rendah karbon,"" tambah Saptari.
Sebagai salah satu pengembang properti terkemuka di Indonesia, Paramount dinilai memiliki portofolio bisnis yang mencakup pengembangan kawasan mandiri, area komersial, hospitality, penyediaan energi, hingga layanan kesehatan premium melalui Bethsaida Hospital dan Seraphim Medical Center.
Dengan kekuatan ekosistem tersebut, kolaborasi bersama Bank Mandiri diharapkan mampu memperluas sinergi lintas sektor, mendorong pertumbuhan ekonomi nasional, serta menghadirkan nilai tambah bagi masyarakat.
Ke depan, Bank Mandiri akan terus memperkuat kolaborasi dengan berbagai pelaku industri sebagai bagian dari strategi memperkokoh ekosistem bisnis nasional.
Sebagai bagian dari ekosistem Danantara Indonesia, Bank Mandiri optimistis sinergi bersama mitra strategis akan mempercepat pembangunan yang inklusif, meningkatkan daya saing sektor-sektor produktif, serta mendukung pertumbuhan ekonomi Indonesia yang berkelanjutan.",CNN Indonesia,Business,2026-08-10,Positive,"Reports growth, profit increase, expansion, or a strengthening financial indicator."
"Badan Otorita Catat Investasi Masuk IKN Tembus Rp208,7 Triliun","JAKARTA
-
Badan Otorita Ibu Kota Nusantara (OIKN)
mencatat
investasi
yang telah masuk ke
IKN
hingga saat ini mencapai Rp208,7 triliun. Nilai tersebut terdiri atas investasi swasta sebesar Rp74,54 triliun dan proyek melalui skema Kerja Sama Pemerintah dengan Badan Usaha (KPBU) senilai Rp134,22 triliun.
Kepala Otorita IKN, Basuki Hadimuljono mengatakan, pembangunan Nusantara saat ini didukung melalui sejumlah skema pembiayaan. Selain Anggaran Pendapatan dan Belanja Negara (APBN), pendanaan pembangunan IKN juga berasal dari KPBU, investasi swasta, serta hibah.
""Estimasi investasi swasta yang telah masuk ke IKN mencapai Rp74,54 triliun dari 67 investor, sementara nilai proyek melalui skema KPBU mencapai Rp134,22 triliun,"" demikian disampaikan OIKN dalam keterangan resminya, Sabtu (8/8).
IKN Diguyur Investasi Rp1,15 Triliun dari Perusahaan Korea, Buat Bangun Apa?
Basuki menegaskan OIKN terus membuka peluang kolaborasi dengan berbagai daerah di Indonesia untuk memperkuat ekosistem pembangunan Nusantara. Kolaborasi tersebut dinilai penting untuk mendukung pengembangan IKN sebagai ibu kota politik yang inklusif dan berkelanjutan.
""Kami selalu melayani investor yang masuk. Apabila Jawa Tengah menjadi mitra Otorita IKN nantinya akan ada insentif fiskal,"" ujar Basuki.",Sindonews,Business,2026-08-09,Positive,"Reports growth, profit increase, expansion, or a strengthening financial indicator."
"Hana Bank Catat Laba Bersih Rp 360,76 Miliar, Kredit Tumbuh 8,81 Persen pada Semester I 2026","JAKARTA, KOMPAS.com - PT Bank KEB Hana Indonesia (Hana Bank) membukukan laba bersih senilai Rp 360,76 miliar hingga semester I 2026.
Capaian itu tumbuh 9,21 persen secara tahunan atau year-on-year ( yoy ) dibandingkan periode yang sama tahun lalu.
Pertumbuhan laba bersih ditopang oleh penyaluran kredit Hana Bank sepanjang semester I 2026 .
Pada paruh pertama 2026, penyaluran kredit Hana Bank mencapai Rp 43,23 triliun atau meningkat 8,81 persen secara tahunan ( yoy ) dibandingkan periode yang sama tahun lalu.
Direktur Utama Hana Bank Yung Ryul Ko mengatakan, seiring dengan pertumbuhan kredit, total aset juga meningkat 8,54 persen secara tahunan ( yoy ) menjadi Rp 56,58 triliun.
Kinerja intermediasi tersebut didukung oleh penghimpunan Dana Pihak Ketiga (DPK) sebesar Rp 27,77 triliun pada semester I 2026.
""Sejalan dengan strategi untuk menumbuhkan Current Account and Savings Account (CASA) yang meliputi tabungan dan giro untuk menjaga efisiensi cost of fund ,"" kata dia dalam keterangan tertulis, Minggu (9/8/2026).
Ia menambahkan, kualitas kredit Hana Bank tetap terjaga dengan rasio Non Performing Loan (NPL) sebesar 0,68 persen, atau membaik dari 0,73 persen pada periode yang sama tahun sebelumnya dan lebih rendah dari NPL perbankan semester I 2026 yang sebesar 2,09 persen.
Sementara itu, ketahanan permodalan tercatat kuat, tecermin dari Capital Adequacy Ratio (CAR) sebesar 25,78%, yang menunjukkan masih ada ruang untuk pertumbuhan bisnis berkelanjutan.
“Kami optimistis dapat mencapai target hingga akhir 2026 di tengah berbagai tantangan. Ke depan, Hana Bank akan terus berinovasi menghadirkan produk dan layanan yang relevan dengan kebutuhan nasabah dan perkembangan situasi ekonomi, sekaligus tetap mengedepankan prinsip kehati-hatian,” ucap dia.
Selama paruh pertama 2026, Hana Bank terus berinovasi untuk mendukung pertumbuhan finansial nasabah, seperti meluncurkan fitur investasi reksa dana di layanan perbankan digital LINE Bank by Hana Bank (LINE Bank), serta menambah mitra reksa dana untuk menghadirkan pilihan produk investasi yang lebih lengkap bagi nasabah.
Di sisi tanggung jawab sosial, Hana Bank juga terus menghadirkan berbagai inisiatif yang berfokus pada pendidikan dan kemanusiaan, meliputi beasiswa pendidikan, bantuan sosial dan keagamaan, serta donor darah.
Hana Bank juga melakukan renovasi sekolah sebagai bagian dari komitmen perusahaan dalam menciptakan dampak positif yang berkelanjutan bagi masyarakat.",Kompas Money,Financial,2026-08-09,Positive,"Reports growth, profit increase, expansion, or a strengthening financial indicator."
"Laba Berkshire Naik, Abel Mulai Kucurkan Kas Jumbo Warisan Buffett","Jakarta, CNBC Indonesia - Berkshire Hathaway mencatatkan kenaikan laba operasional sebesar 16% pada kuartal kedua 2026. Penguatan kinerja di segmen energi, kereta api, dan manufaktur menjadi penopang utama, sementara segmen asuransi justru melemah.
Namun sorotan utama dari laporan kali ini bukan sekadar angka laba, melainkan langkah CEO Greg Abel (64) yang mulai mengaktifkan tumpukan kas raksasa peninggalan Warren Buffett untuk pembelian kembali saham (buyback) dan pembelian saham di pasar.
Laba operasional Berkshire naik menjadi 12,98 miliar dolar AS, dari sebelumnya 11,16 miliar dolar AS pada periode yang sama tahun lalu. Segmen manufaktur, jasa, dan ritel melesat 24% menjadi 4,47 miliar dolar AS, sementara Berkshire Hathaway Energy membukukan lonjakan laba 27% menjadi 891 juta dolar AS. Adapun BNSF, perusahaan kereta api milik Berkshire, mencatat kenaikan 6% menjadi 1,56 miliar dolar AS.
Di sisi lain, segmen asuransi menjadi titik lemah. Laba underwriting turun 13% menjadi 1,73 miliar dolar AS dari 1,99 miliar dolar AS setahun sebelumnya, sedangkan pendapatan investasi asuransi merosot 9% menjadi 3,06 miliar dolar AS.
Berkshire membeli kembali sekitar 4,5 miliar dolar AS saham mereka sendiri sepanjang kuartal ini - kuartal fiskal kedua di bawah kepemimpinan Abel yang resmi menggantikan Buffett sejak awal tahun. Angka ini melonjak tajam dari pembelian kembali saham pada kuartal pertama 2026 yang hanya sebesar 235 juta dolar AS, meski hasil kuartal kedua ini disebut masih di bawah sejumlah ekspektasi pasar.
Kas Berkshire menyusut menjadi 365,5 miliar dolar AS pada akhir Juni, turun dari rekor 397,4 miliar dolar AS tiga bulan sebelumnya, seiring perusahaan mengucurkan modal lewat buyback maupun investasi lain. Salah satu aksi korporasi besar pada kuartal ini adalah rampungnya akuisisi Taylor Morrison oleh Berkshire.
Yang tak kalah menarik, Berkshire membalikkan pola penjualan saham dan justru menjadi pembeli bersih ekuitas pada kuartal kedua, dengan pembelian bersih senilai hampir 20 miliar dolar AS. Ini menjadi momen penting karena sebelumnya Berkshire tercatat sebagai penjual bersih saham selama 14 kuartal berturut-turut.
Buffett, yang kini menjabat sebagai chairman, mewariskan kepada Abel benteng kas yang belum pernah ada presedennya di dunia korporasi Amerika - sejalan dengan gaya investasi sang legenda berusia 95 tahun yang dikenal sabar dan menghindari risiko. Buffett sempat mengakui kesulitan menemukan aset bernilai wajar di pasar saham, sementara para pemegang saham terus mendesak Abel untuk mulai menggunakan sebagian kas tersebut di luar instrumen Treasury.
Saham Berkshire baru naik 3% sepanjang tahun ini, tertinggal jauh dari kenaikan indeks S&P 500 yang mencapai 13%. Meski begitu, sahamnya mulai bergerak positif belakangan ini dengan kenaikan 9% dalam tiga bulan terakhir.
Dari sisi portofolio investasi, dokumen pengajuan menunjukkan Alphabet kini masuk dalam lima kepemilikan saham terbesar Berkshire berdasarkan nilai pasar per akhir Juni, bergabung dengan sejumlah kepemilikan jangka panjang lainnya seperti American Express, Apple, Bank of America, dan Coca-Cola. Berkshire sebelumnya mengungkapkan investasi senilai 10 miliar dolar AS ke induk perusahaan Google tersebut untuk mendukung pengembangan AI. Buffett mengonfirmasi kepada CNBC bahwa ia memulai investasi di Alphabet setelah berkonsultasi dengan Abel.",CNBC Indonesia,Business,2026-08-09,Positive,"Reports growth, profit increase, expansion, or a strengthening financial indicator."
Video: Jurus Bank Jatim Agar Sinergi KUB Saling Menguntungkan BPD,"Jakarta, CNBC Indonesia- CNBC Indonesia dengan Regional Bank Summit 2026 dengan tema ""Transformasi Strategis BPD dalam Mendorong Pembangunan Nasional"" sebagai forum diskusi strategis ini akan mempertemukan regulator, pimpinan Bank Pembangunan Daerah (BPD), dan pemangku kepentingan untuk membahas transformasi kelembagaan BPD untuk mendukung pembangunan dan ekonomi nasional.
Direktur Utama Bank Jakarta & Ketua Umum ASBANDA, Agus Haryoto Widodo menyebutkan kolaborasi antar BPD melalui Kelompok Usaha Bersama (KUB) sangat relevan bagi bank daerah. Selain memperkuat permodalan, KUB juga diharapkan dapat membantu percepatan ekspansi bisnis maupun efisiensi dalam membangun layanan digital hingga penguatan SDM .
Meski demikian terdapat tantangan terkait perbedaan vidi dan kepentingan BPD, kesiapan modal dan teknologi hingga masih adanya kekhawatiran akan hilangnya identitas BPD.
Sementara Direktur Utama Bank Jatim, Winardi Legowo menyebutkan faktor penting kesuksesan perbankan yakni modal, tata Kelola, sistem, teknologi dan SDM, sehingga keberhasilan KUB BPD tidak hanya ditentukan oleh tercapainya modal Rp 3 Trilliun.
Agar proses KUB dapat berhasil, Bank Jatim mengingatkan terkait pentingnya kesepakatan terhadap visi dan misi anggota KUB serta manfaat KUB harus dipastikan saling menguntungkan setiap anggota melalui sinergi ekosistem bisnis.
Terkait penguatan Kerjasama BPD dan Bank Perkreditan Rakyat (BPR) melalui Community bank, BJTM melihat adanya tantangan terkait sinkronisasi target bisnis yang belum selaras dan memakan biaya. Guna mengatasi persoalan ini maka BPR dan BPD dapat berbagi segmen pasar dalam penyaluran kredit serta sinergi terkait layanan digitalisasi.
Bank Jakarta melihat potensi Kerjasama BPD dan BPR yang cukup baik namun harus diletakkan dalam struktur yang tepat. Dimana BPR memiliki sumber daya yang lebih baik sementara BPR memiliki akses layanan ke segmen mikro sehingga bisa disinergikan dalam bentuk seperti linked program yang tidak mengalihkan risiko satu pihak pada pihak lain.
Seperti apa strategi pengembangan bisnis BPD? Selengkapnya simak dialog Shania Alatas dengan Direktur Utama Bank Jakarta & Ketua Umum ASBANDA, Agus Haryoto Widodo serta Direktur Utama PT Bank Pembangunan Daerah Jawa Timur Tbk (BJTM) , Winardi Legowo dalam Regional Bank Summit 2026, CNBC (Rabu, 05/08/2026)",CNBC Indonesia,Business,2026-08-08,Positive,"Reports growth, profit increase, expansion, or a strengthening financial indicator."
"Laba Berkshire Hathaway Naik 16 Persen, Greg Abel Mulai Gunakan Kas Buffett","Penulis
KOMPAS.com – Laba operasional Berkshire Hathaway meningkat 16 persen pada kuartal II-2026. Kenaikan ini terjadi di tengah mulai digunakannya tumpukan kas raksasa yang diwariskan Warren Buffett kepada CEO Berkshire Hathaway Greg Abel.
Dilansir dari CNBC, Sabtu (8/8/2026), laba operasional Berkshire Hathaway mencapai 12,98 miliar dollar AS pada kuartal II-2026. Angka tersebut naik dari 11,16 miliar dollar AS pada periode yang sama tahun sebelumnya.
Kinerja sejumlah bisnis Berkshire, termasuk energi, perkeretaapian, serta manufaktur, jasa, dan ritel, mampu mengimbangi pelemahan pada bisnis asuransi.
Bisnis manufaktur, jasa, dan ritel mencatat kenaikan laba 24 persen menjadi 4,47 miliar dollar AS. Sementara itu, laba Berkshire Hathaway Energy melonjak 27 persen menjadi 891 juta dollar AS.
BNSF, perusahaan kereta api milik Berkshire Hathaway, juga mencatat kenaikan laba 6 persen menjadi 1,56 miliar dollar AS.
Di sisi lain, bisnis asuransi menjadi salah satu titik lemah kinerja Berkshire Hathaway pada kuartal II-2026.
Laba underwriting atau laba dari kegiatan inti penjaminan asuransi turun 13 persen menjadi 1,73 miliar dollar AS. Setahun sebelumnya, laba underwriting tercatat 1,99 miliar dollar AS.
Pendapatan investasi dari bisnis asuransi juga turun 9 persen menjadi 3,06 miliar dollar AS.
Meski demikian, perhatian investor terhadap laporan keuangan Berkshire kali ini tidak hanya tertuju pada pertumbuhan laba.
Langkah Abel dalam mengalokasikan kas perusahaan menjadi sorotan utama, terutama setelah ia mengambil alih posisi CEO dari Buffett pada awal 2026.
Berkshire Hathaway membeli kembali sahamnya sendiri senilai sekitar 4,5 miliar dollar AS pada kuartal II-2026.
Nilai pembelian kembali saham atau buyback tersebut meningkat tajam dibandingkan kuartal I-2026.
Pada tiga bulan pertama tahun ini, Berkshire hanya menghabiskan sekitar 235 juta dollar AS untuk membeli kembali sahamnya.
Kuartal II-2026 juga menjadi periode fiskal kedua bagi Abel sebagai CEO Berkshire Hathaway.
Langkah tersebut menunjukkan mulai digunakannya sebagian kas Berkshire untuk memberikan imbal hasil kepada pemegang saham, sekaligus melakukan investasi di pasar saham.",Kompas Money,Financial,2026-08-08,Positive,"Reports growth, profit increase, expansion, or a strengthening financial indicator."
"Setelah ASEAN, Bank Indonesia Bidik Ekspansi QRIS ke India, Arab Saudi, dan Hong Kong","Penulis
KOMPAS.com - Bank Indonesia (BI) terus memperluas kerja sama pembayaran lintas negara melalui Quick Response Code Indonesian Standard (QRIS).
Setelah implementasi di sejumlah negara Asia Tenggara, BI kini melanjutkan pembahasan kerja sama dengan India serta memulai diskusi lebih mendalam dengan Arab Saudi dan Hong Kong .
Deputi Gubernur BI Filianingsih Hendarta mengatakan perluasan kerja sama tersebut masih dalam tahap pembahasan.
Menurut dia, implementasi QRIS antarnegara harus mempertimbangkan kesiapan masing-masing negara, baik dari sisi regulasi, infrastruktur, industri, maupun koordinasi dengan otoritas terkait.
""Mudah-mudahan ini bisa segera direalisasikan, karena implementasinya tentu harus memperhatikan kesiapan dari masing-masing negara, baik kesiapan regulasi, infrastruktur, industri, maupun koordinasi dengan otoritasnya,"" kata Filianingsih dalam konferensi pers hasil Rapat Dewan Gubernur (RDG) BI, Rabu (22/7/2026).
Rencana perluasan kerja sama tersebut didukung kinerja positif QRIS antarnegara sepanjang triwulan II 2026.
BI mencatat transaksi inbound, yakni transaksi pengguna luar negeri di Indonesia, mencapai Rp 1,85 triliun.
Sementara transaksi outbound, atau transaksi pengguna Indonesia di luar negeri, tercatat sekitar Rp 330 miliar.
Dengan demikian, QRIS antarnegara membukukan net inbound atau dana masuk bersih sebesar Rp 1,52 triliun pada triwulan II 2026.
""Kondisi ini mencerminkan bahwa QRIS antarnegara memang mempermudah transaksi pembayaran lintas negara,"" ujar Filianingsih.
Ia mengatakan capaian tersebut menunjukkan QRIS antarnegara semakin banyak dimanfaatkan oleh masyarakat negara lain yang datang ke Indonesia.
Kondisi ini sekaligus memberikan dampak positif terhadap perekonomian nasional melalui peningkatan aktivitas di sektor pariwisata, usaha mikro, kecil, dan menengah (UMKM), serta sektor lainnya.
Secara keseluruhan, BI mencatat transaksi ekonomi dan keuangan digital tetap tumbuh pada triwulan II 2026, didukung sistem pembayaran yang aman, lancar, dan andal.
Volume transaksi pembayaran digital melalui aplikasi mobile dan internet mencapai 16,07 miliar transaksi atau tumbuh 36,88 persen secara tahunan (year on year/yoy). Di dalamnya, volume transaksi QRIS melonjak 100,12 persen (yoy), didukung peningkatan jumlah pengguna dan merchant.
Dari sisi infrastruktur, volume transaksi ritel yang diproses melalui BI-FAST mencapai 1,529 miliar transaksi atau tumbuh 38,09 persen (yoy), dengan nilai transaksi mencapai Rp 3.777 triliun pada triwulan II 2026.
Sementara itu, volume transaksi nilai besar yang diproses melalui BI-RTGS tercatat sebanyak 2,63 juta transaksi atau tumbuh 13,03 persen (yoy), dengan nominal transaksi mencapai Rp 53.492 triliun atau meningkat 12,66 persen (yoy).
Adapun dari sisi pengelolaan uang rupiah, uang kartal yang diedarkan (UYD) tumbuh 14,03 persen (yoy) menjadi Rp 1.315 triliun pada triwulan II 2026.",Kompas Money,Financial,2026-07-23,Positive,"Reports growth, profit increase, expansion, or a strengthening financial indicator."
"Video: Kantongi Izin Nasional, Pusat Gadai Ekspansi ke Gadai HP - Emas","Jakarta, CNBC Indonesia- Founder & CEO of Pusat Gadai Indonesia (PGI), Andrew Susanto menyebutkan tujuan kehadiran PGI sebagai pegadaian swasta yang menawarkan layanan gadai produk elektronik dan BPKB Kendaraan bermotor.
Sebagai pioner dalam layanan gadai elektronik, PGI menawarkan keunggulan Loan to Value (LTV) yang tinggi sebagai daya tarik. Menilik besarnya pasar gadai Tanah Air, PGI memperluas layanan ke produk emas.
Di tengah tekanan ekonomi dan pelemahan daya beli saat ini, bisnis gadai justru mengalami tekanan namun adanya kenaikan harga elektronik hingga 30% yang dapat meningkatkan pinjaman turut membaik.
Saat ini PGI telah memiliki kantor cabang di Jawa, Sumatra dan dengan jumlah outlet mencapai 1.000 Outlet setelah berdiri selama 20 tahun. Oleh karena itu PGI mendukung penuh penguatan aturan bisnis pegadaian untuk memberikan keamanan dan kepastian bisnis bagi pengusaha dan nasabah.
Seperti apa tren bisnis gadai? dan bagaimana prospek dan tantangan bisnis gadai RI? Selengkapnya simak dialog Mercy Widjaja dengan Founder & CEO of Pusat Gadai Indonesia (PGI), Andrew Susanto dalam Economic Update, CNBC Indonesia (Rabu, 21/07/2026)",CNBC Indonesia,Business,2026-07-22,Positive,"Reports growth, profit increase, expansion, or a strengthening financial indicator."
"Kontrak Baru Hutama Karya Naik 22%, Laba Lampaui Target","Jakarta, CNBC Indonesia - PT Hutama Karya (Persero) (Hutama Karya) membukukan laba bersih konsolidasi mencapai 174,96% dari target Rencana Kerja dan Anggaran Perusahaan (RKAP) Semester I-2026. Capaian tersebut ditopang segmen pengoperasian Jalan Tol Trans Sumatera (JTTS) yang kini menjadi kontributor laba utama, seiring keputusan perusahaan lebih selektif dalam mengambil kontrak konstruksi demi menjaga kualitas neraca.
""Capaian laba Semester I-2026 menegaskan bahwa transformasi Hutama Karya berjalan pada arah yang tepat. Saat kontribusi JTTS semakin besar sebagai sumber pendapatan berulang, kami juga tetap disiplin menjaga kualitas order book dan kesehatan neraca,"" jelas Direktur Utama Hutama Karya, Koentjoro dikutip dari keterangan tertulis, Rabu (22/7/2026).
Berdasarkan laporan keuangan konsolidasi unaudited per 30 Juni 2026, nilai kontrak baru yang diperoleh sepanjang Semester I 2026 sebesar Rp6,30 triliun atau naik 22,1% dibandingkan pada periode yang sama tahun lalu. Perolehan tersebut berasal dari proyek jalan, jembatan, gedung, sumber daya air, manufaktur, serta Operation & Maintenance (O&M) jalan tol.
Lebih lanjut, ekuitas perusahaan juga naik 2,30% YoY dan mencapai 101,49% dari target RKAP, sementara utang turun 11,49% YoY. Penurunan utang melanjutkan tren deleveraging yang berjalan sejak 2024 dan memperkuat struktur permodalan perusahaan.
Adapun pendapatan tercatat 81,83% dari target RKAP. Capaian ini melanjutkan tren Triwulan I-2026 yang juga melampaui target.
Struktur laba ini mencerminkan pergeseran model bisnis Hutama Karya dari kontraktor murni menuju pengembang sekaligus operator infrastruktur, dengan porsi pendapatan berulang ( recurring ) yang membesar seiring bertambahnya ruas tol operasi.
Adapun rasio harga pokok penjualan (HPP) tercatat 81,86% dari pendapatan, relatif stabil dibandingkan tahun sebelumnya. Kontribusi terbesar berasal dari segmen pengoperasian jalan tol dan anak usaha.
Order book perusahaan hingga akhir Triwulan II-2026 tercatat naik 6,24% dibandingkan posisi Triwulan I-2026, dengan mayoritas berasal dari proyek pemerintah.
Pada penugasan strategis, Hutama Karya menambah 24,4 km ruas tol baru sepanjang Triwulan II 2026, yakni Betung-Jambi (16,8 km), Palembang-Betung (4,5 km), dan Rengat-Pekanbaru (3,1 km) atau 2,4 kali lipat dibanding penambahan 10,1 km pada Triwulan I 2026. Dengan demikian, kumulatif JTTS yang telah dibangun mencapai 1.117,6 km.
Ruas Palembang-Betung dan Betung-Jambi Seksi 1 ditargetkan beroperasi pada akhir 2026.
Sementara, dari sisi operasional, trafik JTTS terus menunjukkan tren positif. Pada Semester I 2026 trafik JTTS tercatat 17 juta kendaraan, naik 16% dibanding tahun lalu.
""Secara keseluruhan, kinerja Semester I 2026 mencerminkan transisi Hutama Karya dari orientasi pertumbuhan volume menuju kualitas laba dan kesehatan neraca. Laba yang melampaui target, kontrak baru yang tumbuh 22,1% serta utang yang terus menurun menempatkan perusahaan pada posisi lebih siap menghadapi paruh kedua 2026,"" pungkas dia.",CNBC Indonesia,Business,2026-07-22,Positive,"Reports growth, profit increase, expansion, or a strengthening financial indicator."
"Pendapatan Turun, Laba ADHI Malah Naik 12,5%, Ini Penyebabnya","Jakarta, CNBC Indonesia - Emiten BUMN Karya, PT Adhi Karya (Persero) Tbk. (ADHI) mencatat laba tahun berjalan yang dapat diatribusikan kepada pemilik entitas induk sebesar Rp8,49 miliar pada semester I-2026. Laba tersebut naik 12,57% dibandingkan periode yang sama tahun sebelumnya sebesar Rp7,54 miliar.
Padahal, pendapatan usaha hingga semester I tahun ini turun 18,35% menjadi sebesar Rp3,11 triliun, turun 18,35% dari tahun 2025 yang sebesar Rp3,81 triliun.
Namun, ADHI berhasil menekan beban pokok pendapatan menjadi Rp2,41 triliun dari Rp3,24 triliun, atau turun 25,50%. Penurunan beban pokok yang lebih besar dibandingkan penurunan pendapatan membuat laba bruto melonjak 22,28% menjadi Rp700,42 miliar, dibandingkan Rp572,87 miliar pada periode yang sama tahun lalu.
Dari sisi operasional, total beban usaha berhasil ditekan tipis menjadi Rp384,25 miliar. Secara rinci, beban penjualan meningkat 12,15% menjadi Rp6,51 miliar dari Rp5,80 miliar, sementara beban umum dan administrasi turun tipis 0,14% menjadi Rp377,74 miliar dari Rp378,21 miliar.
Efisiensi tersebut mendorong laba usaha meningkat signifikan menjadi Rp316,17 miliar, melonjak 67,69% dibandingkan semester I-2025 yang sebesar Rp188,85 miliar.
Selain itu, kontribusi dari bagian laba ventura bersama juga meningkat menjadi Rp188,41 miliar dari Rp186,24 miliar, atau naik sekitar 1,17%.
Namun demikian, kinerja positif di tingkat operasional tertahan oleh membengkaknya sejumlah pos non-operasional. Bagian rugi entitas asosiasi meningkat tajam menjadi Rp23,92 miliar dari Rp3,36 miliar pada periode yang sama tahun sebelumnya, atau melonjak sekitar 611,59%.
Selain itu, beban keuangan naik menjadi Rp349,17 miliar dari Rp339,81 miliar, meningkat 2,75%. Perseroan juga mencatat beban lain-lain bersih sebesar Rp35,83 miliar, berbalik dari tahun sebelumnya yang masih mencatat pendapatan lain-lain bersih sebesar Rp75,24 miliar, sehingga memberikan tekanan signifikan terhadap laba.
Akibatnya, laba sebelum pajak turun menjadi Rp20,56 miliar dari Rp24,80 miliar pada semester I-2025, atau menyusut 17,11%. Sementara itu, beban pajak penghasilan tidak final turun menjadi Rp3,04 miliar dari Rp5,21 miliar, atau berkurang 41,59%, sehingga jumlah beban pajak penghasilan bersih juga turun dalam persentase yang sama.
Pada akhirnya, laba tahun berjalan perseroan tercatat sebesar Rp17,51 miliar, turun 10,52% dibandingkan Rp19,59 miliar pada semester I-2025.
Adapun aset ADHI hingga semester I tahun ini turun jadi Rp 27,5 triliun dari akhir tahun 2025 yang sebesar Rp 28,7 triliun.",CNBC Indonesia,Business,2026-07-22,Positive,"Reports growth, profit increase, expansion, or a strengthening financial indicator."
"Laba PTPP Naik 196,5% Tapi Pendapatan Turun, Ini Sebabnya","Jakarta, CNBC Indonesia - PT PP (Persero) Tbk. (PTPP) mencatat laba yang dapat diatribusikan kepada pemilik entitas induk hingga semester I tahun 2026 sebesar menjadi Rp193,47 miliar. Laba tersebut terbang 196,5% dari semester I tahun 2025 yang sebesar Rp65,25 miliar.
Mengutip laporan keuangannya melalui keterbukaan informasi Bursa Efek Indonesia (BEI), padahal hingga akhir Juni 2026, pendapatan usaha PTPP tercatat sebesar Rp5,96 triliun atau turun 11,9% dari Rp6,71 triliun pada semester I-2025.
Turunnya pendapatan juga diiringi oleh, beban pokok pendapatan yang juga mengalami penurunan 10,2% menjadi Rp5,20 triliun dari sebelumnya Rp5,79 triliun. Sehingga, laba kotor perseroan tercatat sebesar Rp760,77 miliar, turun 17,5% dari Rp922,13 miliar pada semester I-2025.
Pada sisi operasional, perseroan masih berhasil melakukan efisiensi pada sejumlah pos biaya. Beban usaha turun dari Rp409,67 miliar menjadi Rp368,86 miliar, atau berkurang sekitar 9,96%. Kerugian penurunan nilai juga menyusut dari Rp134,66 miliar menjadi Rp130,06 miliar, atau turun sekitar 3,42%.
Selama semester I-2026, beban keuangan meningkat 29,6% menjadi Rp1,05 triliun dibandingkan Rp807,27 miliar pada periode yang sama tahun lalu.
Selain itu, kontribusi laba dari ventura bersama juga mengalami penurunan. Bagian laba ventura bersama tercatat sebesar Rp378,39 miliar, turun 12,9% dari Rp434,52 miliar.
Ternyata, kenaikan laba berasal dari pos pendapatan lainnya yang meningkat 47,2% menjadi Rp877,27 miliar dari Rp595,69 miliar pada semester I-2025.
Sementara itu, beban lainnya berhasil ditekan cukup signifikan. Pos ini turun 31,7% dari Rp379,38 miliar menjadi Rp258,94 miliar. Di sisi lain, beban pajak final meningkat menjadi Rp193,56 miliar dibandingkan Rp167,32 miliar pada tahun sebelumnya, atau naik sekitar 15,69%.
Akibat kombinasi penurunan pendapatan dan lonjakan beban keuangan tersebut, laba sebelum pajak perseroan anjlok menjadi Rp35,38 miliar, jauh lebih rendah dibandingkan Rp71,88 miliar pada semester I tahun 2025.
Penurunan laba sebelum pajak mencapai sekitar 50,78%. Sementara itu, beban pajak penghasilan juga bersih turun menjadi Rp18,01 miliar dari Rp20,61 miliar, atau turun sekitar 12,61%, sejalan dengan menurunnya laba perusahaan.
Selisih kurs juga menjadi aspek pendongkrak kinerja sebesar 1.206,5% menjadi Rp51,10 miliar, dibandingkan hanya Rp3,91 miliar pada semester I-2025.
Dengan tambahan penghasilan komprehensif tersebut, jumlah laba komprehensif tahun berjalan mencapai Rp68,47 miliar, meningkat dari Rp55,18 miliar pada semester I-2025 atau tumbuh sekitar 24,10%, meskipun laba bersih mengalami penurunan tajam.
PTPP mencatat laba tahun berjalan sebesar Rp17,37 miliar, turun tajam dibandingkan periode yang sama tahun sebelumnya sebesar Rp51,27 miliar. Dengan demikian, laba bersih emiten konstruksi berkode saham PTPP tersebut menyusut sekitar 66,12% secara tahunan (year on year/yoy).
Adapun aset PTPP hingga semester I tahun ini menjadi Rp 43,3 triliun atau naik jika dibandingkan dengan aset akhir tahun 2025 yang sebesar Rp 42,9 triliun.",CNBC Indonesia,Business,2026-07-21,Positive,"Reports growth, profit increase, expansion, or a strengthening financial indicator."
"Pertumbuhan Tahun Depan Dipatok 6%, Ekonom Wanti-wanti Daya Ungkit Ekonomi Lemah","JAKARTA
- Rancangan Anggaran Pendapatan dan Belanja Negara atau
RAPBN 2027
yang baru saja disampaikan Presiden Prabowo Subianto memuat asumsi-
asumsi makro
dinilai terlampau optimistis. Direktur Ekonomi Center of Economic and Law Studies (Celios), Nailul Huda menegaskan, target
pertumbuhan ekonomi
sebesar 6% serta batas inflasi sebesar 2,5% plus minus 1 persen dinilai terdengar tidak realistis.
Alasannya himpitan gejolak global dan pertumbuhan domestik yang dianggap rapuh. Huda menguraikan soal parameternya, pertama di kancah internasional, perekonomian global tengah dibayangi oleh ketidakpastian tinggi akibat meluasnya konflik bersenjata di Timur Tengah yang berisiko mengoreksi jalur perdagangan dunia.
Berbagai lembaga keuangan internasional pun memproyeksikan laju pertumbuhan global akan melambat, di mana Bank Dunia memperkirakan angka 2,8%, OECD di level 3,1%, dan IMF mematok 3,4%, sejalan dengan menyusutnya kinerja ekonomi negara-negara jangkar seperti China dan Amerika Serikat (AS).
Target Pertumbuhan 6% dengan Defisit Mengecil, RAPBN 2027 Uji Produktivitas dan Kualitas Eksekusi
""Target pertumbuhan ekonomi 6 persen saya nilai terlalu optimis di tengah kondisi ekonomi global dan nasional seperti saat ini, di mana pertumbuhan ekonomi global melemah dan bank sentral seperti US serta Jepang sudah memulai rezim kenaikan suku bunga acuan,"" ujar Huda dalam keterangan tertulisnya.",Sindonews,Business,2026-08-18,Neutral,Informational or procedural content with no clear positive or negative financial implication.
Kelas Cuan 'Bongkar' Kiat Cari Untung Investasi di Saham Teknologi,"Jakarta, CNBC Indonesia - Berbagai sentimen global dan arah perkembangan ekonomi dalam negeri turut mempengaruhi kondisi pasar modal tanah air. Hal ini membuat volatilitas pasar saham Indonesia bergerak cukup tajam dalam beberapa waktu terakhir.
Menghadapi fenomena pasar belakangan ini, Stock Market Analyst CNBC Indonesia Susi Setiawati menilai pasar modal tanah air masih cukup menarik, meski pada Agustus 2026 berpotensi masih ada koreksi. Susi menegaskan koreksi yang akan terjadi masih dalam level wajar, dan dibarengi dengan banyak sentimen positif yang bisa menjadi katalis pasar hingga beberapa waktu ke depan.
""Pasar obligasi dan SRBI [Sekuritas Rupiah Bank Indonesia] sudah ada kenaikan 35% dari permintaan asing. Biasanya kalau pasar obligasi itu sudah ramai harusnya juga akan itu harusnya ngekor ke pasar saham. Apalagi kalau diperhatikan harusnya sudah tidak ada sentimen negatif seperti beberapa bulan ke belakang,"" jelas Susi dalam Kelas Cuan Online dengan tema ""Ngobrol Bareng GoTo: Akhirnya Untung, What's Next?"", Selasa (11/8/2026).
Menurut Susi, sentimen positif sudah tergambarkan pada performa sektor yang mulai ""menghijau"" salah satunya sektor teknologi. Susi setidaknya menyebut dari 20 sektor, 17 di antaranya sudah menghijau, dan hanya sisa tiga sektor yang berada di zona merah.
Masuknya sektor teknologi ke deretan saham yang mulai menghijau menurutnya menjadi tanda-tanda reborn dan berada pada support yang kuat. Jadi, meski saham teknologi sempat turun hingga 16%, Susi menilai hal ini masih dalam batas wajar dan tetap dalam tren penguatan di zona hijau.
Sektor teknologi menurutnya masih cukup menjanjikan, apalagi saat ini, semakin banyak negara yang fokus pada teknologi, seperti yang berkaitan dengan kecerdasan buatan (AI), keamanan siber, dan juga financial technology (fintech). Perkembangan ini menurutnya membuat pilihan investor semakin beragam, sehingga investor pun makin cerdas dalam menyusun portofolionya. Hal ini membuat mereka menilai perusahaan teknologi bukan hanya dari sisi pertumbuhan (growth), melainkan juga fundamental.
""Jadi sekarang investor sudah mulai melihat fundamental dan profitabilitas. Oleh karena itu, emiten juga mulai berubah dan fokus untuk mengejar pertumbuhan, profit, revenue dan margin yang membaik, cash flow positif, neraca yang kuat,"" jelas Susi.
Pertumbuhan kini bukan hanya dari sisi valuasi pengguna, melainkan dari sisi kinerjanya sehingga bukan lagi menggunakan konsep bakar uang. ""Menariknya, yang tadinya 'bakar duit' terus, kemudian fokus ke profitability,"" lanjutnya.
Adapun Susi menyebut, industri teknologi Indonesia memasuki fase baru pada tahun ini, dari mengejar pertumbuhan pengguna menjadi fokus pada transaksi, monetisasi, dan profitabilitas. Ekosistem terintegrasi seperti PT GoTo Gojek Tokopedia Tbk (GOTO), menjadi contoh bagaimana teknologi menciptakan nilai di setiap lapisan digital dan memiliki rekam jejak yang baik.
Pertumbuhannya, juga sejalan dengan tren utama tahun ini antara lain, digital payment yang melesat, fintech masuk monetisasi, on demand yang tumbuh sehat, merchant teknologi jadi kunci, serta yang terakhir AI, cloud, dan data center yang jadi lapisan baru.
""Adopsi digital pada tahun ini akan makin massif, regulasi sudah support, terutama dari inklusi keuangan, ekosistem sudah mulai terintegrasi yang menciptakan value chain yang sudah berkelanjutan, data jadi akses strategis, dan tentu saja AI. Bisa jadi AI ini juga akan mengurangi beban dan efisiensi untuk industri teknologi,"" pungkas Susi.
Dia pun menilai emiten teknologi yang eksis di Indonesia terus memperkuat fundamentalnya, baik dari sisi kinerja, pangsa pasar, dan terus berinovasi menciptakan nilai tambah. Dengan begitu, kinerja fundamentalnya pun akan tercermin dari harga sahamnya. Berdasarkan data keuangan terakhir, GoTo misalnya berhasil mencatatkan laba bersih dalam dua kuartal beruntun, Rp171 miliar dan Rp252 miliar masing-masing untuk kuartal I dan kuartal II-2026.",CNBC Indonesia,Business,2026-08-13,Neutral,Informational or procedural content with no clear positive or negative financial implication.
"Konsumsi Melambat, Investasi Selamatkan Pertumbuhan Ekonomi RI","JAKARTA - Pertumbuhan ekonomi Indonesia pada 2026 diprediksi mencapai 5,2 persen. Sebelumnya, ekonomi Indonesia tumbuh 5,3% (year on year/yoy) pada kuartal II-2026.
""Ini melampaui perkiraan kami sebesar 5,2% dan konsensus pasar sekitar 5,1%, namun melambat dibandingkan 5,6% pada kuartal I-2026. Secara kuartalan, PDB tumbuh 3,7% (quarter on quarter/qoq). Hasil ini mengonfirmasi bahwa permintaan domestik tetap tangguh berkat dukungan fiskal, meskipun dorongan pertumbuhan yang sangat kuat pada awal tahun mulai kembali ke tingkat normal,"" ujar Ekonom Bank Danamon Indonesia, Hosianna Evalita Situmorang.
Menurutnya, perlambatan pertumbuhan pada kuartal II dibandingkan kuartal I-2026 mencerminkan normalisasi konsumsi rumah tangga dan pemerintah. Kontribusi konsumsi rumah tangga turun menjadi 2,67 poin persentase dari 2,95 poin persentase seiring meredanya lonjakan aktivitas terkait Ramadan dan Lebaran yang sebelumnya mendorong mobilitas, transportasi, restoran, serta perhotelan pada kuartal I-2026.
Konsumsi pemerintah juga melambat menjadi 1,07 poin persentase dari 1,26 poin persentase. Hal ini telah diperkirakan mengingat adanya percepatan realisasi belanja pegawai, pembayaran Tunjangan Hari Raya (THR), dan belanja terkait program prioritas nasional pada kuartal I-2026, termasuk peluncuran awal program makan bergizi gratis.
BPS melaporkan konsumsi pemerintah melonjak 21,8% (yoy) pada kuartal I-2026, kemudian melambat menjadi 15,8% (yoy) pada kuartal II-2026.
""Investasi menjadi faktor utama yang meredam dampak perlambatan tersebut. Kontribusi investasi tetap atau Pembentukan Modal Tetap Bruto (PMTB) meningkat signifikan menjadi 2,06 poin persentase pada kuartal II-2026 dari 1,79 poin persentase pada kuartal I-2026,"" ujarnya.
© 2007 - 2026 Okezone.com, All Rights Reserved",Okezone,Business,2026-08-07,Neutral,Informational or procedural content with no clear positive or negative financial implication.
Bank Vietnam Borong Pinjaman Asing demi Kejar Pertumbuhan Ekonomi 10 Persen,"Editor
KOMPAS.com- Bank-bank Vietnam mulai memburu pendanaan dari luar negeri untuk memenuhi kebutuhan pembiayaan ekonomi yang terus meningkat.
Langkah tersebut berkaitan erat dengan ambisi pemerintah Vietnam mengejar pertumbuhan ekonomi setidaknya 10 persen per tahun hingga 2030. Target tersebut membutuhkan ekspansi kredit dan investasi dalam jumlah besar, terutama untuk pembangunan infrastruktur.
Pemerintah memperkirakan kebutuhan pembiayaan proyek infrastruktur mencapai sekitar 200 miliar dollar AS atau sekitar Rp 3.574 triliun. Bank diharapkan menjadi salah satu sumber utama pendanaan proyek tersebut.
Masalahnya, kemampuan bank menghimpun dana dari dalam negeri semakin terbatas. Suku bunga deposito meningkat, sementara nilai kredit sudah jauh lebih besar dibandingkan dana yang dihimpun dari nasabah.
Kondisi tersebut mendorong bank Vietnam mencari sumber dana alternatif dari pasar internasional.
Bank dari China, Taiwan, Jepang, Korea Selatan, hingga Timur Tengah mulai tertarik menyediakan pendanaan bagi bank Vietnam.
Willie Tanoto dari Fitch Ratings mengatakan sejumlah bank lokal tengah membahas pinjaman sindikasi dengan nilai ratusan juta dollar AS.
Beberapa transaksi bernilai besar sudah terealisasi.
HDBank, bank swasta skala menengah yang terafiliasi dengan maskapai berbiaya rendah VietJet, memperoleh pinjaman sindikasi internasional senilai 721 juta dollar AS atau sekitar Rp 12,89 triliun pada Juli 2026.
Nilai tersebut sekitar 60 persen lebih tinggi dari target awal.
Standard Chartered, Commerzbank dari Jerman, dan MUFG Bank dari Jepang termasuk dalam kelompok pemberi pinjaman.
VPBank sebelumnya memperoleh pinjaman luar negeri senilai 1,44 miliar dollar AS atau sekitar Rp 25,75 triliun pada Juni.
Sumitomo Mitsui Banking Corporation dari Jepang berperan penting dalam transaksi tersebut.
Techcombank, salah satu bank swasta terbesar Vietnam, juga tengah mengajukan pinjaman luar negeri senilai 1 miliar dollar AS atau sekitar Rp 17,87 triliun.
Pengajuan tersebut masih menunggu persetujuan regulator.
CEO Techcombank Jens Lottner mengatakan pendanaan dari pasar internasional kembali menarik ketika biaya dana domestik meningkat.
""Seiring naiknya suku bunga domestik, langkah ini kembali masuk akal secara ekonomi untuk pendanaan jangka menengah hingga panjang,"" ujarnya, dilansir Reuters, Kamis (13/8/2026).
Techcombank pernah menghimpun dana dengan nilai serupa dari pasar internasional pada 2022. Bank tersebut juga rutin mencari pendanaan luar negeri ketika kondisi pasar mendukung.
""Menurut saya, ada minat terhadap Vietnam,"" kata Lottner.",Kompas Money,Financial,2026-08-13,Neutral,Informational or procedural content with no clear positive or negative financial implication.
DJP Gandeng TNI-Polri Awasi Wajib Pajak: Untung atau Buntung?,"Direktorat Jenderal Pajak ( DJP ) Kementerian Keuangan resmi melibatkan aparat TNI dan Polri dalam pengawasan kepatuhan wajib pajak.
Kebijakan tersebut dinilai berpotensi memperluas basis pajak dan meningkatkan penerimaan negara, tetapi juga membawa risiko munculnya persepsi intimidasi hingga tumpang tindih kewenangan apabila implementasinya tidak dilakukan secara hati-hati.
Pelibatan aparat itu diatur dalam Surat Edaran Direktur Jenderal Pajak Nomor SE-8/PJ/2026 tentang Pedoman Pengawasan Kepatuhan Wajib Pajak.
Dalam beleid tersebut, Babinsa dan Bhabinkamtibmas dilibatkan dalam pembangunan jejaring informasi untuk mendukung kegiatan pengawasan terhadap wajib pajak terdaftar, wajib pajak yang belum terdaftar, maupun pengawasan berbasis wilayah.
Direktur Eksekutif Center of Reform on Economics (CORE) Indonesia Mohammad Faisal menilai pemerintah perlu berhati-hati menerapkan pendekatan tersebut. Menurutnya, persoalan kepatuhan pajak tidak selalu disebabkan oleh kesengajaan wajib pajak menghindari kewajiban.
""Banyak di antara mereka (wajib pajak) itu sebetulnya bukan berarti mereka tidak ingin membayar pajaknya. Tapi sering kali juga karena ada kesulitan untuk memahami dan juga kesulitan untuk melaporkan,"" kata Faisal kepada CNNIndonesia.com , Selasa (21/7).
Ia menilai pemerintah seharusnya lebih memprioritaskan penyederhanaan prosedur pembayaran dan pelaporan pajak agar kepatuhan meningkat secara sukarela.
Menurut Faisal, apabila seluruh wajib pajak dipandang sebagai pihak yang sengaja mengemplang pajak, pendekatan tersebut justru berpotensi menimbulkan rasa terintimidasi, termasuk bagi wajib pajak yang selama ini patuh.
""Kalau kemudian dipukul rata bahwa semua wajib pajak itu yang tidak membayar pajak ini karena mereka sengaja mengemplang, saya khawatir bisa berbahaya. Karena justru bisa mengena pada wajib pajak yang sebetulnya selama ini taat dan ingin bayar pajak tapi karena kesulitan, jadi malah merasa terintimidasi,"" ujarnya.
Faisal juga menilai pemerintah perlu lebih memaksimalkan pengawasan terhadap kelompok wajib pajak berpenghasilan tinggi yang selama ini memberikan kontribusi terbesar terhadap penerimaan pajak.
Menurutnya, apabila pengawasan lebih banyak diarahkan kepada kelompok menengah, sementara potensi pajak kelompok atas belum tergarap optimal, hal itu berisiko menimbulkan ketimpangan.
Ia menambahkan kondisi kelas menengah saat ini tengah menghadapi tekanan akibat kenaikan biaya hidup, sementara pertumbuhan pendapatan relatif terbatas. Karena itu, pendekatan yang terlalu represif dinilai berpotensi menurunkan efektivitas upaya meningkatkan kepatuhan pajak.
Pandangan berbeda disampaikan Analis Senior Indonesia Strategic and Economic Action Institution (ISEAI) Ronny P Sasmita. Ia menilai pelibatan aparat kewilayahan memang dapat membantu memperluas basis pajak, terutama di daerah yang selama ini belum terjangkau secara optimal.
""Dari sisi efektivitas, kebijakan ini berpotensi meningkatkan penerimaan negara dalam jangka pendek, terutama melalui perluasan basis pajak di wilayah yang selama ini belum terjangkau secara optimal. Dengan menjangkau level desa, peluang menemukan subjek dan objek pajak baru memang lebih besar,"" kata Ronny.
Kendati, Ronny mengingatkan efektivitas kebijakan tersebut sangat bergantung pada pelaksanaannya. Jika pendekatan yang digunakan terlalu agresif, menurutnya, masyarakat justru dapat memberikan resistensi.
Ia menilai sistem perpajakan yang sehat bertumpu pada kepatuhan sukarela ( voluntary compliance ), bukan tekanan dari aparat.
""Ketika aparat keamanan dilibatkan, ada potensi munculnya persepsi intimidasi, meskipun itu bukan tujuan utama kebijakan. Dalam jangka panjang, hal ini bisa menurunkan tax morale dan justru berdampak negatif terhadap penerimaan yang berkelanjutan,"" ujarnya.
Ronny juga menyoroti potensi tumpang tindih kewenangan apabila peran Babinsa dan Bhabinkamtibmas tidak dibatasi secara tegas. Menurutnya, pelibatan aparat masih dapat dipahami apabila hanya sebatas mendukung koordinasi atau pemetaan sosial.
Namun, apabila bergeser menjadi pengawasan aktif atau memberikan tekanan kepada wajib pajak, kebijakan tersebut dinilai berpotensi melampaui fungsi dasar TNI dan Polri di bidang pertahanan dan keamanan.
Selain itu, Ronny menekankan aparat kewilayahan tidak boleh memiliki akses terhadap data perpajakan yang bersifat rahasia maupun terlibat dalam pemeriksaan, penilaian, atau penegakan hukum perpajakan.
""Yang paling penting, pendekatan yang digunakan tetap harus mengedepankan edukasi dan komunikasi, bukan tekanan. Garis batas antara pengumpulan informasi dan penegakan kewenangan harus dijaga secara ketat. Tanpa itu, risikonya bukan hanya pelanggaran hak wajib pajak, tetapi juga penurunan kepercayaan publik terhadap sistem perpajakan secara keseluruhan,"" katanya.
Sementara itu, DJP menegaskan pelibatan TNI dan Polri dalam SE-8/PJ/2026 tidak memberikan kewenangan baru kepada aparat keamanan.
Menurut DJP, Babinsa dan Bhabinkamtibmas hanya berperan sebagai pendamping dalam kondisi tertentu, bukan sebagai pelaksana pemeriksaan atau penegakan hukum perpajakan.
DJP juga menyatakan pengawasan kepatuhan wajib pajak saat ini semakin mengandalkan teknologi dan analisis data berbasis risiko, sementara keterlibatan aparat kewilayahan dimaksudkan untuk mendukung koordinasi di lapangan agar pelaksanaan pengawasan berjalan sesuai prosedur.",CNN Indonesia,Business,2026-07-22,Neutral,Informational or procedural content with no clear positive or negative financial implication.
"Status Ojol Jadi UMKM, Siapa yang Diuntungkan?","Praktisi Perpajakan, keuangan dan Akuntan
Praktisi Perpajakan, keuangan dan Akuntan
Artikel ini adalah kolom, seluruh isi dan opini merupakan pandangan pribadi penulis dan bukan cerminan sikap redaksi.
SETELAH berbulan-bulan digodok, pemerintah memastikan Peraturan Presiden Nomor 27 Tahun 2026 tentang Perlindungan Pekerja Transportasi Online segera rampung.
Isinya menandai satu keputusan besar: jutaan pengemudi ojek online roda dua resmi berstatus pengusaha mikro, bagian dari ekosistem UMKM.
Potongan komisi aplikator dipangkas dari sekitar 20 persen menjadi maksimal 8 persen, sehingga pengemudi mengantongi hingga 92 persen dari tarif perjalanan.
Pemerintah juga menjanjikan akses pembiayaan, program pemberdayaan, dan insentif pajak layaknya pelaku usaha mikro lain.
Di permukaan, ini terdengar seperti kabar baik yang telah lama ditunggu. Namun, ada satu pertanyaan yang jarang diajukan secara jujur: mengapa jalan yang dipilih adalah menjadikan pengemudi sebagai ""pengusaha"", bukan mengakuinya sebagai pekerja dengan hubungan kerja yang jelas terhadap platform?
Pertanyaan ini bukan sekadar beda istilah. Status hukum menentukan siapa yang menanggung risiko.
Jika pengemudi diakui sebagai pekerja, perusahaan aplikasi memikul kewajiban sebagai pemberi kerja: kontribusi jaminan sosial ketenagakerjaan, kepastian penghasilan minimum, perlindungan pemutusan hubungan kerja.
Jika berstatus pengusaha mikro, seluruh risiko usaha, mulai dari fluktuasi order, biaya perawatan kendaraan, hingga hari tanpa penghasilan, tetap berada di pundak mereka sendiri, sementara platform tetap berperan sebagai penyedia teknologi, bukan pemberi kerja.
Perdebatan soal status kemitraan ojol sebenarnya bukan hal baru; sejak awal era ride-hailing di Indonesia, pengemudi memang diposisikan sebagai mitra, bukan karyawan.
Perpres ini tidak mengubah logika itu. Ia hanya memberi bungkus baru yang lebih meyakinkan: status UMKM, lengkap dengan konotasi kemandirian ekonomi dan pemberdayaan.
Bandingkan dengan arah kebijakan di tempat lain. Mahkamah Agung Inggris, dalam putusan Uber BV v Aslam tahun 2021, menegaskan bahwa pengemudi Uber berhak atas upah minimum dan cuti berbayar layaknya pekerja, bukan kontraktor independen semata.
Uni Eropa melangkah lebih jauh lewat Platform Work Directive yang resmi berlaku sejak akhir 2024 dan mewajibkan seluruh negara anggota mentransposisikannya ke hukum nasional paling lambat Desember 2026.
Inti aturannya adalah praduga hubungan kerja bagi pekerja platform yang memenuhi kriteria tertentu, dengan beban pembuktian sebaliknya berada di pundak perusahaan, bukan pekerja. Dua yurisdiksi ini bergerak memperkuat pengakuan hubungan kerja.
Indonesia, lewat Perpres 27/2026, justru memilih jalur sebaliknya: memperkuat status usaha mandiri.
Ini bukan berarti pilihan Indonesia otomatis keliru, sebab konteks pasar tenaga kerja informal kita memang berbeda.
Artikel ini merupakan bagian dari Lestari KG Media, sebuah inisiatif untuk akselerasi Tujuan Pembangunan
            Berkelanjutan. Selengkapnya",Kompas Money,Financial,2026-08-12,Neutral,Informational or procedural content with no clear positive or negative financial implication.
Bedah Upaya Kejar Target Pertumbuhan Ekonomi Hingga Akhir Tahun,"Jakarta, CNBC Indonesia - Ekonomi Indonesia kembali mencatatkan pertumbuhan yang menjanjikan dan melampaui dibandingkan negara-negara besar dunia. Bahkan pada kuartal II, Indonesia menjadi negara dengan pertumbuhan ekonomi paling tinggi di antara negara G20.
Badan Pusat Statistik (BPS) dalam rilis, pada Rabu (5/8/2026) melaporkan Produk Domestik Bruto (PDB) Indonesia pada kuartal II-2026 tumbuh 5,29% secara tahunan ( year-on-year /yoy). Pertumbuhan tersebut melambat dibandingkan capaian kuartal I-2026 sebesar 5,61% yoy. Kendati demikian, ekonomi Indonesia tetap tumbuh di atas 5% dan melampaui perkiraan pasar.
Adapun Bank Indonesia (BI) memperkirakan pertumbuhan ekonomi Indonesia secara keseluruhan tahun 2026 tetap baik dan berada dalam kisaran 4,9-5,7% (yoy) didukung oleh permintaan domestik sejalan dengan kebijakan yang ditempuh Pemerintah dan Bank Indonesia untuk terus mendorong pertumbuhan ekonomi.
""Bank Indonesia terus memperkuat bauran kebijakan melalui kebijakan moneter, makroprudensial, dan sistem pembayaran yang bersinergi erat dengan kebijakan Pemerintah untuk menjaga stabilitas dengan tetap mendorong pertumbuhan ekonomi berkelanjutan,"" jelas Direktur Eksekutif Departemen Komunikasi Bank Indonesia Ramdan Denny Prakoso dikutip Rabu (12/8/2026).
Konsumsi rumah tangga masih menjadi pendorong utama perekonomian. Komponen ini memberikan sumber pertumbuhan sebesar 2,67% dengan distribusi mencapai 53,32% terhadap Produk Domestik Bruto (PDB) kuartal II-2026. Dari sisi pertumbuhan, Pengeluaran Konsumsi Rumah Tangga tumbuh 5,06% (yoy). Angkanya melandai dari 5,52% pada kuartal I-2026, ketika konsumsi masyarakat mendapat dorongan besar dari Ramadan dan Idulfitri.
Lantas, faktor apa saja yang mampu menjadi penopang, dan apa saja tantangan pertumbuhan ekonomi kuartal II-2026? Apakah variabel investasi menjadi penopang utama?
Untuk membahas secara mendalam terkait pertumbuhan ekonomi nasional pada kuartal II-2026, CNBC Indonesia menghadirkan Chief Economist PT Bank Negara Indonesia (Persero) Tbk, Leo Putera Rinaldy dalam Power Lunch, pada Kamis, 13 Agustus 2026, pukul 09.00 WIB. Leo akan mengupas Tuntas tentang faktor apa saja yang menekan maupun menjadi penopang pertumbuhan ekonomi kuartal II-2026? Apakah variabel investasi menjadi penopang utama? Dan apakah variabel konsumsi rumah tangga memang tengah mengalami normalisasi setelah momentum hari raya di kuartal I-2026?
Selain itu, dalam acara ini juga BNI akan memproyeksikan arah pertumbuhan ekonomi Indonesia di sisa tahun 2026 serta beragam saran bagi pemerintah untuk dapat meningkatkan daya tahan ekonomi.
Untuk itu, jangan lupa saksikan program Power Lunch secara live hanya di CNBC Indonesia TV dan cnbcindonesia.com. Pantau terus cnbcindonesia.com dan CNBC Indonesia TV untuk update informasi seputar ekonomi dan bisnis.",CNBC Indonesia,Business,2026-08-12,Neutral,Informational or procedural content with no clear positive or negative financial implication.
Membedah Fakta Pertumbuhan Ekonomi RI di Kuartal II-2026,"Jakarta, CNBC Indonesia - Data perkembangan Produk Domestik Bruto (PDB) selalu menjadi perhatian publik setiap kali diumumkan oleh Badan Pusat Statistik (BPS). Pertumbuhan PDB menjadi rujukan utama bagi pelaku pasar, pelaku usaha, akademisi, hingga masyarakat umum dalam menilai arah perekonomian nasional.
Sebagaimana diketahui, BPS mencatat pertumbuhan ekonomi Indonesia pada kuartal II-2026 tumbuh sebesar 5,29% secara tahunan atau year on year (yoy). Di samping itu, BPS juga merekam ekonomi Indonesia semester I-2026 tumbuh sebesar 5,45% dibandingkan realisasi semester I-2025.
""Pertumbuhan ekonomi triwulan 2-2026 berdasarkan PDB atas dasar harga berlaku Rp 6.552,1 triliun atas konstan Rp 3.576,2 triliun sehingga pertumbuhan ekonomi kuartal II- 2026 dibandingkan kuartal II-2025 atau yoy tumbuh 5,29%,"" kata Deputi Bidang Neraca dan Analisis Statistik, M. Edy Mahmud dalam rilis BPS, dikutip Rabu (12/ 8/2026).
Pertumbuhan ekonomi Indonesia sendiri sebagian besar masih ditopang oleh konsumsi rumah tangga. Sebagai informasi, konsumsi rumah tangga berkontribusi 2,67% pada sumber pertumbuhan sebesar 2,67% dengan distribusi mencapai 53,32% terhadap PDB kuartal II-2026. Dari sisi pertumbuhan, Pengeluaran Konsumsi Rumah Tangga tumbuh 5,06% (yoy). Angka ini sebenarnya melandai dari 5,52% yang dicapai pada kuartal I-2026, mengingat kala itu konsumsi masyarakat mendapat dorongan besar dari Ramadan dan Idulfitri.
Dari sisi kinerja lapangan usaha, industri pengolahan nonmigas nasional mampu tumbuh 5,32% pada kuartal II-2026 atau meningkat dari 5,14% pada kuartal sebelumnya. Selain itu, industri makanan dan minuman juga masih mencatatkan pertumbuhan tinggi sebesar 6,51%. Memang, laju pertumbuhannya sedikit melandai dari 7,04% pada kuartal I-2026, namun angka ini tetap lebih tinggi dibandingkan pertumbuhan industri pengolahan nonmigas secara keseluruhan.
Tak hanya itu, pada kuartal II-2026, kelompok provinsi di Pulau Jawa mendominasi struktur dan kinerja ekonomi Indonesia dengan kontribusi sebesar 56,47% dan mencatat pertumbuhan sebesar 5,65% (yoy).
Lantas, faktor apa saja yang mampu menjadi penopang, dan apa saja tantangan pertumbuhan ekonomi kuartal II-2026? Apakah variabel investasi menjadi penopang utama?
Untuk membahas secara mendalam terkait pertumbuhan ekonomi nasional pada kuartal II-2026, CNBC Indonesia menghadirkan Chief Economist PT Bank Mandiri (Persero) Tbk (BMRI), Andry Asmoro dalam Squawk Box, pada Kamis, 13 Agustus 2026, pukul 09.00 WIB.
Melalui program tersebut, Andry Asmoro akan membahas hasil pertumbuhan ekonomi Indonesia pada kuartal II-2026. Komponen-komponen utama pembentuk pertumbuhan ekonomi, seperti konsumsi, investasi, dan belanja pemerintah, beserta kontribusinya terhadap PDB juga akan diulas dalam dialog eksklusif ini.
Untuk itu, jangan lupa saksikan program Squawk Box secara live hanya di CNBC Indonesia TV dan cnbcindonesia.com. Pantau terus cnbcindonesia.com dan CNBC Indonesia TV untuk update informasi seputar ekonomi dan bisnis.",CNBC Indonesia,Business,2026-08-12,Neutral,Informational or procedural content with no clear positive or negative financial implication.
Populer: O!Save Ekspansi di RI; Subsidi Pertalite Bakal Dibatasi,"Ekspansi ritel asal Filipina, O!Save, di Indonesia menjadi salah satu  kumparanBISNIS sepanjang Selasa (11/8).
Selain itu, rencana pembatasan subsidi BBM Pertalite untuk masyarakat mampu juga menjadi sorotan. Untuk lebih jelasnya, berikut rangkuman berita populer tersebut:
Kementerian UMKM merespons ekspansi agresif jaringan ritel asal Filipina, O!Save, yang telah membuka gerai di Indonesia sejak 2023.
Jaringan ritel yang mengusung konsep hard discount pertama di Indonesia ini telah mendirikan kantor operasional di 5 kota strategis, yaitu Bekasi, Depok, Karawang, Tangerang, dan Surabaya.
Pemerintah menilai kehadiran ritel ini sebagai katalis positif yang dapat memperkuat struktur industri ritel domestik melalui penyediaan produk berkualitas dengan harga kompetitif untuk memulihkan daya beli masyarakat.
Kendati demikian, pemerintah tetap mengawasi potensi dampak persaingan usaha yang ditimbulkan oleh penetrasi O!Save. Kementerian UMKM akan berkoordinasi dengan Komisi Pengawas Persaingan Usaha (KPPU) untuk memantau dinamika pasar secara berkala agar persaingan tetap sehat.
Di sisi lain, Kementerian Perdagangan juga tengah melakukan pengecekan lebih lanjut guna memastikan kepatuhan regulasi dari ritel asing yang terus memperluas pasarnya di tanah air ini.
Menteri ESDM Bahlil Lahadalia dan Menteri Keuangan Purbaya Yudhi Sadewa menyepakati rencana pengetatan penyaluran subsidi BBM jenis  secara bertahap dalam beberapa bulan ke depan.
Langkah fiskal ini menargetkan penghentian alokasi subsidi bagi kelompok masyarakat mampu yang berada di kategori desil 9 hingga 10.
Pembatasan ini akan diimplementasikan melalui sistem digital terintegrasi milik PT Pertamina (Persero) untuk memastikan akurasi data kendaraan konsumen berdasarkan kapasitas mesin atau jenis kendaraan mewah di lapangan.
Kebijakan pengetatan ini diambil guna mengendalikan pembengkakan anggaran subsidi energi di tengah fluktuasi harga minyak mentah Indonesia (ICP) global yang bergerak di kisaran USD 80 hingga USD 100 per barel.
Meski volume konsumsi diproyeksikan tetap stabil, penyesuaian ini diharapkan mampu menekan beban APBN karena kelompok masyarakat menengah ke atas akan dialihkan untuk membeli BBM nonsubsidi secara mandiri.
Pemerintah menegaskan bahwa komitmen menjaga stabilitas harga BBM bersubsidi untuk masyarakat rentan tetap menjadi prioritas utama tanpa adanya kenaikan harga jual.",Kumparan,Business,2026-08-11,Neutral,Informational or procedural content with no clear positive or negative financial implication.
Triwulan II 2026: Siapa Penikmat Cuan Pertumbuhan?,"Praktisi Statistik Bidang Pembangunan Desa
Praktisi Statistik Bidang Pembangunan Desa
Artikel ini adalah kolom, seluruh isi dan opini merupakan pandangan pribadi penulis dan bukan cerminan sikap redaksi.
PERTUMBUHAN ekonomi Triwulan II 2026 memberikan satu pesan penting: mesin ekonomi Indonesia belum kehilangan tenaga. Sebagian besar lapangan usaha masih tumbuh positif secara tahunan ( year-on-year ).
Namun, ada pertanyaan yang lebih mengusik: ketika mesin ekonomi semakin kencang, apakah semakin banyak pekerja ikut naik ke dalamnya?
Sebab ekonomi bisa tumbuh tanpa menciptakan pekerjaan dalam jumlah yang sebanding. Transaksi bisa meningkat tanpa menambah banyak pekerja. Kapasitas produksi bisa membesar tanpa diikuti perluasan kesempatan kerja yang sama besar.
Rilis BPS 5 Agustus 2026 menunjukkan bahwa mesin pertumbuhan ekonomi bekerja di hampir seluruh lapangan usaha. Hanya pertambangan yang mengalami kontraksi.
Sementara, lapangan usaha yang tumbuh ternyata tidak selalu berjalan searah dengan penyerapan tenaga kerja.
Tiga lapangan usaha dengan pertumbuhan tertinggi justru memperlihatkan wajah yang berbeda: Pengadaan Listrik dan Gas, Akomodasi dan Makan Minum, serta Informasi dan Komunikasi.
Akomodasi dan Makan Minum tumbuh 10,60 persen. Pada Februari–Mei 2026, jumlah tenaga kerja pada lapangan usaha ini bertambah sekitar 195.000 orang.
Ini sejalan dengan karakter sektor yang relatif padat karya: hotel membutuhkan pekerja ketika kamar terisi, restoran membutuhkan pelayan ketika meja dipenuhi pelanggan, dan jasa boga membutuhkan lebih banyak tangan ketika permintaan meningkat.
Namun, dua sektor dengan pertumbuhan tinggi lainnya justru tidak mengikuti jejak tersebut. Pengadaan Listrik dan Gas yang tumbuh 10,81 persen mengalami penurunan tenaga kerja sekitar 7.000 orang.
Informasi dan Komunikasi yang tumbuh 6,97 persen bahkan mengalami penurunan sekitar 38.000 orang. Di sinilah angka pertumbuhan mulai kehilangan kesederhanaannya.
Dan barangkali, inilah salah satu wajah ekonomi Indonesia yang sedang berubah: pertumbuhan tidak selalu membawa lebih banyak orang ke dalam pasar kerja.
Selama bertahun-tahun kita terbiasa dengan intuisi sederhana: ekonomi tumbuh, perusahaan berkembang, lapangan pekerjaan bertambah. Namun, ekonomi modern tidak selalu bekerja dengan rumus sesederhana itu.
Pertumbuhan dapat datang dari investasi, teknologi, peningkatan kapasitas produksi, efisiensi, dan produktivitas.
Perusahaan dapat menghasilkan lebih banyak dengan jumlah pekerja yang sama, bahkan dalam kondisi tertentu dengan pekerja yang lebih sedikit. Mesin ekonomi dapat berputar semakin cepat tanpa harus membawa semakin banyak penumpang.
Gejala ketika ekonomi tumbuh tanpa diikuti pertumbuhan pekerjaan yang sebanding dikenal dalam literatur sebagai jobless growth.",Kompas Money,Financial,2026-08-09,Neutral,Informational or procedural content with no clear positive or negative financial implication.
Bos Apindo Sebut Masih Ada Ekspansi Meski Tekanan Global Membayangi,"Apindo menilai, ada sejumlah gangguan baik dari sisi permintaan pasar dan sisi komponen sehingga menahan ekspansi.
Liputan6.com, Jakarta - Ketua Umum Asosiasi Pengusaha Indonesia ( Apindo ) Shinta Kamdani mengatakan masih ada industri yang tumbuh positif di tengah tekanan global yang cukup tinggi. Meskipun, momentum pertumbuhannya perlu dijaga ke depannya.
Shinta mengamini pertumbuhan ekonomi yang melambat di kuartal II-2026 dengan 5,29 persen turut dipengaruhi tersendatnya dunia usaha terhadap tekanan global. Meski demikian, sebagian industri masih mendapat pandangan ekspansif.
""Ini tidak berarti bahwa di sektor riil tidak ada industri yang ekspansi. Kami meyakini tetap ada, namun tidak banyak dan tidak menjadi tren industri yang mainstream, karena disrupsi-disrupsi yang terjadi di sisi demand pasar maupun di sisi komponen supply dan biaya produksi,"" jelas Shinta dalam keterangan yang diterima Liputan6.com, Senin (10/8/2026).
Advertisement
Dia menjelaskan, kondisi tersebut bisa terluhat dari PMI Manufaktur yang dirilis S&P per Juli 2026. Angkanya menunjukkan nilai 50,2 poin atau dalam kategori ekspansi.
""Ini artinya, kalaupun ada pertumbuhan kondisi ekonomi di Q2, pertumbuhan tersebut sifatnya baru dan relatif fragile sehingga perlu dijaga momentumnya,"" ucap dia.
Tujuannya agar pertumbuhan ekonomi kedepannya bisa lebih baik serta mendongkrak tren pergerakan industri nantinya. Terutama bagi sektor yang sebelumnya tertekan akibat dampak global.
Berharap Naik
Sebelumnya, Ketua Umum Asosiasi Pengusaha Indonesia (Apindo) Shinta Kamdani melihat capaian positif dari pertumbuhan ekonomi Indonesia di kuartal II-2026. Namun, ada sejumlah tantangan yang dihadapi pelaku usaha pada periode tersebut.
Diketahui, ekonomi RI tumbu 5,29 persen di kuartal II-2026 secara tahunan (year on year). Angka itu memunjukkan pelambatan dari pertumbuhan kuartal I-2026 sebesar 5,61 persen. Shinta berharap tren peningkatan bisa terjadi hingga akhir 2026.
""Kami tentu mengapresiasi data capaian pertumbuhan Q2 2026 yang mencapai 5,29 persen yoy. Ini adalah capaian yang sangat positif dan perlu kita pastikan agar dapat bertahan, bahkan naik ke depannya hingga akhir tahun,"" kata Shinta dalam pernyataan yang diterima Liputan6.com, Sabtu, 8 Agustus 2026.
Dia mengakui adanya pelambatan pertumbuhan ekonomi nasional. Salah satunya dilihat dari tekanan terhadap dunia usaha di Tanah Air. Kuartal II-2026 dipandang menjadi periode yang cukup berat bagi pengusaha.
""Banyak industri yang mengalami cost-push inflation akibat imbas konflik di Selat Hormuz dan efek pelemahan nilai tukar terhadap peningkatan beban biaya produksi dan bahan baku impor,"" ucap dia.
Dia menjelaskan, ketegangan Selat Hormuz utamanya berdampak pada kenaikan harga energi, seperti bahan bakar minyak (BBM). Pada saat yang sama, biaya logistik juga ikut terdampak.
Advertisement
Shinta juga memandang adanya tekanan dari sisi permintaan ekspor terhadap produk Indonesia. Ketegangan geopolitik lagi-lagi punya pengaruh pada daya beli beberapa negara.
""Di Q2 sektor riil juga banyak yang mengalami tekanan permintaan ekspor dari berbagai negara rekan dagang Indonesia karena konflik geopolitik turut menyebabkan penurunan daya beli di sejumlah negara yang mengalami shock harga migas yang lebih dalam dibandingkan Indonesia,"" beber dia.
Permintaan ekspor di kuartal II-2026 juga disebut terganggu imbas investigasi perdagangan Amerika Serikat (AS) terhadap Indonesia. ""Belum lagi, pasar domestik juga sempat mengalami perlambatan permintaan karena kenaikan harga BBM,"" katanya.
""Aktifitas ekonomi di sektor riil setidaknya yang dialami pelaku usaha sepanjang Q2 2026 cukup berat sehingga kurang mendukung adanya ekspansi kegiatan usaha,"" sambung Shinta.
Baca berita terkini dan terpercaya di Berita Liputan6
Advertisement
Advertisement
Advertisement
Copyright © 2026 Liputan6.com
KLY KapanLagi Youniverse All Right Reserved.",Liputan6,Business,2026-08-09,Neutral,Informational or procedural content with no clear positive or negative financial implication.
OJK Ingatkan Industri Multifinance Soal Dampak Kenaikan Suku Bunga,"JAKARTA – Otoritas Jasa Keuangan (OJK) mengingatkan industri pembiayaan (multifinance) untuk mewaspadai potensi tekanan terhadap profitabilitas akibat tren kenaikan suku bunga global maupun domestik. Tekanan margin bunga tersebut akan lebih terasa pada portofolio pembiayaan yang mengadopsi skema bunga mengambang atau floating rate.
Adapun Rapat Dewan Gubernur (RDG) Bank Indonesia pada 21–22 Juli 2026 memutuskan untuk mempertahankan BI-Rate sebesar 5,75 persen, suku bunga Deposit Facility sebesar 4,75 persen, dan suku bunga Lending Facility sebesar 6,50 persen.
OJK meminta para pelaku industri merumuskan strategi mitigasi yang kuat untuk mengantisipasi pembengkakan biaya dana. Penguatan fondasi operasional internal juga perlu dilakukan agar kinerja keuangan perusahaan tetap terjaga hingga akhir tahun.
""Kenaikan suku bunga berpotensi menekan profitabilitas industri, khususnya pada pembiayaan dengan skema floating rate, sehingga perusahaan perlu memperkuat manajemen risiko, tata kelola, serta penerapan prinsip kehati-hatian,"" ujar Kepala Eksekutif Pengawas Lembaga Pembiayaan, Perusahaan Modal Ventura, Lembaga Keuangan Mikro, dan Lembaga Jasa Keuangan Lainnya OJK Agusman dalam keterangan resminya di Jakarta, Sabtu (8/8/2026).
Meskipun dibayangi ketidakpastian suku bunga, kinerja keuangan industri pembiayaan per Juni 2026 secara umum masih mencatatkan kinerja positif. Sektor ini membukukan laba bersih operasional sebesar Rp12,75 triliun, tumbuh 15,72 persen secara tahunan (year-on-year/yoy).
© 2007 - 2026 Okezone.com, All Rights Reserved",Okezone,Business,2026-08-08,Negative,"Reports a financial loss, decline, layoff, fraud, or crisis-related event."
"Paradoks 5,29 Persen dan 490 Daerah: Angka Pertumbuhan Tak Mampu Bayar Gaji","Dikdik Sadikin adalah seorang auditor berpengalaman yang purnabakti dari Badan Pengawasan Keuangan dan Pembangunan (BPKP), berperan sebagai quality assurer dalam pengawasan kualitas dan aksesibilitas pendidikan di Kementerian Pendidikan, Kebudayaan, Riset, dan Teknologi. Memiliki minat mendalam terhadap kebijakan publik, Dikdik fokus pada isu-isu transparansi, integritas, serta reformasi pendidikan dan tata kelola pemerintahan. Ia juga pernah menjabat sebagai pemimpin redaksi dan pemimpin umum majalah Warta Pengawasan selama periode 1999 hingga 2002, serta merupakan anggota Satupena DKI. Latar belakang pendidikan suami dari Leika Mutiara Jamilah ini adalah Sekolah Tinggi Akuntansi Negara (lulus 1994) dan Magister Administrasi Publik dari Universitas Gadjah Mada (lulus 2006).
Dikdik Sadikin adalah seorang auditor berpengalaman yang purnabakti dari Badan Pengawasan Keuangan dan Pembangunan (BPKP), berperan sebagai quality assurer dalam pengawasan kualitas dan aksesibilitas pendidikan di Kementerian Pendidikan, Kebudayaan, Riset, dan Teknologi. Memiliki minat mendalam terhadap kebijakan publik, Dikdik fokus pada isu-isu transparansi, integritas, serta reformasi pendidikan dan tata kelola pemerintahan. Ia juga pernah menjabat sebagai pemimpin redaksi dan pemimpin umum majalah Warta Pengawasan selama periode 1999 hingga 2002, serta merupakan anggota Satupena DKI. Latar belakang pendidikan suami dari Leika Mutiara Jamilah ini adalah Sekolah Tinggi Akuntansi Negara (lulus 1994) dan Magister Administrasi Publik dari Universitas Gadjah Mada (lulus 2006).
Artikel ini adalah kolom, seluruh isi dan opini merupakan pandangan pribadi penulis dan bukan cerminan sikap redaksi.
SELASA malam, 28 Juli 2026, seusai konferensi pers di Pacific Century Place, Jakarta, Menteri Keuangan Purbaya Yudhi Sadewa menjelaskan akibat pengurangan Transfer ke Daerah (TKD).
Sejumlah daerah, katanya, kemungkinan tidak mempunyai cukup dana untuk membayar pegawai dan mempertahankan kegiatan minimum pemerintahannya.
Lalu keluar angka itu: 490 daerah.
“Mungkin ... sampai seluruhnya 490 daerah yang mungkin akan mendapatkan tambahan dana,” kata Purbaya.
Keputusan akhirnya, ia menambahkan, bergantung pada petunjuk Presiden Prabowo Subianto.
Angka itu tentu perlu dibaca hati-hati. Tidak berarti 490 pemerintah daerah telah gagal membayar gaji, apalagi berada di ambang kebangkrutan.
Pemerintah sedang mengidentifikasi daerah yang mengalami tekanan fiskal dan mungkin membutuhkan tambahan dana.
Namun, hanya delapan hari kemudian, pada 5 Agustus 2026, datang angka lain: 5,29 persen. Itulah pertumbuhan ekonomi Indonesia pada triwulan II-2026.
Maka kita mempunyai dua angka dalam satu republik: 5,29 persen dan 490 daerah.
Keduanya tentu tidak saling membantah. Mereka mengukur dua hal yang berbeda. Justru karena itulah keduanya menarik dibaca bersama: yang satu mengukur gerak ekonomi secara agregat, yang lain memperlihatkan kapasitas fiskal pemerintahan yang memberikan pelayanan paling dekat kepada warga.
Angka memang mempunyai cara sendiri untuk menyederhanakan dunia. Lima koma dua sembilan persen dapat merangkum produksi pabrik, konsumsi rumah tangga, investasi, perdagangan, pembangunan jalan, hingga jutaan transaksi sehari-hari. Ia berguna.
Namun, justru karena terlalu berguna, kita kadang lupa bahwa angka hanyalah peta, bukan wilayah.
Joseph Stiglitz, Amartya Sen, dan Jean-Paul Fitoussi pernah mengingatkan: Apa yang kita ukur memengaruhi apa yang kita kerjakan (Stiglitz, Sen & Fitoussi, 2009).
Masalah muncul ketika yang mudah diukur menjadi satu-satunya ukuran keberhasilan. PDB tumbuh, tetapi puskesmas tidak hidup dari persentase. Guru tidak dibayar dengan statistik.
Jalan kabupaten tidak dapat diperbaiki dengan grafik. Dan seorang pegawai di kota kecil tidak membawa pulang angka pertumbuhan untuk membeli beras.
Persoalan 490 daerah itu menjadi lebih menarik bila kita melihat arah aliran uang negara. Pada semester I-2026, realisasi Transfer ke Daerah sekitar Rp 357,4 triliun. Pada periode yang sama tahun sebelumnya jumlahnya sekitar Rp 402,5 triliun. Turun 11,2 persen.
Pagu TKD dalam APBN 2026 berada pada kisaran Rp 693 triliun, sementara pagu awal TKD 2025 sekitar Rp 919,9 triliun. Selisihnya lebih dari Rp 200 triliun.
Memang, APBN 2025 kemudian mengalami berbagai penyesuaian dan efisiensi, sehingga membandingkan dua pagu awal tidak otomatis berarti sejumlah uang tertentu “hilang” dari daerah.
Namun, arah perubahannya jelas: ruang fiskal yang langsung berada dalam kendali pemerintah daerah menyempit.
Di sini ada perbedaan yang sering hilang dari percakapan publik. Uang pemerintah pusat yang dibelanjakan di daerah tidak sama dengan uang yang dikelola daerah.",Kompas Money,Financial,2026-08-09,Negative,"Reports a financial loss, decline, layoff, fraud, or crisis-related event."
Ketika Kelas Menengah Jadi Rem Pertumbuhan,"Al Arif merupakan dosen dan peneliti di UIN Syarif Hidayatullah dan CSEAS Indonesia
Al Arif merupakan dosen dan peneliti di UIN Syarif Hidayatullah dan CSEAS Indonesia
Artikel ini adalah kolom, seluruh isi dan opini merupakan pandangan pribadi penulis dan bukan cerminan sikap redaksi.
HARI ini muncul paradoks dalam perekonomian Indonesia. Angka pertumbuhan ekonomi masih terlihat cukup meyakinkan, tetapi sebagian masyarakat justru merasa perlu semakin berhati-hati dalam menjalani kehidupan.
Ekonomi tumbuh, tetapi keputusan untuk membeli rumah ditunda. Pendapatan masih diterima, tetapi cicilan harus dihitung ulang.
Rekreasi dikurangi, makan di luar juga dikurangi, bahkan pembelian barang tahan lama seperti kendaraan dan peralatan rumah tangga dipikirkan berkali-kali.
Di sinilah kita menemukan persoalan yang jauh lebih serius daripada sekadar melemahnya konsumsi.
Kelas menengah di Indonesia sedang mengalami perubahan perilaku ekonomi. Mereka tidak berhenti berbelanja karena tidak memiliki kebutuhan, melainkan karena semakin berhati-hati terhadap masa depan.
Persoalannya, kelas menengah bukan sekadar kelompok sosial. Dalam ekonomi modern, mereka merupakan salah satu mesin utama konsumsi domestik.
Ketika mesin ini mulai mengurangi putaran, dampaknya tidak berhenti di tingkat rumah tangga saja.
Dampaknya dapat merambat ke pusat perbelanjaan, restoran, industri otomotif, properti, jasa pendidikan, pariwisata, hingga usaha mikro dan kecil yang hidup dari konsumsi masyarakat.
Karena itu, persoalan kelas menengah sesungguhnya bukan hanya persoalan kesejahteraan. Kondisi ini merupakan persoalan terkait dengan pertumbuhan ekonomi .
Badan Pusat Statistik (BPS) baru saja mencatat ekonomi Indonesia pada triwulan II-2026 tumbuh 5,29 persen secara tahunan. Angka ini memang masih menunjukkan bahwa perekonomian nasional relatif resilien.
Secara kumulatif, ekonomi semester I 2026 tumbuh 5,45 persen. Namun, angka pertumbuhan agregat tidak selalu mampu menangkap bagaimana masyarakat merasakan perekonomian dalam kehidupan sehari-hari.
Pertumbuhan 5,29 persen tentu merupakan kabar baik. Namun, pertanyaan yang lebih penting adalah siapa yang menikmati pertumbuhan tersebut dan bagaimana pertumbuhan itu mengubah kemampuan masyarakat untuk mengonsumsi, menabung, berinvestasi, dan memperbaiki kualitas hidup?
Pertanyaan ini menjadi semakin relevan ketika kita melihat perkembangan kelas menengah.
BPS mencatat bahwa pada 2019 terdapat sekitar 57,33 juta penduduk yang masuk kategori kelas menengah atau 21,45 persen dari populasi.
Pada 2024, jumlah tersebut turun menjadi sekitar 47,85 juta orang atau hanya 17,13 persen. Data ini menunjukkan bahwa dalam lima tahun terjadi penyusutan sekitar 9,48 juta orang.
Pada saat yang sama, kelompok aspiring middle class atau masyarakat yang menuju kelas menengah justru meningkat.
Jumlahnya pada 2024 mencapai sekitar 137,50 juta orang atau 49,22 persen dari penduduk, naik dari 128,85 juta orang pada 2019.
Secara sekilas, fenomena ini dapat dipahami secara positif. Kelompok menuju kelas menengah masih sangat besar. Hal ini terkesan menunjukkan bahwa Indonesia memiliki basis masyarakat yang berpotensi naik kelas.
Namun, ada sisi lain yang tidak boleh diabaikan. Sebagian masyarakat yang sebelumnya relatif mapan justru bergerak ke bawah. Mereka belum tentu miskin, tetapi semakin jauh dari rasa aman ekonomi.
Mereka berada di wilayah abu-abu, yaitu pendapatan cukup untuk memenuhi kebutuhan sehari-hari, tetapi belum cukup kuat untuk menghadapi guncangan seperti kehilangan pekerjaan, biaya kesehatan, pendidikan anak, kenaikan harga pangan, atau meningkatnya cicilan. Inilah kelompok yang sesungguhnya perlu mendapatkan perhatian lebih besar.
Kita perlu memahami satu hal penting: kelas menengah tidak serta-merta berhenti mengonsumsi ketika kondisi ekonominya memburuk. Mereka melakukan sesuatu yang jauh lebih halus, yaitu melakukan downtrading.
Mereka tetap makan di luar, tetapi memilih restoran yang lebih murah. Tetap berlibur, tetapi lebih dekat dan lebih singkat.
Tetap membeli pakaian, tetapi menunggu diskon. Tetap menggunakan kendaraan, tetapi menunda pembelian mobil baru. Tetap ingin memiliki rumah, tetapi menunda keputusan karena khawatir dengan cicilan.
Dengan kata lain, kelas menengah mulai mengubah fungsi konsumsi dari sekadar keinginan menjadi kebutuhan.
Perubahan perilaku ini sangat penting karena konsumsi rumah tangga merupakan komponen besar dalam perekonomian Indonesia.
BPS menunjukkan bahwa kelompok kelas menengah dan menuju kelas menengah pada 2024 mencakup 66,35 persen penduduk, tetapi kontribusi konsumsi kedua kelompok tersebut mencapai 81,49 persen dari total konsumsi masyarakat.
Angka tersebut menjelaskan mengapa persoalan kelas menengah tidak dapat dianggap sebagai isu sosial semata.
Ketika kelompok ini kuat, kelompok ini dapat menjadi bantalan perekonomian. Ketika daya belinya melemah, ia berpotensi menjadi rem bagi pertumbuhan.
Di sinilah paradoksnya. Kelas menengah yang sehat merupakan konsumen utama. Namun, kelas menengah yang merasa tidak aman akan menjadi konsumen yang sangat berhati-hati.
Mereka tetap membeli, tetapi lebih sedikit. Mereka tetap membayar, tetapi mengurangi kualitas. Mereka tetap merencanakan masa depan, tetapi menunda-nunda keputusan.
Dalam ekonomi yang sangat bergantung pada permintaan domestik, akumulasi keputusan kecil tersebut dapat menghasilkan konsekuensi makro yang besar.
Terdapat kecenderungan untuk mengatakan bahwa konsumsi masyarakat masih baik selama konsumsi rumah tangga secara agregat masih tumbuh. Persoalannya, angka agregat dapat menyembunyikan perubahan perilaku dalam kelompok masyarakat.",Kompas Money,Financial,2026-08-11,Negative,"Reports a financial loss, decline, layoff, fraud, or crisis-related event."
"Kenaikan Suku Bunga Jadi ""Momok"" buat Industri Multifinance","Jakarta, CNBC Indonesia - Deputi Komisioner Pengawas Lembaga Pembiayaan, Modal Ventura, LKM dan LJK lainnya OJK, Jasmi buka-bukaan soal tantangan industri multifinance di tahun ini. Salah satu tantangan besar yang dikhawatirkan yakni terkait suku bunga.
Seperti diketahui, saat ini modal atau ekuitas perusahaan multifinance banyak bersumber dari perbankan. Artinya, jika suku bunga perbankan naik cost atau biaya perusahaan multifinance juga membengkak.
Sekadar informasi, Bank Indonesia (BI) telah menaikkan suku bunga acuan ( BI-Rate ) sebanyak tiga kali pada tahun ini dengan total kenaikan sebesar 100 basis poin (bps). Terakhir, Rapat Dewan Gubernur (RDG) Bank Indonesia pada 21-22 Juli 2026 memutuskan untuk menahan BI-Rate di level 5,75%.
"" Tantangan yang kita hadapi bersama pada saat ini salah satunya tentu adalah bagaimana menyikapi salah satu adalah terkait dengan perubahan suku bunga. Karena kita tahu bahwa dari sisi bisnis di multi-finance selain dari ekuitas tentunya adalah support dari pendanaan dari lembaga jasa keuangan lainnya,"" ujar Jasmi dalam Multifinance CEO Gathering, Selasa (11/6/2026).
Kenaikan suku bunga sendiri tidak bisa dihindari, seiring ketidakpastian ekonomi global yang masih menghantui.
Jasmi pun berharap kondisi ini tidak akan berlangsung lama, sehingga daya beli masyarakat ke depan bisa tetap terjaga.
""Mudah-mudahan tidak terlalu tinggi dan tidak terlalu lama. Dengan demikian mudah-mudahan nanti juga bisa dampaknya terukur dengan baik,"" pungkasnya.",CNBC Indonesia,Business,2026-08-11,Negative,"Reports a financial loss, decline, layoff, fraud, or crisis-related event."
"Sejarah Hari Konstitusi Republik Indonesia, Diperingati 18 Agustus 2026","Halo,
Profile
Kirim Images
Logout
Masuk ke akun Anda
Belum punya akun? Daftar Akun
Pedoman Media Siber
Hubungi Kami
Privacy Policy
Redaksi
Download TribunX untuk Android & iOS
Ringkasan Berita: Hari Konstitusi Republik Indonesia diperingati setiap 18 Agustus untuk mengenang pengesahan UUD 1945 oleh PPKI pada 18 Agustus 1945. Pada sidang tersebut, PPKI juga memilih Soekarno sebagai Presiden dan Mohammad Hatta sebagai Wakil Presiden. Hari Konstitusi secara resmi ditetapkan melalui Keppres Nomor 18 Tahun 2008. Peringatan ini menjadi momentum untuk memahami dan menghargai UUD NKRI 1945 sebagai landasan kehidupan berbangsa dan bernegara. TRIBUNNEWS.COM - Hari Konstitusi Republik Indonesia diperingati pada hari Selasa, 18 Agustus 2026. Tanggal ini memiliki makna penting karena sehari setelah Proklamasi Kemerdekaan pada 17 Agustus 1945, para pendiri bangsa segera membentuk dasar hukum bagi negara yang baru merdeka. Pada 18 Agustus 1945, Panitia Persiapan Kemerdekaan Indonesia (PPKI) mengesahkan Undang-Undang Dasar Tahun 1945 (UUD 1945) sebagai konstitusi negara. Peristiwa tersebut menjadi salah satu tonggak penting dalam perjalanan ketatanegaraan Indonesia. Proklamasi pada 17 Agustus 1945 menandai lahirnya Indonesia sebagai negara merdeka. Namun, kemerdekaan tersebut perlu segera dilengkapi dengan perangkat ketatanegaraan agar negara dapat menjalankan pemerintahan secara teratur. Karena itu, pada 18 Agustus 1945 PPKI menggelar sidang dan mengambil sejumlah keputusan penting bagi negara yang baru berdiri. Dalam sidang tersebut, PPKI mengesahkan UUD 1945 , sekaligus memilih Soekarno sebagai Presiden dan Mohammad Hatta sebagai Wakil Presiden. PPKI juga mengambil keputusan penting lainnya untuk mendukung penyelenggaraan pemerintahan Indonesia pada masa awal kemerdekaan. Pengesahan UUD 1945 memiliki arti yang sangat penting karena konstitusi menjadi landasan fundamental dalam penyelenggaraan kehidupan berbangsa dan bernegara. Konstitusi mengatur berbagai hal mendasar mengenai negara, pemerintahan, hak dan kewajiban warga negara, serta hubungan antara lembaga-lembaga negara. Baca juga: Upacara 17 Agustus Tak Hanya untuk yang Muda, Puluhan Lansia Jadi Tamu Kehormatan Perjalanan UUD 1945 Setelah Disahkan Meskipun disahkan pada 18 Agustus 1945, perjalanan UUD 1945 tidak selalu berlangsung tanpa perubahan. Dalam perjalanan sejarah ketatanegaraan Indonesia, UUD 1945 sempat tidak berlaku ketika Indonesia menggunakan Konstitusi Republik Indonesia Serikat (RIS) 1949, kemudian Undang-Undang Dasar Sementara (UUDS) 1950. Setelah melalui dinamika politik dan ketatanegaraan, UUD 1945 kembali diberlakukan melalui Dekrit Presiden 5 Juli 1959. UUD 1945 kemudian tetap menjadi konstitusi Indonesia hingga era Reformasi, ketika dilakukan empat tahap perubahan pada periode 1999–2002.
Tanggal ini memiliki makna penting karena sehari setelah Proklamasi Kemerdekaan pada 17 Agustus 1945, para pendiri bangsa segera membentuk dasar hukum bagi negara yang baru merdeka.
Pada 18 Agustus 1945, Panitia Persiapan Kemerdekaan Indonesia (PPKI) mengesahkan Undang-Undang Dasar Tahun 1945 (UUD 1945) sebagai konstitusi negara.
Peristiwa tersebut menjadi salah satu tonggak penting dalam perjalanan ketatanegaraan Indonesia.
Proklamasi pada 17 Agustus 1945 menandai lahirnya Indonesia sebagai negara merdeka.
Namun, kemerdekaan tersebut perlu segera dilengkapi dengan perangkat ketatanegaraan agar negara dapat menjalankan pemerintahan secara teratur.
Karena itu, pada 18 Agustus 1945 PPKI menggelar sidang dan mengambil sejumlah keputusan penting bagi negara yang baru berdiri.
Dalam sidang tersebut, PPKI mengesahkan UUD 1945 , sekaligus memilih Soekarno sebagai Presiden dan Mohammad Hatta sebagai Wakil Presiden.
PPKI juga mengambil keputusan penting lainnya untuk mendukung penyelenggaraan pemerintahan Indonesia pada masa awal kemerdekaan.
Pengesahan UUD 1945 memiliki arti yang sangat penting karena konstitusi menjadi landasan fundamental dalam penyelenggaraan kehidupan berbangsa dan bernegara.
Konstitusi mengatur berbagai hal mendasar mengenai negara, pemerintahan, hak dan kewajiban warga negara, serta hubungan antara lembaga-lembaga negara.
Meskipun disahkan pada 18 Agustus 1945, perjalanan UUD 1945 tidak selalu berlangsung tanpa perubahan.
Dalam perjalanan sejarah ketatanegaraan Indonesia, UUD 1945 sempat tidak berlaku ketika Indonesia menggunakan Konstitusi Republik Indonesia Serikat (RIS) 1949, kemudian Undang-Undang Dasar Sementara (UUDS) 1950.
Setelah melalui dinamika politik dan ketatanegaraan, UUD 1945 kembali diberlakukan melalui Dekrit Presiden 5 Juli 1959.
UUD 1945 kemudian tetap menjadi konstitusi Indonesia hingga era Reformasi, ketika dilakukan empat tahap perubahan pada periode 1999–2002.
Isi komentar sepenuhnya adalah tanggung jawab pengguna dan diatur dalam UU ITE.",Tribun,General,2026-08-18,Neutral,Informational or procedural content with no clear positive or negative financial implication.
"Pendaftaran CPNS Jalur Sekolah Kedinasan Dibuka Hari Ini 18 Agustus 2026, Begini Cara Daftarnya","JAKARTA - Pendaftaran CPNS jalur sekolah kedinasan dibuka hari ini, Selasa 18 Agustus 2026. Badan Kepegawaian Negara (BKN) telah menetapkan jadwal penerimaan peserta didik Sekolah Kedinasan Tahun 2026. Berdasarkan Surat Kepala BKN Nomor 5249/B-KS.04.01/SD/K/2026 tanggal 12 Agustus 2026, rangkaian seleksi akan dimulai dengan pengumuman seleksi pada 15 Agustus 2026 dan pendaftaran dibuka mulai 18 Agustus 2026. Jadwal tersebut menjadi pedoman bagi sembilan kementerian/lembaga penyelenggara Sekolah Kedinasan dalam melaksanakan seluruh tahapan penerimaan peserta didik Tahun 2026. Sembilan kementerian/lembaga penyelenggara Sekolah Kedinasan Tahun 2026 meliputi Kementerian Keuangan, Kementerian Dalam Negeri, Kementerian Perhubungan, Kementerian Imigrasi dan Pemasyarakatan, Kementerian Hukum, Badan Pusat Statistik (BPS), Badan Intelijen Negara (BIN), Badan Siber dan Sandi Negara (BSSN), serta Badan Meteorologi, Klimatologi, dan Geofisika (BMKG). Jadwal Lengkap CPNS Jalur Kedinasan 2026 Mengacu pada jadwal yang telah ditetapkan, pengumuman seleksi berlangsung pada 15–24 Agustus 2026. Selanjutnya, pendaftaran seleksi dibuka pada 18–30 Agustus 2026, bersamaan dengan pelaksanaan seleksi administrasi pada 18 Agustus–1 September 2026. Hasil seleksi administrasi akan diumumkan pada 2–3 September 2026. Peserta yang memiliki keberatan terhadap hasil seleksi diberikan kesempatan mengajukan sanggah pada 4–5 September 2026, yang kemudian dijawab pada 4–6 September 2026. Hasil pasca sanggah dijadwalkan diumumkan pada 7–8 September 2026. Setelah tahapan administrasi, rangkaian seleksi dilanjutkan dengan proses penerbitan kodebillingserta pembayaran PNBP untuk Seleksi Kompetensi Dasar (SKD) menggunakanComputer Assisted Test(CAT) BKN. Proses tersebut berlangsung pada September 2026, sebelum peserta mengikuti SKD CAT BKN yang dijadwalkan pada 22 September–7 Oktober 2026. Setelah pelaksanaan SKD, pengolahan nilai dijadwalkan berlangsung pada 27 September–10 Oktober 2026. Sementara itu, pengumuman hasil SKD dilakukan secara bertahap pada 1–13 Oktober 2026. Peserta yang lolos SKD kemudian mengikuti seleksi lanjutan non-CAT BKN pada 11–28 Oktober 2026. Untuk instansi yang mengajukan seleksi lanjutan menggunakan metode CAT BKN, tahapan pembayaran PNBP, validasi data, penjadwalan, hingga pelaksanaan seleksi lanjutan juga telah ditetapkan dalam jadwal penerimaan. Pengumuman kelulusan akhir oleh kementerian/lembaga dijadwalkan berlangsung pada 21 Oktober–1 November 2026. Kepala BKN Zudan Arif Fakrulloh menyampaikan jadwal yang telah ditetapkan agar menjadi pedoman dan komitmen bersama bagi kementerian/lembaga penyelenggara untuk melaksanakan seluruh tahapan seleksi sesuai waktu yang telah ditentukan. “Dengan ditetapkannya jadwal tersebut, calon peserta dapat mempersiapkan diri sekaligus mencermati setiap tahapan dan ketentuan seleksi yang ditetapkan oleh masing-masing kementerian/lembaga penyelenggara Sekolah Kedinasan Tahun 2026,” pungkasnya.
© 2007 - 2026 Okezone.com, All Rights Reserved",Okezone,Business,2026-08-18,Neutral,Informational or procedural content with no clear positive or negative financial implication.
"Syarat & Cara Pengajuan Kartu Kredit Indonesia, Simak Penjelasan BI!","Jakarta, CNBC Indonesia - Bank Indonesia (BI) memastikan bahwa individu maupun pelaku usaha dapat menggunakan Kartu Kredit Indonesia (KKI) Segmen Ritel, baik untuk layanan konvensional maupun syariah.
Masyarakat dapat mengajukan KKI dengan cara mendaftar kepada Penyedia Jasa Pembayaran (PJP) penerbit KKI. Adapun proses pengajuan, verifikasi, persetujuan, dan aktivasi KKI mengikuti prosedur serta kebijakan masing-masing PJP penerbit.
Pada implementasi tahap awal, terdapat tujuh PJP first mover penerbit KKI, yaitu BCA, Bank Mandiri, BNI, BRI, CIMB Niaga, Permata Bank, dan Bank Mega serta 1 (satu) PJP next mover yaitu BSI yang dapat menerbitkan KKI.
KKI merupakan bagian dari APMK yang telah diatur dalam Peraturan Anggota Dewan Gubernur Nomor 32 Tahun 2025 tentang Pengaturan Industri Sistem Pembayaran. Berdasarkan ketentuan yang berlaku saat ini, persyaratan calon pengguna antara lain:
a. Batas minimum usia calon Pemegang Kartu Kredit utama adalah 21 (dua puluh satu) tahun atau telah kawin; dan
b. Batas minimum usia calon Pemegang Kartu Kredit tambahan adalah 17 (tujuh belas) tahun atau telah kawin
c. Memiliki pendapatan minimal Rp3 juta per bulan setelah dikurangi kewajiban,
d. Serta memenuhi proses penilaian kelayakan dan manajemen risiko PJP penerbit.
PJP dapat meminta informasi atau dokumen tambahan sesuai dengan proses penilaian kredit yang berlaku pada masing-masing PJP.
Plafon kredit dan batas kepemilikan KKI Segmen Ritel mengikuti ketentuan terkait kartu kredit yang berlaku serta penilaian kredit yang berlaku pada masing -masing PJP .
Mekanisme transaksi menggunakan KKI dengan cara pengguna kartu kredit memilih fitur QRIS baik QRIS MPM, QRIS CPM dan QRIS TAP pada aplikasi pembayaran, lalu memilih KKI sebagai sumber dana selanjutnya melakukan transaksi QRIS seperti biasa.
Transaksi QRIS dapat dilakukan dengan memindai QR code di merchant offline , menampilkan QRIS CPM, maupun mendekatkan ponsel pada terminal pembayaran QRIS TAP .
Pejabat Gubernur Sementara BI, Destry Damayanti mengatakan bahwa KKI sebagai alternatif instrumen deferred payment domestik yang efisien, prudent, dan terintergrasi dengan infrastruktur pembayaran nasional.
""Kehadiran skema domestik ini memberikan ruang yang lebih luas bagi pelaku usaha untuk masuk dalam ekosistem digital dan menyediakan alternatif fasilitas usaha untuk penopang konsumsi masyarakat,"" ungkap dia dalam Peluncuran Perluasan MDR QRIS 0% dan Implementasi Kartu Kredit Indonesia (KKI) Segmen Ritel di Jakarta, Senin (17/8/2026).",CNBC Indonesia,Business,2026-08-18,Neutral,Informational or procedural content with no clear positive or negative financial implication.
"Jadwal KRL Jogja-Solo pada 18, 19, dan 20 Agustus 2026","Penulis
KOMPAS.com – Bagi pengguna KRL arah Yogyakarta ke Solo pekan ini, penting mengetahui jadwal KRL Jogja Solo terbaru agar bisa merencanakan perjalanan masing-masing.
Jadwal KRL Jogja Solo kembali normal setelah adanya tambahan perjalanan selama libur panjang akhir pekan lalu.
Penumpang bisa naik-turun di sejumlah stasiun seperti Tugu Yogyakarta, Lempuyangan, Maguwo, Brambanan, Klaten, Delanggu, Purwosari, Solo Balapan, hingga Palur.
Simak selengkapnya jadwal KRL Jogja-Solo pada 18, 19, dan 20 Agustus 2026.
Dilansir dari informasi resmi PT KAI Commuter, berikut jadwal KRL Jogja Solo pada Selasa (18/8/2026), Rabu (19/8/2026), dan Kamis (20/8/2026) dari Tugu ke Palur:
Itulah jadwal KRL Jogja Solo, termasuk jadwal KRL Jogja Klaten pada 18, 19, dan 20 Agustus 2026 yang dapat Anda jadikan referensi perjalanan agar lebih efisien dan tidak ketinggalan kereta.
Saudara-saudara kita di Nusa Tenggara Timur tengah dirundung duka karena gempa M 7,7. Mari kita mengulurkan tangan untuk membantu meringankan beban yang sedang mereka hadapi. Kirim bantuan Anda melalui tautan https://bit.ly/BantuWargaNTT",Kompas Money,Financial,2026-08-18,Neutral,Informational or procedural content with no clear positive or negative financial implication.
"Jadwal KRL Solo-Jogja pada 18, 19, dan 20 Agustus 2026","Penulis
KOMPAS.com - Mau bepergian naik KRL arah Solo ke Yogyakarta pekan ini? Pahami jadwal KRL Solo Jogja terbaru agar tidak ketinggalan kereta.
Operasional KRL Solo Jogja kembali normal setelah adanya tiga tambahan perjalanan selama libur panjang akhir pekan lalu.
KRL relasi ini berhenti di sejumlah stasiun strategis seperti Palur, Solo Balapan, Purwosari, Delanggu, Klaten, Brambanan, Maguwo, Lempuyangan, hingga Tugu Yogyakarta.
Simak selengkapnya jadwal KRL Solo-Jogja pada 18, 19, dan 20 Agustus 2026.
Berdasarkan informasi resmi PT KAI , jadwal KRL Solo Jogja pada Selasa (18/8/2026), Rabu (19/8/2026), dan Kamis (20/8/2026) dari Palur ke Tugu Yogyakarta sebagai berikut:
Itulah jadwal KRL Solo-Jogja pada 18, 19, dan 20 Agustus 2026. Pastikan selalu mengecek jadwal KRL Solo Jogja sebelum berangkat agar tidak ketinggalan kereta.
Saudara-saudara kita di Nusa Tenggara Timur tengah dirundung duka karena gempa M 7,7. Mari kita mengulurkan tangan untuk membantu meringankan beban yang sedang mereka hadapi. Kirim bantuan Anda melalui tautan https://bit.ly/BantuWargaNTT",Kompas Money,Financial,2026-08-18,Neutral,Informational or procedural content with no clear positive or negative financial implication.
"Profil Neeltje Deliana, Siswi Papua yang Bawa Baki Penurunan Bendera di Istana","Neeltje Deliana Insjowi Werimon, siswi SMA Negeri 8 Kota Jayapura, Papua, dipercaya menjadi pembawa baki pada upacara penurunan bendera Merah Putih dalam peringatan HUT ke-81 RI di Istana Merdeka, Senin (17/8).
Bagaimana Profil Neeltje?
Gadis yang lahir pada 15 Mei 2010 itu mewakili Provinsi Papua sebagai anggota Paskibraka Nasional 2026 bersama Johanes Matius Paulus Rumsayor.
Neeltje yang akrab disapa Nel itu, memiliki darah Papua, Belanda, Maluku, dan Sunda. Dia adalah anak dari Aiwoisendin Hendrik Werimon dan Steffi Edithya Florence Awom.
Dalam formasi Tim Indonesia Adil Makmur yang bertugas pada upacara penurunan bendera, Neeltje menempati posisi sentral sebagai pembawa baki Sang Merah Putih.
Dia lolos setelah melewati seleksi ketat bertahap mulai dari tingkat kota, provinsi, hingga nasional yang diikuti puluhan ribu peserta.
Di sekolahnya, ia juga aktif berorganisasi dan pernah menjabat sebagai Ketua OSIS, yang menjadi bagian dari rekam jejak kepemimpinannya sebelum terpilih ke Paskibraka. Dia diketahui juga Pernah bersekolah di Amerika Serikat.",Kumparan,General,2026-08-17,Neutral,Informational or procedural content with no clear positive or negative financial implication.
"Profil Aida S Budiman, Karier Panjang di BI hingga Diusulkan Jadi Deputi Gubernur Senior","Penulis
JAKARTA, KOMPAS.com - Presiden Prabowo Subianto mengusulkan Aida S Budiman sebagai calon Deputi Gubernur Senior Bank Indonesia (BI) kepada Dewan Perwakilan Rakyat (DPR) RI.
Usulan tersebut disampaikan bersamaan dengan pengajuan tiga nama lainnya untuk mengisi posisi di Dewan Gubernur BI .
Ketua DPR RI Puan Maharani mengatakan, Presiden mengusulkan Destry Damayanti sebagai calon Gubernur BI, Aida S. Budiman sebagai calon Deputi Gubernur Senior BI , serta Solikin M Juhro dan Anwar Bashori sebagai calon Deputi Gubernur BI.
KOMPAS.com/ISNA RIFKA SRI RAHAYU Deputi Gubernur BI Aida S. Budiman dalam acara Kontan Share and Learn X BI di Hotel Kempinski Jakarta, Senin (2/3/2026).
Pengusulan Aida menjadi calon Deputi Gubernur Senior dilakukan ketika dirinya masih menjabat sebagai Deputi Gubernur BI.
Dikutip dari laman resmi BI, ia telah menduduki posisi tersebut sejak Januari 2022 dan memiliki masa jabatan sampai 2027 berdasarkan Keputusan Presiden Nomor 147/P Tahun 2021.
Jika nantinya memperoleh persetujuan DPR, posisi Deputi Gubernur Senior yang akan ditempati Aida saat ini merupakan jabatan yang diemban Destry Damayanti.
Destry sendiri diusulkan Presiden Prabowo sebagai calon Gubernur BI setelah sebelumnya kembali dilantik sebagai Deputi Gubernur Senior BI untuk masa jabatan kedua pada Agustus 2024.
Berikut profil Aida S Budiman , serta perjalanan kariernya.
Aida S. Budiman lahir di Bogor pada 1965. Ia menempuh pendidikan sarjana di Institut Pertanian Bogor (IPB) pada bidang Sosial-Ekonomi Pertanian Agribisnis dan menyelesaikannya pada 1987.
Setelah itu, Aida melanjutkan pendidikan ke Amerika Serikat (AS).
Ia memperoleh gelar Master of Economics dari University of Southern California pada 1996 dan kemudian meraih gelar PhD bidang Economics dari Claremont Graduate University pada 2001.
DOK. BANK INDONESIA Deputi Gubernur Bank Indonesia (BI) Aida S Budiman.
Latar belakang pendidikan tersebut kemudian menjadi bagian dari perjalanan panjang Aida di BI.
Aida mengembangkan karier di bank sentral dengan pengalaman di bidang ekonomi dan moneter, kebijakan internasional, hingga kebijakan strategis sektor moneter.
Aida memulai kariernya di Bank Indonesia pada 1991. Dalam perjalanan kariernya, ia pernah menduduki sejumlah posisi strategis sebelum masuk ke jajaran Dewan Gubernur BI.
Salah satu posisi penting yang pernah dijabat Aida adalah Kepala Departemen Internasional BI pada periode 2014-2018. Setelah itu, ia menjabat sebagai Direktur Eksekutif Departemen Kebijakan Ekonomi dan Moneter (DKEM).",Kompas Money,Financial,2026-08-13,Neutral,Informational or procedural content with no clear positive or negative financial implication.
"Profil Nasaruddin Umar, Menteri Agama yang Berpeluang Jadi Calon Ketua Umum PBNU","Halo,
Profile
Kirim Images
Logout
Masuk ke akun Anda
Belum punya akun? Daftar Akun
Pedoman Media Siber
Hubungi Kami
Privacy Policy
Redaksi
Download TribunX untuk Android & iOS
Ringkasan Berita: Menteri Agama K.H. Nasaruddin Umar dikabarkan masuk dalam bursa calon Ketua Umum PBNU . Pemilihan Ketua Umum PBNU akan diadakan saat Muktamar Ke-35 NU di Jombang. Sejumlah PCNU dan PWNU telah menyatakan dukungan kepada Nasaruddin Umar . TRIBUNNEWS.COM - Menteri Agama K.H. Nasaruddin Umar disebut-sebut berpeluang maju menjadi calon Ketua Umum Pengurus Besar Nahdlatul Ulama (PBNU). Adapun Ketua Umum PBNU baru akan dipilih dalam Muktamar Ke-35 NU yang digelar pada tanggal 27–31 Agustus 2026 di Pondok Pesantren Tambakberas, Kabupaten Jombang, Jawa Timur. Selain Nasaruddin, nama-nama yang mengemukan sebagai calon ketua umum antara lain Ketua Umum PBNU K.H. Yahya Cholil Staquf (Gus Yahya), Ketua PWNU Jawa Timur K.H. Abdul Hakim Mahfudz (Gus Kikin), Wakil Ketua Umum PBNU K.H. Zulfa Mustofa, dan K.H. Abdul Ghaffar Rozin atau Gus Rozin. Beberapa wilayah yang telah menyatakan dukungan kepada Nasaruddin antara lain PWNU Kalimantan Selatan, PCNU Palopo, PCNU Wajo, dan PCNU Bulukumba, Meski demikian, sampai sekarang belum ada satu pun figur calon yang benar-benar mengunci basis suara atau tampil mendominasi arena persaingan. Sementara itu, Nasaruddin merespons singkat isu yang menyebutkan dirinya akan maju sebagi calon Ketum PBNU . ""Nanti saja,"" kata Nasaruddin singkat setelah rapat di Kantor Kementerian Koordinator Bidang Pangan, Jakarta, Rabu, (29/7/2026). Profil Nasaruddin Umar Nasaruddin Umar lahir di Ujung Bone, Sulawesi Selatan, pada tanggal 23 Juni 1959. Dia menikah dengan Helmi Halimatul Udhma dan dikaruniai tiga anak, yaitu Andi Nizar Nasaruddin Umar , Andi Rizal Nasaruddin Umar , dan Cantik Najda Nasaruddin Umar . Nasaruddin menghabiskan masa kecilnya di Sulawesi Selatan dan menimba ilmu di berbagai tempat. Salah satunya di Pondok Pesantren As'adiyah yang berpusat di Sengkang, Wajo. Ponpes ini merupakan lembaga pendidikan tertua di Sulawesi Selatan yang didirikan oleh ulama besar Sulawesi Selatan, AGH Muhammad As'ad al-Bugisi gelar Puang Aji Sade. Baca juga: Profil K.H. Abdul Ghaffar Rozin, Calon Ketua Umum PBNU, Pernah Jadi Wasekjen MUI Setelah lulus dari Pondok Pesantren As'adiyah, Nasaruddin lantas melanjutkan pendidikan di IAIN Alauddin Ujung Pandang jurusan Fakultas Syari'ah pada 1980 dan mendapat penghargaan sebagai mahasiswa teladan. Nasaruddin Umar lantas melanjutkan pendidikan IAIN Syarif Hidayatullah Jakarta baik di jenjang strata 2 (S-2) maupun jenjang strata 3 (S-3). Dia juga pernah menjadi mahasiswa di Kanada dan Belanda saat menjalani program doktoral.
Adapun Ketua Umum PBNU baru akan dipilih dalam Muktamar Ke-35 NU yang digelar pada tanggal 27–31 Agustus 2026 di Pondok Pesantren Tambakberas, Kabupaten Jombang, Jawa Timur.
Selain Nasaruddin, nama-nama yang mengemukan sebagai calon ketua umum antara lain Ketua Umum PBNU K.H. Yahya Cholil Staquf (Gus Yahya), Ketua PWNU Jawa Timur K.H. Abdul Hakim Mahfudz (Gus Kikin), Wakil Ketua Umum PBNU K.H. Zulfa Mustofa, dan K.H. Abdul Ghaffar Rozin atau Gus Rozin.
Beberapa wilayah yang telah menyatakan dukungan kepada Nasaruddin antara lain PWNU Kalimantan Selatan, PCNU Palopo, PCNU Wajo, dan PCNU Bulukumba,
Meski demikian, sampai sekarang belum ada satu pun figur calon yang benar-benar mengunci basis suara atau tampil mendominasi arena persaingan.
Sementara itu, Nasaruddin merespons singkat isu yang menyebutkan dirinya akan maju sebagi calon Ketum PBNU .
""Nanti saja,"" kata Nasaruddin singkat setelah rapat di Kantor Kementerian Koordinator Bidang Pangan, Jakarta, Rabu, (29/7/2026).
Nasaruddin Umar lahir di Ujung Bone, Sulawesi Selatan, pada tanggal 23 Juni 1959.
Dia menikah dengan Helmi Halimatul Udhma dan dikaruniai tiga anak, yaitu Andi Nizar Nasaruddin Umar , Andi Rizal Nasaruddin Umar , dan Cantik Najda Nasaruddin Umar .
Nasaruddin menghabiskan masa kecilnya di Sulawesi Selatan dan menimba ilmu di berbagai tempat.
Salah satunya di Pondok Pesantren As'adiyah yang berpusat di Sengkang, Wajo. Ponpes ini merupakan lembaga pendidikan tertua di Sulawesi Selatan yang didirikan oleh ulama besar Sulawesi Selatan, AGH Muhammad As'ad al-Bugisi gelar Puang Aji Sade.
Setelah lulus dari Pondok Pesantren As'adiyah, Nasaruddin lantas melanjutkan pendidikan di IAIN Alauddin Ujung Pandang jurusan Fakultas Syari'ah pada 1980 dan mendapat penghargaan sebagai mahasiswa teladan.
Nasaruddin Umar lantas melanjutkan pendidikan IAIN Syarif Hidayatullah Jakarta baik di jenjang strata 2 (S-2) maupun jenjang strata 3 (S-3).
Dia juga pernah menjadi mahasiswa di Kanada dan Belanda saat menjalani program doktoral.
Isi komentar sepenuhnya adalah tanggung jawab pengguna dan diatur dalam UU ITE.",Tribun,General,2026-08-12,Neutral,Informational or procedural content with no clear positive or negative financial implication.
"PT Succofindo Buka Lowongan Kerja hingga 20 Agustus 2026, Cek Syaratnya","Penulis
JAKARTA, KOMPAS.com – PT SUCOFINDO (Persero) membuka lowongan kerja untuk posisi QHSE (Quality, Health, Safety & Environment) Officer dengan status Pegawai Tidak Tetap (PTT).
Lowongan kerja ini ditujukan bagi kandidat yang memiliki kompetensi di bidang kesehatan dan keselamatan kerja, lingkungan, kimia, maupun bidang relevan lainnya.
Dikutip dari akun Instagram @sucofindoofficial, Rabu (12/8/2026), posisi tersebut ditempatkan di Laboratorium Site PT Sulawesi Cahaya Mineral (SCM), Konawe Utara, Sulawesi Tenggara.
Berikut persyaratan dan link pendaftaran lowongan kerja di PT SUCOFINDO (Persero)
Posisi yang dibuka adalah QHSE Officer dengan status Pegawai Tidak Tetap (PTT).
Kandidat yang diterima nantinya bertugas memastikan aktivitas laboratorium berjalan sesuai standar QHSE, termasuk aspek kualitas, kesehatan, keselamatan kerja, dan lingkungan.
Berikut persyaratan yang harus dipenuhi:
Perusahaan menyebut hanya kandidat yang memenuhi persyaratan yang akan dipanggil untuk mengikuti tahapan seleksi secara daring melalui Zoom.
Kandidat yang memiliki pengalaman bekerja di laboratorium pertambangan, mineral, atau smelter nikel menjadi nilai tambah.
QHSE Officer akan bertanggung jawab memastikan seluruh aktivitas laboratorium memenuhi standar yang telah ditetapkan.
Beberapa tugas yang akan dijalankan antara lain:
Bagi Anda yang berminat dengan lowongan kerja di atas dan memenuhi kualifikasi, dapat melakukan pendaftaran melalui laman karier resmi SUCOFINDO di https://www.sucofindo.co.id/career/.
Batas waktu penerimaan lamaran untuk posisi QHSE Officer adalah 20 Agustus 2026.
Sementara itu, target seluruh posisi sudah onsite paling lambat 1 September 2026.
Proses rekrutmen dilakukan secara paralel dan terpusat melalui formulir yang disediakan SUCOFINDO untuk mempermudah pengumpulan data kandidat.
SUCOFINDO juga mengingatkan pelamar untuk memastikan informasi rekrutmen berasal dari kanal resmi perusahaan.
Perusahaan menegaskan tidak melakukan pungutan dalam bentuk apa pun dalam proses rekrutmen. SUCOFINDO juga mengingatkan masyarakat untuk berhati-hati terhadap potensi penipuan yang mengatasnamakan kegiatan rekrutmen.
Informasi resmi mengenai lowongan kerja dan proses rekrutmen dapat dipantau melalui kanal website serta media sosial resmi PT SUCOFINDO (Persero).",Kompas Money,Financial,2026-08-12,Neutral,Informational or procedural content with no clear positive or negative financial implication.
Siapa yang Berhak Dapat Pembebasan Pajak Rumah? Ini Syaratnya,"JAKARTA – Wajib pajak bisa mengajukan permohonan pembebasan Pajak Bumi dan Bangunan Perdesaan dan Perkotaan (PBB-P2) dengan mengajukan secara daring. Proses penyelesaian permohonan paling lama tiga bulan sejak pengajuan, dengan waktu penanganan bergantung pada proses verifikasi dan pemeriksaan dokumen.
Kepala Pusat Data dan Informasi Pendapatan Bapenda Jakarta Morris Danny mengatakan kepastian waktu dan informasi mengenai tahapan layanan menjadi bagian penting dalam pelayanan perpajakan daerah.
""Jangka waktu penyelesaian permohonan pembebasan PBB-P2 paling lama tiga bulan. Namun, prosesnya dapat berbeda-beda tergantung kondisi permohonan dan tahapan verifikasi yang dilakukan oleh petugas,"" ujar Morris, Selasa (11/8/2026).
Permohonan pembebasan PBB-P2 dapat diajukan secara daring melalui laman Pajak Online Jakarta. Ketentuan mengenai pemberian pembebasan berdasarkan permohonan Wajib Pajak diatur dalam Keputusan Gubernur Nomor 857 Tahun 2025 tentang Kriteria Pemberian Pengurangan dan Pembebasan PBB-P2, yang kemudian diubah melalui Keputusan Gubernur Nomor 458 Tahun 2026.
Siapa yang Bisa Mengajukan Pembebasan PBB-P2?
Pembebasan pokok PBB-P2 dapat diberikan berdasarkan permohonan Wajib Pajak atas objek pajak yang dimiliki, dikuasai, dan/atau dimanfaatkan oleh kelompok tertentu.
© 2007 - 2026 Okezone.com, All Rights Reserved",Okezone,Business,2026-08-11,Neutral,Informational or procedural content with no clear positive or negative financial implication.
"Profil Destry Damayanti, Calon Tunggal Gubernur BI Usulan Prabowo","Profil Destry Damayanti yang menjadi calon tunggal Gubernur Bank Indonesia (BI) memantik rasa penasaran publik.
Destry menjadi satu-satunya kandidat Gubernur BI yang diusulkan Presiden Prabowo Subiato kepada DPR untuk menjalani uji kelayakan dan kepatutan (fit and proper test).
Saat ini Destry menjabat pejabat sementara (Pjs) Gubernur BI, menggantikan Perry Warjiyo yang mengundurkan diri.
Menteri Sekretaris Negara Prasetyo Hadi mengatakan surat presiden (surpres) usulan Gubernur BI yang baru sudah diserahkan ke petinggi DPR RI, di antaranya Ketua DPR RI Puan Maharani dan Wakil Ketua DPR RI Sufmi Dasco Ahmad.
""Namanya tunggal, satu nama, yaitu atas nama Ibu Destry Damayanti yang sekarang beliau menjabat sebagai pejabat gubernur sementara,"" ujar Prasetyo dalam konferensi pers di Kompleks Parlemen, Senayan, Jakarta, Senin (10/8).
Selain menjabat Pjs Gubernur BI, Desty merupakan Deputi Gubernur Senior BI sejak 2019 lalu. Di sektor ekonomi dan keuangan, ia sudah berkarir lebih dari dua dekade lamanya.
Destry adalah ekonom yang telah lama berkecimpung di bidang kebijakan makroekonomi, pasar keuangan, dan sektor perbankan.
Ia merupakan lulusan Fakultas Ekonomi Universitas Indonesia. Destry kemudian melanjutkan pendidikan Master of Science di bidang Regional Science dari Cornell University, New York, Amerika Serikat.
Karier profesional Destry dimulai dengan menjadi Senior Economic Adviser untuk Duta Besar Inggris di Indonesia pada periode 2000-2003.
Lalu, ia kembali ke dunia akademik sebagai peneliti dan pengajar di Fakultas Ekonomi Universitas Indonesia pada 2005-2006.
Di sektor swasta, Destry pernah menjabat Kepala Ekonom Mandiri Sekuritas pada 2005-2011 sebelum dipercaya menjadi Kepala Ekonom Bank Mandiri pada 2011-2015.
Ia juga dipercaya memimpin Satuan Tugas Ekonomi di Kementerian Badan Usaha Milik Negara (BUMN) pada 2014-2015.
Sementara di sektor pengawasan sistem keuangan, Destry pernah menjabat sebagai Anggota Dewan Komisioner Lembaga Penjamin Simpanan (LPS) untuk periode 2015-2019. Saat itu, ia terlibat dalam penguatan stabilitas sistem keuangan serta pengembangan kebijakan penjaminan simpanan.
Kariernya di bank sentral dimulai sejak Destry ditetapkan Presiden sebagai Deputi Gubernur Senior Bank Indonesia melalui Keputusan Presiden Nomor 74/P Tahun 2019 untuk masa jabatan 2019-2024.
Setelah masa jabatan itu berakhir, ia kembali dipercaya menduduki posisi yang sama mulai Mei 2024.",CNN Indonesia,Business,2026-08-11,Neutral,Informational or procedural content with no clear positive or negative financial implication.
"Kemenhub Mulai Sosialisasi ETLE Hub, Truk ODOL Ada Denda Rp 500.000","JAKARTA, KOMPAS.com - Kementerian Perhubungan (Kemenhub) mulai menyosialisasikan penerapan Electronic Traffic Law Enforcement (ETLE) Hub untuk menindak kendaraan over dimension over loading (ODOL).
Dalam penerapannya, pelanggar dapat dikenakan denda hingga Rp 500.000 sesuai dengan proses dan ketentuan hukum yang berlaku.
Direktur Jenderal Perhubungan Darat Kemenhub Aan Suhanan mengatakan sosialisasi dilakukan untuk memastikan para pelaku usaha angkutan, pemilik barang, hingga pengemudi memahami mekanisme pengawasan baru tersebut.
“Pada saat ini kami melakukan semacam pemberitahuan, sosialisasi, bahwa sistem ini akan mulai dilakukan. Sosialisasi akan dilakukan sampai Desember untuk memberikan pemahaman kepada semua stakeholder, khususnya para pelaku usaha transportasi, pengemudi, dan pemilik barang,” kata Menteri Perhubungan Dudy Purwagandhi, di Kantornya, Senin (10/8/2026).
Sebelum diterapkan secara lebih luas, Kemenhub telah melakukan sosialisasi dan uji coba terbatas ETLE Hub di tiga titik pantau. Uji coba tersebut berlangsung sejak Januari hingga Juli 2026.
Aan mengatakan hasil uji coba juga terus disampaikan kepada asosiasi terkait, termasuk asosiasi pengemudi, pengusaha angkutan logistik, serta pemilik barang.
Langkah tersebut dilakukan agar seluruh pihak mengetahui perubahan mekanisme pengawasan dan penegakan hukum kendaraan ODOL.
“Kita sudah sosialisasi, uji coba terbatas di tiga lokasi titik pantau. Ini sudah berjalan dari Januari sampai Juli kemarin. Kemudian bersurat juga sudah ke seluruh asosiasi dan kami akan terus menyampaikan hasil daripada uji coba ini,” ujar Aan.
Dalam penerapan ETLE Hub, pelanggaran kendaraan akan direkam secara elektronik dan menjadi dasar proses penindakan.
Dudy mengatakan nilai Rp 500.000 yang disebut dalam penerapan sistem tersebut merupakan uang titipan yang selanjutnya mengikuti proses hukum.
“Sementara jumlah denda seperti tadi disampaikan itu Rp 500.000 berupa titipan. Nanti tentunya karena ini akan proses pengadilan, kita mengikuti proses pengadilan berapa yang akan dikenakan pengadilan,” kata Dudy.
Dia menjelaskan apabila dalam proses hukum jumlah denda yang ditetapkan berbeda atau pelanggaran tidak terbukti, mekanisme pengembalian akan mengikuti hasil proses tersebut.
Selain penindakan, Kemenhub berencana membuka informasi mengenai pelanggaran yang terekam ETLE Hub kepada publik.
Informasi tersebut mencakup pihak yang melakukan pelanggaran, kendaraan yang digunakan, serta jenis pelanggaran.
Menurutnya, keterbukaan informasi tersebut diharapkan dapat meningkatkan kesadaran pelaku usaha transportasi dan masyarakat mengenai pentingnya mematuhi aturan dimensi dan muatan kendaraan.
“Kita juga akan mempublikasikan hasil alat ETLE yang sudah dilakukan. Kita akan publikasikan siapa saja pelanggarnya, jenis pelanggaran seperti apa, ini akan kami sampaikan ke publik,” tegas Dudy.",Kompas Money,Financial,2026-08-10,Neutral,Informational or procedural content with no clear positive or negative financial implication.
"Bakal Diumumkan Hari Ini, Apa Itu Survei Nasional Literasi dan Inklusi Keuangan?","JAKARTA, KOMPAS.com - Survei Nasional Literasi dan Inklusi Keuangan (SNLIK) merupakan program survei berkala yang diselenggarakan oleh Otoritas Jasa Keuangan (OJK) bekerja sama dengan Badan Pusat Statistik (BPS).
Tahun ini SNLIK juga didukung oleh Lembaga Penjamin Simpanan (LPS). Hasil SNLIK 2026 sendiri akan diumumkan pada hari ini, Senin (10/8/2026).
Survei ini bertujuan untuk mengetahui tingkat pemahaman atau pengetahuan masyarakat (literasi) serta tingkat akses atau penggunaan produk dan layanan keuangan (inklusi). Dilansir dari laman resmi OJK , SNLIK telah dilaksanakan secara berkala setiap tiga tahun pada 2013, 2016, 2019, 2022, dan mulai dilaksanakan setiap tahun sejak 2024.
Survei ini menjadi instrumen penting dalam evaluasi dan perumusan kebijakan literasi dan inklusi keuangan serta dalam rangka penguatan ekosistem pelindungan konsumen dan pengawasan market conduct di sektor jasa keuangan.
OJK, melalui Undang-Undang Nomor 21 Tahun 2011 tentang Otoritas Jasa Keuangan serta diperkuat dengan Undang-Undang Nomor 4 Tahun 2023 tentang Pengembangan dan Penguatan Sektor Keuangan (PPSK), diberikan mandat untuk mengatur dan mengawasi sektor jasa keuangan serta melindungi kepentingan konsumen dan masyarakat.
Pendekatan yang digunakan OJK dalam memberikan perlindungan kepada konsumen dan masyarakat adalah pendekatan preventif melalui edukasi dan peningkatan literasi keuangan serta kuratif melalui penanganan pengaduan konsumen.
Selain itu, OJK turut mendorong peningkatan dan perluasan inklusi keuangan guna mendukung pertumbuhan ekonomi dan meningkatkan kesejahteraan masyarakat.
Sedikit catatan, literasi keuangan adalah pengetahuan keterampilan dan keyakinan yang memengaruhi sikap dan perilaku untuk meningkatkan kualitas pengambilan keputusan dan pengelolaan keuangan demi mencapai kesejahteraan keuangan masyarakat.
Sedangkan inklusi keuangan adalah ketersediaan akses pemanfaatan atas produk atau layanan pelaku usaha sektor keuangan atau layanan pelaku usaha keuangan yang terjangkau, berkualitas, dan berkelanjutan sesuai dengan kebutuhan dan kemampuan masyarakat untuk meningkatkan kesejahteraan keuangan masyarakat.
Literasi dan inklusi keuangan telah menjadi perhatian utama berbagai pemangku kepentingan, khususnya pemerintah, sebagaimana tecermin dalam Rencana Pembangunan Jangka Menengah Nasional (RPJMN) Tahun 2025–2029.
Dalam rancangan tersebut tingkat literasi keuangan ditargetkan sebesar 69,35 persen dan tingkat inklusi keuangan sebesar 93,00 persen pada 2029.
Selain itu, dalam rangka menyongsong Indonesia Emas 2045, inklusi keuangan juga ditargetkan mencapai 98,00 persen pada 2045 sebagaimana tecermin dalam Rencana Pembangunan Jangka Panjang Nasional (RPJPN) 2025-2045.
Sedikit catatan, hasil SNLIK 2025 menunjukkan indeks inklusi keuangan mencapai 80,51 persen, sedangkan indeks literasi keuangan telah mencapai 66,46 persen.
Sementara indeks inklusi keuangan pada 2024 mencapai 80,51 persen, meningkat dibandingkan tahun sebelumnya yang sebesar 75,02 persen.
Dalam SNLIK 2026 target indeks literasi keuangan pada tahun ini dipatok bertambah 1 persen ke level 67,46 persen.",Kompas Money,Financial,2026-08-10,Neutral,Informational or procedural content with no clear positive or negative financial implication.
"Beasiswa Bakti BCA 2027 Dibuka, Ini Syarat dan Cara Daftarnya","JAKARTA
- PT Bank Central Asia Tbk (BCA) resmi membuka pendaftaran Beasiswa Bakti BCA 2027 bagi mahasiswa program Sarjana (S1) di Perguruan Tinggi Negeri (PTN) di Indonesia. Pendaftaran dibuka mulai 3 Agustus hingga 30 September 2026. Diketahui, program Beasiswa Bakti BCA merupakan bagian dari upaya BCA mendukung penguatan sumber daya manusia dan pembangunan berkelanjutan di sektor pendidikan.
""BCA meyakini bahwa pendidikan merupakan investasi jangka panjang yang berperan penting pada kemajuan bangsa. Harapannya, para penerima Beasiswa Bakti BCA yang disebut ‘Bakti Champions’ tidak hanya mampu menyelesaikan studi dengan baik, tetapi juga tumbuh menjadi generasi adaptif, berintegritas, dan siap memberikan dampak positif bagi masyarakat dan bangsa Indonesia,"" kata Direktur BCA Antonius Widodo Mulyono dikutip pada Senin (10/8/2026).
BCA Gelar BYC Fest 2026 Dukung Kolaborasi Pengusaha Muda
Menurut dia program ini memberikan bantuan biaya pendidikan sekaligus kesempatan bagi mahasiswa untuk mengembangkan kemampuan akademik maupun non-akademik.
Beasiswa Bakti BCA ditujukan untuk memberikan bantuan pendidikan dan pengembangan diri bagi generasi muda Indonesia. Adapun mahasiswa yang ingin mendaftar Beasiswa Bakti BCA 2027 harus memenuhi sejumlah persyaratan umum. Pertama, pendaftar merupakan Warga Negara Indonesia (WNI) dan belum menikah. Kedua, calon penerima beasiswa berusia maksimal atau kurang dari 21 tahun per 31 Desember 2026. Ketiga, pendaftar merupakan mahasiswa aktif program S1 non-vokasi di PTN dan sedang menempuh semester 3 saat pendaftaran.
Selain itu, mahasiswa tidak sedang menerima beasiswa dari pihak lain. Pendaftar juga harus memiliki kepedulian sosial dan komitmen belajar, aktif dalam organisasi atau kepanitiaan, serta tidak sedang bekerja secara full-time maupun terikat dinas dengan instansi lainnya.
Selain persyaratan umum tersebut, BCA menyediakan sejumlah kategori dalam Beasiswa Bakti BCA 2027, yakni Bantuan Finansial, Prestasi Akademis, dan Prestasi Non-Akademis. Masing-masing kategori memiliki kriteria khusus yang harus dipenuhi oleh calon pendaftar. Bagi mahasiswa yang terpilih, Beasiswa Bakti BCA 2027 menawarkan sejumlah manfaat. Penerima beasiswa akan mendapatkan dana pendidikan berupa uang saku dan bantuan biaya kuliah.",Sindonews,Business,2026-08-10,Neutral,Informational or procedural content with no clear positive or negative financial implication.
"Profil Destry Damayanti, Calon Tunggal Gubernur Bank Indonesia Pilihan Prabowo","Presiden Prabowo Subianto resmi mengusulkan Destry Damayanti sebagai calon tunggal Gubernur Bank Indonesia (BI) kepada Dewan Perwakilan Rakyat (DPR).
Liputan6.com, Jakarta - Menteri Sekretaris Negara (Mensesneg) Prasetyo Hadi mengatakan pemerintah telah mengirimkan Surat Presiden (Surpres) terkait penunjukan Destry Damayanti sebagai calon Gubernur BI ke DPR.
“Namanya tunggal, satu nama, yaitu atas nama ibu Destry Damayanti yang beliau sekarang menjadi Penjabat Gubernur BI Sementara,” kata Prasetyo Hadi di Kompleks Parlemen Senayan, Jakarta, Senin (10/8/2026).
Usulan tersebut muncul setelah Perry Warjiyo mengundurkan diri dari jabatan Gubernur BI karena alasan kesehatan. Pemerintah menyatakan Presiden Prabowo telah menerima pengunduran diri Perry pada Minggu (26/7/2026).
Advertisement
Untuk mengisi kekosongan jabatan, pemerintah kemudian menunjuk Destry Damayanti, yang saat ini menjabat Deputi Gubernur Senior BI, sebagai Penjabat Gubernur Sementara Bank Indonesia.
Destry Damayanti lahir di Jakarta pada tahun 1963. Ia menyelesaikan pendidikan Sarjana Ekonomi di Universitas Indonesia dan melanjutkan studi ke Cornell University, New York, Amerika Serikat, hingga meraih gelar Master of Science bidang Regional Science.
Latar belakang akademik tersebut menjadi fondasi bagi kariernya di bidang ekonomi, keuangan, dan kebijakan publik.
Perjalanan Karier Ekonomi dan Keuangan
Karier profesional Destry dimulai sebagai Senior Economic Adviser untuk Duta Besar Inggris di Indonesia pada periode 2000-2003.
Ia kemudian aktif sebagai peneliti dan pengajar di Fakultas Ekonomi Universitas Indonesia pada 2005-2006.
Di sektor pasar modal, Destry pernah menjabat Kepala Ekonom Mandiri Sekuritas pada 2005-2011 sebelum melanjutkan karier sebagai Kepala Ekonom Bank Mandiri pada 2011-2015.
Pengalamannya di sektor publik juga cukup panjang. Ia pernah menjadi Ketua Satuan Tugas Ekonomi Kementerian BUMN pada 2014-2015 dan selanjutnya dipercaya sebagai Anggota Dewan Komisioner Lembaga Penjamin Simpanan (LPS) untuk periode 2015-2019.
Advertisement
Destry Damayanti resmi menjabat Deputi Gubernur Senior Bank Indonesia berdasarkan Keputusan Presiden RI Nomor 74/P Tahun 2019 tanggal 29 Juli 2019 untuk masa jabatan 2019-2024.
Ia mengucapkan sumpah jabatan pada 7 Agustus 2019.
Pada 10 Juli 2024, Presiden kembali menetapkannya sebagai Deputi Gubernur Senior BI untuk periode 2024-2029 melalui Keputusan Presiden RI Nomor 74/P Tahun 2024. Destry kembali mengucapkan sumpah jabatan pada 7 Agustus 2024.
Dengan pengalaman di akademisi, pasar modal, perbankan, LPS, hingga Bank Indonesia, Destry Damayanti kini menjadi sosok yang diusulkan pemerintah untuk memimpin bank sentral Indonesia setelah pengunduran diri Perry Warjiyo.
Baca berita terkini dan terpercaya di Berita Liputan6
Advertisement
Advertisement
Advertisement
Copyright © 2026 Liputan6.com
KLY KapanLagi Youniverse All Right Reserved.",Liputan6,Business,2026-08-10,Neutral,Informational or procedural content with no clear positive or negative financial implication.
"Sejarah Hari Veteran Nasional Diperingati 10 Agustus 2026, Berawal dari Perjuangan di Solo","Halo,
Profile
Kirim Images
Logout
Masuk ke akun Anda
Belum punya akun? Daftar Akun
Pedoman Media Siber
Hubungi Kami
Privacy Policy
Redaksi
Download TribunX untuk Android & iOS
Ringkasan Berita: Hari Veteran Nasional diperingati setiap 10 Agustus untuk menghormati jasa dan pengorbanan para Veteran Republik Indonesia. Peringatan ini berkaitan dengan Serangan Umum Empat Hari di Surakarta pada 7–10 Agustus 1949 dan gencatan senjata pada 10 Agustus. Secara resmi, 10 Agustus ditetapkan sebagai Hari Veteran Nasional melalui Keppres Nomor 30 Tahun 2014. Peringatan ini menjadi pengingat untuk meneruskan semangat perjuangan dengan menjaga persatuan dan mengisi kemerdekaan. TRIBUNNEWS.COM - Hari Veteran Nasional diperingati setiap 10 Agustus. Peringatan ini sebagai bentuk penghormatan dan penghargaan kepada para Veteran Republik Indonesia yang telah berjuang membela dan mempertahankan kedaulatan Negara Kesatuan Republik Indonesia (NKRI). Penetapan tanggal tersebut berkaitan erat dengan peristiwa perjuangan di Surakarta pada 1949, ketika para pejuang Indonesia menghadapi pasukan Belanda. Berawal dari perjuangan di Surakarta Latar belakang Hari Veteran Nasional tidak dapat dilepaskan dari Serangan Umum Empat Hari di Surakarta yang berlangsung pada 7–10 Agustus 1949. Pertempuran tersebut merupakan bagian dari perjuangan mempertahankan kemerdekaan Indonesia setelah Proklamasi 17 Agustus 1945. Dalam peristiwa itu, para pejuang Indonesia berusaha mempertahankan keberadaan Republik Indonesia dan menghadapi kekuatan Belanda yang berupaya menguasai kembali wilayah Indonesia. Tanggal 10 Agustus 1949 kemudian menjadi penting karena pada hari tersebut terjadi gencatan senjata setelah perjuangan para pejuang kemerdekaan Indonesia melawan Tentara Belanda di Surakarta. Pemerintah kemudian menjadikan momentum tersebut sebagai dasar untuk mengenang pengorbanan para pejuang yang telah mempertahankan kemerdekaan dan kedaulatan Indonesia. Penetapan 10 Agustus sebagai Hari Veteran Nasional Secara resmi, 10 Agustus ditetapkan sebagai Hari Veteran Nasional melalui Keputusan Presiden (Keppres) Nomor 30 Tahun 2014 tentang Hari Veteran Nasional yang ditetapkan pada 10 Agustus 2014. Dalam Keppres tersebut disebutkan bahwa peringatan ini bertujuan untuk mengenang jasa dan pengorbanan Veteran Republik Indonesia yang telah berjuang, membela, dan mempertahankan kedaulatan NKRI serta mereka yang ikut melaksanakan perdamaian dunia. Baca juga: Sambut Hari Veteran Nasional, Kemhan Gelar Pemeriksaan Kesehatan untuk Para Veteran Penetapan tersebut juga diperkuat dengan Peraturan Pemerintah Nomor 67 Tahun 2014. Pada peringatan Hari Veteran Nasional 2014, Presiden Susilo Bambang Yudhoyono menegaskan bahwa 10 Agustus secara resmi menjadi Hari Veteran Nasional Indonesia. Hubungannya dengan Veteran Republik Indonesia Veteran Republik Indonesia merupakan bagian dari bangsa Indonesia yang memiliki jasa dalam perjuangan dan pembelaan negara. Pemerintah memberikan penghormatan dan penghargaan kepada para veteran sebagai bentuk apresiasi atas pengorbanan mereka dalam mempertahankan kemerdekaan serta kedaulatan Indonesia. Ketentuan mengenai Veteran Republik Indonesia juga diatur dalam Undang-Undang Nomor 15 Tahun 2012 tentang Veteran Republik Indonesia.
Peringatan ini sebagai bentuk penghormatan dan penghargaan kepada para Veteran Republik Indonesia yang telah berjuang membela dan mempertahankan kedaulatan Negara Kesatuan Republik Indonesia (NKRI).
Penetapan tanggal tersebut berkaitan erat dengan peristiwa perjuangan di Surakarta pada 1949, ketika para pejuang Indonesia menghadapi pasukan Belanda.
Latar belakang Hari Veteran Nasional tidak dapat dilepaskan dari Serangan Umum Empat Hari di Surakarta yang berlangsung pada 7–10 Agustus 1949.
Pertempuran tersebut merupakan bagian dari perjuangan mempertahankan kemerdekaan Indonesia setelah Proklamasi 17 Agustus 1945.
Dalam peristiwa itu, para pejuang Indonesia berusaha mempertahankan keberadaan Republik Indonesia dan menghadapi kekuatan Belanda yang berupaya menguasai kembali wilayah Indonesia.
Tanggal 10 Agustus 1949 kemudian menjadi penting karena pada hari tersebut terjadi gencatan senjata setelah perjuangan para pejuang kemerdekaan Indonesia melawan Tentara Belanda di Surakarta.
Pemerintah kemudian menjadikan momentum tersebut sebagai dasar untuk mengenang pengorbanan para pejuang yang telah mempertahankan kemerdekaan dan kedaulatan Indonesia.
Secara resmi, 10 Agustus ditetapkan sebagai Hari Veteran Nasional melalui Keputusan Presiden (Keppres) Nomor 30 Tahun 2014 tentang Hari Veteran Nasional yang ditetapkan pada 10 Agustus 2014.
Dalam Keppres tersebut disebutkan bahwa peringatan ini bertujuan untuk mengenang jasa dan pengorbanan Veteran Republik Indonesia yang telah berjuang, membela, dan mempertahankan kedaulatan NKRI serta mereka yang ikut melaksanakan perdamaian dunia.
Penetapan tersebut juga diperkuat dengan Peraturan Pemerintah Nomor 67 Tahun 2014.
Pada peringatan Hari Veteran Nasional 2014, Presiden Susilo Bambang Yudhoyono menegaskan bahwa 10 Agustus secara resmi menjadi Hari Veteran Nasional Indonesia.
Veteran Republik Indonesia merupakan bagian dari bangsa Indonesia yang memiliki jasa dalam perjuangan dan pembelaan negara.
Pemerintah memberikan penghormatan dan penghargaan kepada para veteran sebagai bentuk apresiasi atas pengorbanan mereka dalam mempertahankan kemerdekaan serta kedaulatan Indonesia.
Ketentuan mengenai Veteran Republik Indonesia juga diatur dalam Undang-Undang Nomor 15 Tahun 2012 tentang Veteran Republik Indonesia.
Isi komentar sepenuhnya adalah tanggung jawab pengguna dan diatur dalam UU ITE.",Tribun,General,2026-08-10,Neutral,Informational or procedural content with no clear positive or negative financial implication.
Airlangga Singgung Sejarah VOC di Peringatan Pasar Modal RI,"Jakarta, CNBC Indonesia - Menko Perekonomian Airlangga Hartarto menceritakan kembali mengenai sejarah pasar modal Indonesia dalam momen peringatan HUT ke-49 Pasar Modal Indonesia dan Peluncuran Produk ETF Emas, Senin (10/8/2026).
Airlangga berharap peringatan HUT pasar modal ini menjadi momentum untuk menjaga kepercayaan para investor terhadap perekonomian dan pasar keuangan internasional dan nasional, karena pasar modal selalu merupakan proksi ekonomi yang dilihat oleh para investor, terutama pada saat-saat yang sangat strategis.
""Kemudian kalau kita lihat berdasarkan sejarah, bursa kita kan pertama kali oleh Belanda ya, kemudian Pak Harto membuka kembali tahun 1977. Nah kalau kita ingat VOC itu adalah the first public listed company di dunia,"" papar Airlangga.
Seperti diketahui, VOC merupakan pionir dalam penggunaan saham sebagai instrumen investasi. Menurut data AEI, VOC adalah perusahaan pertama yang mengeluarkan saham kepada publik, memberikan kesempatan kepada masyarakat umum untuk menjadi bagian dari kepemilikan perusahaan. Saham-saham ini dijual kepada investor, yang kemudian berhak atas bagian keuntungan perusahaan dalam bentuk dividen.
Menurut Airlangga, saat itu, bidang usaha VOC meliputi komoditas dari wilayah Asia dan pelayaran. Airlangga menuturkan market cap bursa VOC sata itu mencapai US$ 7- US$ 8 triliun.
""Kemudian saya lihat market cap-nya kalau per hari ini atau dinilai dengan hari ini, market cap-nya US$ 7-8 triliun. Jadi bahkan dengan today value pun tinggi,"" katanya.
Airlangga pun menegaskan keberadaan VOC juga ditopang oleh berbagai komoditas asal Indonesia selama kurang lebih 3 abad. Terbukti, pada abad 16-19, Belanda memiliki PDB per kapita tertinggi di dunia.
""Dan memang kita mencatat dari abad 16, 17, 18, 19 GDP per kapita tertinggi ada di Belanda,"" katanya.",CNBC Indonesia,Business,2026-08-10,Neutral,Informational or procedural content with no clear positive or negative financial implication.
"BI Buka Lowongan Kerja PCPM 2026 Hari Ini, Cek Syaratnya","Bank Indonesia (BI) kembali membuka lowongan kerja bagi lulusan S1 dan S2 melalui program Pendidikan Calon Pegawai Asisten Manajer (PCPM). Pendaftaran dibuka mulai hari ini, Minggu (9/8).
Mengutip Instagram BI, pendaftaran online dibuka mulai 9 Agustus hingga 14 Agustus 2026 yang bida dilakukan pada website resmi https://www.rekrutmenpcpmbi.id/41/ .
""Seleksi penerimaan PCPM Bank Indonesia Angkatan 41 kembali dibuka! Saatnya ambil bagian bersama Bank Indonesia dan #BeriMakna bagi perekonomian negeri. Sudah siap menjadi bagian dari perjalanan ini?,"" tulis BI dalam unggahannya, Sabtu (8/8).
1.Sehat Jasmani dan Rohani 2. Warga Negara Indonesia 3. Usia maksimal 26 tahun (S1) dan 28 tahun (S2) per tanggal 31 Agustus 2026 4. Telah dinyatakan lulus dengan strata pendidikan minimal S1 5. IPK minimal 3,00 dari skala 4,00 6. Diutamakan aktif berorganisasi 7. Tidak sedang menjalani ikatan dinas/bersedia melepaskan ikatan dinas dengan institusi lain 8. Bersedia ditempatkan di seluruh Indonesia.
1. Ilmu Ekonomi 2. Studi Pembangunan 3. Ilmu Ekonomi Syariah 4. Agribisnis/Sosial Ekonomi 5. Manajemen 6. Bisnis/Keuangan 7. Akuntansi 8. Ilmu Hukum 9. Ilmu Komunikasi 10. Hubungan Internasional 11. Psikologi 12. Ilmu Administrasi 13. Teknik Industri 14. Teknik lainnya (sipil, elektro, arsitektur, kimia, lingkungan, mesin, fisika) 15. Matematika 16. Aktuaria 17. Statistika 18. Teknik Informatika 19. Ilmu Komputer 20. Teknologi Informasi 21. Sistem Informasi.
""Hati-hati ya Sobat! Bank Indonesia tidak memungut biaya apapun selama pelaksanaan seleksi,"" pungkas BI.",CNN Indonesia,Business,2026-08-09,Neutral,Informational or procedural content with no clear positive or negative financial implication.
"Lowongan Kerja Bank Indonesia Dibuka, Cek Syarat PCPM Angkatan 41","Penulis
JAKARTA, KOMPAS.com – Bank Indonesia (BI) kembali membuka lowongan kerja melalui Seleksi Penerimaan Pendidikan Calon Pegawai Asisten Manajer (PCPM) Angkatan 41.
Rekrutmen PCPM Bank Indonesia Angkatan 41 dibuka mulai 9 hingga 14 Agustus 2026 melalui jalur open recruitment.
Peluang lowongan pekerjaan ini terbuka bagi lulusan minimal S1 yang memenuhi persyaratan yang ditetapkan Bank Indonesia.
“Kabar yang sudah ditunggu #SobatRupiah, nih! Saatnya ambil bagian bersama Bank Indonesia dan #BeriMakna bagi perekonomian negeri. Sudah siap menjadi bagian dari perjalanan ini?” tulis akun Instagram @bank_indonesia, Sabtu (8/8/2026).
Dikutip dari laman resminya, PCPM merupakan salah satu jalur penerimaan pegawai yang dipersiapkan untuk menjadi pimpinan di Bank Indonesia.
Selain open recruitment , PCPM Angkatan 41 juga menggunakan jalur targeted recruitment. Jalur tersebut mencakup campus hiring dalam negeri, campus hiring luar negeri, dan referral melalui Lembaga Pengelola Dana Pendidikan (LPDP).
Pelamar rekrutmen PCPM Bank Indonesia Angkatan 41 harus memenuhi sejumlah persyaratan berikut:
Persyaratan kesehatan, program studi, serta ketentuan lainnya berlaku sesuai dengan kebutuhan dan persyaratan yang ditetapkan Bank Indonesia.
Bank Indonesia (BI) kembali membuka lowongan kerja Pendidikan Calon Pegawai Asisten Manajer (PCPM) Angkatan 41.
Pelamar lowongan pekerjaan Bank Indonesia ini harus merupakan lulusan dari program studi yang sesuai dengan kebutuhan dan persyaratan yang ditetapkan Bank Indonesia.
Berikut bidang studi yang dibuka:
Bank Indonesia hanya akan mengundang pelamar yang dinilai memenuhi persyaratan dan/atau kualifikasi yang ditetapkan untuk mengikuti proses seleksi PCPM Angkatan 41.
Bagi pelamar lowongan kerja Bank Indonesia yang merupakan lulusan perguruan tinggi luar negeri, terdapat dokumen tambahan yang wajib dipenuhi.
Pelamar wajib menyertakan Surat Keputusan (SK) Penyetaraan Ijazah Luar Negeri dari Ditjen Diktiristek.
Selain itu, pelamar juga wajib menyertakan surat hasil konversi IPK dari Ditjen Diktiristek.
Pengisian online application rekrutmen PCPM Bank Indonesia dilakukan mulai 9 Agustus 2026 pukul 00.00 WIB hingga 14 Agustus 2026 pukul 23.59 WIB.",Kompas Money,Financial,2026-08-09,Neutral,Informational or procedural content with no clear positive or negative financial implication.
Iran Beberkan Syarat Pembukaan Kembali Selat Hormuz,"Penulis
KOMPAS.com - Iran mengungkapkan sejumlah syarat yang harus dipenuhi sebelum Selat Hormuz dapat dibuka kembali sepenuhnya.
Menteri Luar Negeri Iran Abbas Araghchi mengatakan, Iran dan Oman sudah sangat dekat mencapai kesepakatan mengenai jalur pelayaran sementara bagi kapal yang masuk dan keluar dari Teluk Persia.
Namun, kesepakatan tersebut tidak berarti Selat Hormuz akan langsung dibuka kembali.
""Pembukaan Selat Hormuz bergantung pada sejumlah kondisi lainnya, termasuk kompensasi atas pelanggaran Amerika Serikat terhadap Islamabad Agreement,"" kata Araghchi, Sabtu (8/8/2026), dikutip dari Bloomberg.
Araghchi merujuk pada nota kesepahaman yang ditandatangani pada Juni dan kini telah berakhir.
Pernyataan tersebut disampaikan setelah ekspektasi meningkat dalam sepekan terakhir bahwa Iran dan Oman akan segera mengumumkan kesepakatan terkait jalur pelayaran di Selat Hormuz.
Araghchi mengatakan para perunding kini semakin dekat dengan kesepakatan mengenai jalur sementara bagi kapal yang akan melintasi kawasan tersebut.
Meski demikian, pembukaan penuh Selat Hormuz masih bergantung pada terpenuhinya sejumlah persyaratan yang ditetapkan Iran.
Gencatan senjata antara Amerika Serikat dan Iran sebelumnya hanya bertahan kurang dari satu bulan.
Gencatan senjata itu kemudian runtuh akibat perselisihan mengenai pengendalian Selat Hormuz.
Belum diketahui bagaimana Washington akan merespons kesepakatan akhir mengenai jalur pelayaran tersebut.
Iran menegaskan Amerika Serikat tidak menjadi bagian dari kesepakatan yang sedang dibahas dengan Oman.
Presiden AS, Donald Trump selama berbulan-bulan telah mendesak agar navigasi melalui Selat Hormuz kembali berlangsung tanpa hambatan.
Trump juga mengancam akan melancarkan serangan baru terhadap Iran jika jalur strategis tersebut tidak dibuka kembali.
AS saat ini masih memberlakukan blokade terhadap pelabuhan-pelabuhan Iran.
Reuters melaporkan, dengan mengutip seorang pejabat AS, bahwa Washington akan mencabut blokade laut tersebut setelah Iran dan Oman mengumumkan kesepakatan untuk memulihkan pelayaran komersial.
Menurut pejabat tersebut, kesepakatan antara Iran dan Oman diperkirakan segera diumumkan.
Ketidakpastian mengenai pembukaan Selat Hormuz turut memengaruhi pergerakan harga minyak dunia.",Kompas Money,Financial,2026-08-09,Neutral,Informational or procedural content with no clear positive or negative financial implication.
"Iran-AS Belum Sepakat soal Hormuz, Syarat Buka Selat Makin Lama","Penantian kesepakatan  dan  terkait pembukaan  masih berlanjut. Iran menyebut negosiasi langsung dengan Amerika Serikat (AS) belum memungkinkan dilakukan.
Mengutip Bloomberg, Minggu (9/8), Menteri Luar Negeri Iran Abbas Araghchi mengatakan kesepakatan untuk membentuk jalur pelayaran sementara di selat strategis tersebut sangat dekat. Namun, pada Minggu (9/8), dia menuding AS melanggar kesepakatan perdamaian sementara yang ditandatangani pada Juni.
“Selama pelanggaran Amerika terhadap Memorandum of Understanding (MoU) terus berlanjut dan AS tidak memperbaiki pelanggarannya, tidak ada kemungkinan untuk melanjutkan kembali negosiasi,” kata Araghchi, seperti dikutip televisi pemerintah Iran.
Pada Sabtu (8/8), Teheran kembali mengajukan sejumlah tuntutan kepada Washington sebagai syarat untuk membuka Selat Hormuz sepenuhnya. Kondisi ini mengindikasikan pasokan minyak dan gas kemungkinan belum akan kembali normal dalam waktu dekat.
Selat Hormuz menjadi salah satu titik penting dalam konflik antara AS dan Israel dengan Iran yang pecah pada akhir Februari. Hingga kini, belum diketahui bagaimana Washington akan merespons jika tercapai kesepakatan.
Presiden AS Donald Trump telah berulang kali menuntut agar pelayaran melalui Selat Hormuz kembali terbuka. Trump juga beberapa kali mengancam akan melancarkan serangan baru terhadap Iran jika jalur tersebut tidak dibuka.
Di tengah belum tercapainya kesepakatan, situasi di kawasan Timur Tengah kembali memanas. Kelompok Houthi yang didukung Iran mengklaim telah menyerang kilang minyak Jizan milik Saudi Aramco di Arab Saudi. Sebelumnya, otoritas Saudi melaporkan terjadi kebakaran di fasilitas tersebut.
Wakil Presiden AS JD Vance sehari sebelumnya mengatakan terdapat kemajuan dalam negosiasi. Namun, dia belum dapat memastikan apakah hasil pembicaraan tersebut akan memenuhi kepentingan Washington.
“Pertanyaannya adalah apakah Iran akan mampu memberikan hal-hal yang diperlukan agar kami merasa senang, agar kami merasa telah mendapatkan apa yang kami butuhkan dari keterlibatan khusus ini,” kata Vance kepada Fox News.
Washington sebelumnya berulang kali menyatakan terlibat dalam pembicaraan terkait pengelolaan Selat Hormuz. Iran membantah adanya negosiasi langsung dengan AS.
“Beberapa negara perantara sedang berupaya membangun kembali dasar untuk negosiasi. Saat ini, kami tidak sedang bernegosiasi dengan AS, pertukaran pesan dilakukan melalui perantara,"" kata Araghchi.
Oman, yang wilayah perairannya mencakup sebagian Selat Hormuz, menyatakan pembicaraan dengan Iran berlangsung dalam “suasana yang positif dan konstruktif”. Melalui unggahan di X, pemerintah Oman juga menyerukan penghentian tindakan di selat tersebut agar upaya diplomatik dapat berjalan.
Selain kompensasi, Iran meminta AS mencabut blokade angkatan laut terhadap pelabuhan-pelabuhan Iran, menarik pasukannya dari sekitar Iran, mencabut sanksi, serta mencairkan aset Iran yang dibekukan.
Tuntutan tersebut disampaikan Mohammad Bagher Zolghadr, tokoh garis keras yang memimpin Dewan Keamanan Nasional Tertinggi Iran.
Sementara itu, Iran dan salah satu kelompok angkatan laut utama negara-negara Barat telah mengusulkan koridor transit masing-masing untuk memungkinkan kapal melintasi Selat Hormuz.
Sebagian besar lalu lintas kapal melalui selat tersebut terhenti sejak perang dimulai. Meski begitu, sejumlah kapal masih mengangkut kargo dalam program pengiriman ulang yang melibatkan bantuan militer AS.
Kapal yang mencoba melewati Selat Hormuz juga masih menghadapi risiko keamanan. Abu Dhabi National Oil Co. mengatakan sebuah rudalnya menjadi sasaran saat melintas pada Sabtu pagi, menurut kantor berita pemerintah Uni Emirat Arab, WAM.
Serangan tersebut tidak menimbulkan korban dan situasi telah dikendalikan. Tiga kapal lain milik produsen minyak terbesar UEA itu juga diserang pada pekan sebelumnya.
Ketidakpastian terkait Selat Hormuz turut memengaruhi pergerakan harga minyak. Harga Brent sempat bergerak fluktuatif sepanjang pekan lalu dan akhirnya ditutup di atas USD 83 per barel.
Pelaku pasar mempertimbangkan peluang tercapainya kesepakatan yang dapat membuka jalan bagi kembalinya jutaan barel pasokan minyak dari kawasan Teluk Persia.
Ketegangan juga meningkat di bagian selatan Laut Merah dalam beberapa pekan terakhir. Houthi di Yaman mengumumkan blokade terhadap pelabuhan-pelabuhan Arab Saudi yang menjadi salah satu jalur ekspor alternatif bagi minyak negara tersebut.
Pada Minggu, Houthi mengeklaim menyerang kilang Jizan menggunakan drone sebagai respons terhadap langkah Arab Saudi di wilayah udara Yaman.
Kementerian Energi Saudi sebelumnya mengatakan kebakaran di fasilitas tersebut telah dipadamkan dan tidak menimbulkan korban luka. Namun, pemerintah tidak menjelaskan penyebab kebakaran. Saudi Aramco juga belum memberikan komentar.
Insiden tersebut menjadi setidaknya kebakaran kedua dalam sebulan terakhir di fasilitas Aramco. Citra satelit menunjukkan kebakaran pada sebuah tangki di kompleks dengan kapasitas 400.000 barel per hari pada akhir Juli, setelah Houthi mengeklaim melakukan serangan.",Kumparan,Business,2026-08-09,Neutral,Informational or procedural content with no clear positive or negative financial implication.
"Jadwal KRL Solo-Jogja pada 8 dan 9 Agustus 2026, Lengkap dari Palur ke Tugu","Penulis
KOMPAS.com – Jadwal KRL Solo-Jogja menjadi informasi penting bagi masyarakat yang berencana bepergian dari Solo menuju Yogyakarta pada akhir pekan ini.
Pada Sabtu (8/8/2026) dan Minggu (9/8/2026), perjalanan KRL Commuter Line rute Solo-Jogja tersedia mulai pagi hingga malam. Penumpang dapat memilih waktu keberangkatan sesuai kebutuhan.
KRL tujuan Yogyakarta melayani sejumlah stasiun di sepanjang perjalanan, mulai dari Palur, Solo Jebres, Solo Balapan, Purwosari, Gawok, Delanggu, Ceper, Klaten, Srowot, Brambanan, Maguwo, hingga Lempuyangan sebelum tiba di Stasiun Yogyakarta.
Berikut jadwal KRL Solo-Jogja pada 8 dan 9 Agustus 2026 yang dapat menjadi panduan sebelum berangkat.
Mengacu pada informasi jadwal perjalanan KRL, berikut waktu keberangkatan dari masing-masing stasiun menuju Yogyakarta:
Itulah jadwal KRL Solo-Jogja pada 8 dan 9 Agustus 2026. Dengan jadwal tersebut, penumpang dapat menentukan waktu keberangkatan sejak awal dan menyesuaikannya dengan agenda akhir pekan.",Kompas Money,Financial,2026-08-08,Neutral,Informational or procedural content with no clear positive or negative financial implication.
Profil Ade Darmawan yang Prediksinya 100 Persen Akurat soal Roy Suryo Ajukan Praperadilan ke-4,"Halo,
Profile
Kirim Images
Logout
Masuk ke akun Anda
Belum punya akun? Daftar Akun
Pedoman Media Siber
Hubungi Kami
Privacy Policy
Redaksi
Download TribunX untuk Android & iOS
Ringkasan Berita: Sekjen Peradi Bersatu Ade Darmawan tepat memprediksi Roy Suryo akan mengajukan praperadilan keempat, yang kini telah resmi didaftarkan di PN Jakarta Selatan terkait pencekalan ke luar negeri. Ade Darmawan merupakan advokat, pendiri Peradi Bersatu, dan pernah menangani sejumlah kasus besar sebelum dikenal luas sebagai pendukung Jokowi dalam polemik ijazah palsu. Sebelumnya, Ade menilai masih ada beberapa pasal yang belum diuji melalui praperadilan . TRIBUNNEWS.COM - Sekjen Peradi Bersatu, Ade Darmawan , sempat memprediksi bahwa tersangka kasus pencemaran nama baik terkait tudingan ijazah palsu Presiden ke-7 RI Joko Widodo (Jokowi), Roy Suryo , akan mengajukan praperadilan yang keempat. Kini, prediksi Ade Darmawan itu 100 persen akurat dan terbukti setelah kolega dokter Tifa itu sudah mendaftarkan praperadilan yang keempat di Pengadilan Negeri Jakarta Selatan (PN Jaksel), pada Kamis (30/7/2026). Permohonan praperadilan keempat ini terdaftar dengan nomor perkara 129/Pid.Pra/2026/PN JKT.SEL terkait keabsahan pencekalan atau travel ban yang dilakukan pihak kepolisian terhadap dirinya. Roy Suryo menempatkan Kapolda Metro Jaya sebagai Termohon I dan Kejati DKI Jakarta sebagai Termohon II. Menurut Roy Suryo , pencekalan ini menyiratkan adanya abuse of power atau penyalahgunaan kekuasaan. Sebab, pasal yang disangkakan terhadap dirinya adalah pasal pencemaran nama baik dan fitnah. ""Jadi, pencekalan itu ternyata tidak atau belum dicabut sampai sekarang. Pencekalan itu dimulai pada bulan November tanggal 13 November 2025, kemudian waktu itu saya diminta untuk menyerahkan paspor dan lain sebagainya,"" kata Roy Suryo kepada awak media, dikutip dari tayangan Live KompasTV, Kamis (6/8/2026). ""Nah, ini kan sebenarnya agak abuse of power, gitu lho. Apa yang mau dilakukan? Pasal utamanya kan hanya Pasal pencemaran nama baik dan fitnah, orang yang melakukan pencemaran dan fitnah kok dicekal?"" sambungnya. Baca juga: Dokter Tifa Tak Terima Disebut Pengecut dan Mundur dari Kasus Ijazah Jokowi Roy meminta agar pencekalan terhadap dirinya dicabut. ""Makanya, kita mohonkan pencekalannya, untuk kemudian dicabut karena saya sudah tidak lagi wajib lapor di Polda, itu pencekalan waktu itu diajukan oleh Polda, kecuali tiba-tiba ada pencekalan lain yang diajukan oleh hakim, tapi kan ini nggak ada,"" ucap pungkasnya. Lantas, seperti apakah sosok Ade Darmawan ? Berikut ini profilnya. Profil Ade Darmawan Ade Darmawan adalah seorang advokat sekaligus Sekjen Peradi Bersatu. Dikutip dari Tribun Batam, Ade Darmawan lahir pada 22 September 1978. Ade merupakan alumni Universitas Tarumanagara.
Kini, prediksi Ade Darmawan itu 100 persen akurat dan terbukti setelah kolega dokter Tifa itu sudah mendaftarkan praperadilan yang keempat di Pengadilan Negeri Jakarta Selatan (PN Jaksel), pada Kamis (30/7/2026).
Permohonan praperadilan keempat ini terdaftar dengan nomor perkara 129/Pid.Pra/2026/PN JKT.SEL terkait keabsahan pencekalan atau travel ban yang dilakukan pihak kepolisian terhadap dirinya.
Roy Suryo menempatkan Kapolda Metro Jaya sebagai Termohon I dan Kejati DKI Jakarta sebagai Termohon II.
Menurut Roy Suryo , pencekalan ini menyiratkan adanya abuse of power atau penyalahgunaan kekuasaan.
Sebab, pasal yang disangkakan terhadap dirinya adalah pasal pencemaran nama baik dan fitnah.
""Jadi, pencekalan itu ternyata tidak atau belum dicabut sampai sekarang. Pencekalan itu dimulai pada bulan November tanggal 13 November 2025, kemudian waktu itu saya diminta untuk menyerahkan paspor dan lain sebagainya,"" kata Roy Suryo kepada awak media, dikutip dari tayangan Live KompasTV, Kamis (6/8/2026).
""Nah, ini kan sebenarnya agak abuse of power, gitu lho. Apa yang mau dilakukan? Pasal utamanya kan hanya Pasal pencemaran nama baik dan fitnah, orang yang melakukan pencemaran dan fitnah kok dicekal?"" sambungnya.
Roy meminta agar pencekalan terhadap dirinya dicabut.
""Makanya, kita mohonkan pencekalannya, untuk kemudian dicabut karena saya sudah tidak lagi wajib lapor di Polda, itu pencekalan waktu itu diajukan oleh Polda, kecuali tiba-tiba ada pencekalan lain yang diajukan oleh hakim, tapi kan ini nggak ada,"" ucap pungkasnya.
Lantas, seperti apakah sosok Ade Darmawan ? Berikut ini profilnya.
Profil Ade Darmawan
Ade Darmawan adalah seorang advokat sekaligus Sekjen Peradi Bersatu.
Dikutip dari Tribun Batam, Ade Darmawan lahir pada 22 September 1978.
Ade merupakan alumni Universitas Tarumanagara.
Isi komentar sepenuhnya adalah tanggung jawab pengguna dan diatur dalam UU ITE.",Tribun,General,2026-08-08,Neutral,Informational or procedural content with no clear positive or negative financial implication.
"Jadwal KRL Jogja-Solo pada 8 dan 9 Agustus 2026, Lengkap dari Tugu ke Palur","Penulis
KOMPAS.com – Jadwal KRL Jogja Solo hari ini, Sabtu (8/8/2026), penting diketahui masyarakat yang akan bepergian dari Yogyakarta menuju Solo dan sekitarnya.
Selain jadwal KRL Jogja Solo hari ini, penumpang juga dapat mengecek jadwal perjalanan untuk besok, Minggu (9/8/2026). Tersedia sejumlah pilihan keberangkatan sejak pagi hingga malam hari.
KRL rute Jogja-Solo melayani perjalanan dari Stasiun Yogyakarta menuju Palur dengan berhenti di sejumlah stasiun, antara lain Lempuyangan, Maguwo, Brambanan, Srowot, Klaten, Ceper, Delanggu, Gawok, Purwosari, Solo Balapan, dan Solo Jebres.
Dengan mengetahui jadwal lebih awal, penumpang bisa menyesuaikan waktu keberangkatan dan menghindari risiko tertinggal kereta.
Berikut jadwal KRL Jogja Solo untuk Sabtu (8/8/2026) dan Minggu (9/8/2026).
Berdasarkan jadwal perjalanan yang tercantum dalam informasi PT KAI , berikut jam keberangkatan KRL dari Yogyakarta menuju Palur pada 8 dan 9 Agustus 2026:
Itulah jadwal KRL Jogja Solo pada Sabtu (8/8/2026) dan Minggu (9/8/2026). Jadwal KRL Jogja Solo terbaru tersebut dapat menjadi acuan bagi penumpang yang hendak melakukan perjalanan dari Yogyakarta menuju Solo.",Kompas Money,Financial,2026-08-08,Neutral,Informational or procedural content with no clear positive or negative financial implication.
"Buruan Cek! Ada Diskon Listrik 50 Persen, Ini Syarat dan Cara Mendapatkannya","JAKARTA – Promo diskon listrik 50 persen kembali berlaku pada Agustus 2026. Melalui program tersebut, pelanggan PT PLN (Persero) berkesempatan menambah daya listrik hingga 7.700 VA dengan biaya yang lebih murah.
Program ini ditujukan untuk membantu pelanggan memenuhi kebutuhan listrik, termasuk mendukung pengisian daya kendaraan listrik (electric vehicle/EV) di rumah.
PT PLN (Persero) kembali menghadirkan promo diskon tambah daya listrik tersebut dalam rangka kehadirannya di ajang Gaikindo Indonesia International Auto Show (GIIAS) 2026.
Cara Mendapatkan Diskon Listrik 50 Persen
Pelanggan yang ingin mendapatkan promo tambah daya listrik dapat mengunjungi booth PLN di Hall 8 selama penyelenggaraan GIIAS 2026.
Selanjutnya, pelanggan perlu melakukan check-in melalui aplikasi PLN Mobile dan mengklaim e-voucher promo tambah daya yang tersedia.
Daftar Tarif Promo Diskon Listrik
© 2007 - 2026 Okezone.com, All Rights Reserved",Okezone,Business,2026-08-08,Neutral,Informational or procedural content with no clear positive or negative financial implication.
"Jadwal KA BIAS Agustus 2026 Terbaru, Cek Jam Berangkat Rute Solo-Madiun-Caruban","Penulis
KOMPAS.com – Jadwal KA BIAS Agustus 2026 menjadi informasi yang perlu diketahui masyarakat yang akan bepergian dari Solo menuju Madiun maupun Caruban, atau sebaliknya.
Kereta Bandara Adi Soemarmo ( KA BIAS ) menjadi salah satu moda transportasi andalan di jalur Solo-Madiun-Caruban karena melayani sejumlah stasiun dengan tarif yang relatif terjangkau.
Selain itu, kereta ini juga menjadi pilihan praktis bagi penumpang yang ingin menuju maupun dari Bandara Adi Soemarmo.
Memasuki Agustus 2026, jadwal perjalanan KA BIAS masih mengacu pada jadwal operasional sebelumnya.
Dengan mengetahui waktu keberangkatan sejak awal, penumpang dapat merencanakan perjalanan dengan lebih baik dan menghindari risiko tertinggal kereta.
Berikut jadwal KA BIAS Agustus 2026 untuk rute Solo-Madiun-Caruban pulang pergi (PP).
Dilansir dari informasi resmi PT KAI, berikut jadwal KA BIAS terbaru Agustus 2026:
KA 576A
Adi Soemarmo 06.00 WIB – Kadipiro 06.11 WIB – Solo Balapan 06.23 WIB – Solo Jebres 06.29 WIB – Palur 06.37 WIB – Sragen 06.56 WIB – Walikukun 07.19 WIB – Ngawi 07.36 WIB – Magetan 07.53 WIB – Madiun 08.03 WIB.
KA 578A
Adi Soemarmo 12.00 WIB – Kadipiro 12.11 WIB – Solo Balapan 12.23 WIB – Solo Jebres 12.29 WIB – Palur 12.36 WIB – Sragen 12.55 WIB – Walikukun 13.34 WIB – Ngawi 13.51 WIB – Magetan 14.08 WIB – Madiun 14.18 WIB.
KA 574A
Adi Soemarmo 14.05 WIB – Kadipiro 14.16 WIB – Solo Balapan 14.28 WIB – Solo Jebres 14.34 WIB – Palur 14.42 WIB – Sragen 15.01 WIB – Walikukun 15.23 WIB – Ngawi 15.41 WIB – Magetan 15.58 WIB – Madiun 16.08 WIB.
PT KAI Daop 7 Madiun KA BIAS (Bandara Internasional Adi Soemarmo). Jadwal KA BIAS Agustus 2026. Jadwal KA BIAS Solo Madiun. Jadwal KA BIAS Madiun Solo. Jadwal KA BIAS Solo Caruban. Jadwal KA BIAS Caruban Solo. Jadwal KA BIAS terbaru 2026.
KA 572B
Adi Soemarmo 08.35 WIB – Kadipiro 08.46 WIB – Solo Balapan 08.58 WIB – Solo Jebres 09.04 WIB – Palur 09.12 WIB – Sragen 09.31 WIB – Walikukun 09.53 WIB – Ngawi 10.12 WIB – Magetan 10.29 WIB – Madiun 10.43 WIB – Caruban 10.59 WIB.",Kompas Money,Financial,2026-08-07,Neutral,Informational or procedural content with no clear positive or negative financial implication.
"BEI Lelang 11 Saham, Ini Syarat Belinya","Jakarta, CNBC Indonesia - PT Bursa Efek Indonesia (BEI) berencana akan menyelenggarakan lelang atas 11 saham bursa yang belum dikeluarkan atau telah dibeli kembali (buyback) oleh Bursa. Pelaksanaan lelang akan dilakukan secara terbuka pada Selasa, 1 September 2026 pukul 14.00 WIB.
""Terdapat 11 saham bursa yang belum dikeluarkan atau telah dibeli kembali oleh Bursa dan hanya dapat dialihkan melalui pelelangan Saham Bursa,"" tulis manajemen BEI, Jumat (7/8/2026).
Pelaksanaan lelang mengacu pada Peraturan Bursa Nomor III-H tentang Pelelangan dan Pembelian Kembali Saham Bursa sebagaimana diubah melalui Keputusan Direksi BEI Nomor Kep-00024/BEI/02-2026 tanggal 12 Februari 2026, serta mengacu pada Peraturan Bapepam Nomor III.A.11 tentang Pelelangan Saham Bursa Efek.
Disebutkan bahwa, lelang akan diselenggarakan di Ruang Rapat Utama PT Bursa Efek Indonesia, Gedung Bursa Efek Indonesia Tower 1 Lantai 6, Jalan Jenderal Sudirman Kav. 52-53, Jakarta. Selain itu, lelang juga dapat diikuti secara daring (online), di mana tautan pelaksanaan akan disampaikan kepada peserta lelang yang telah mendaftar untuk mengikuti lelang Saham Bursa pada September 2026.
Dalam pengumumannya, BEI menegaskan bahwa persyaratan dan tata cara menjadi peserta lelang mengikuti ketentuan yang diatur dalam Peraturan Bursa Nomor III-H. Setiap peserta lelang juga diwajibkan terlebih dahulu memenuhi persyaratan sebagai Anggota Bursa Efek sesuai Peraturan Bursa Nomor III-A tentang Keanggotaan Bursa.
Bagi Perusahaan Efek yang berminat mengikuti lelang, BEI mewajibkan penyampaian permohonan tertulis disertai Surat Konfirmasi dari Bursa untuk melakukan pembelian Saham Bursa. Dokumen tersebut harus disampaikan paling lambat pada 20 Agustus 2026 pukul 17.00 WIB.
BEI juga mengingatkan bahwa sesuai ketentuan Peraturan Bursa Nomor III-H, pelaksanaan lelang tidak akan dilakukan apabila hingga batas waktu pendaftaran tidak terdapat Perusahaan Efek yang mengajukan permohonan sebagai peserta lelang.",CNBC Indonesia,Business,2026-08-07,Neutral,Informational or procedural content with no clear positive or negative financial implication.
"Cara Ajukan Diri sebagai Penerima Bansos Agustus 2026, Cek Syarat dan Langkahnya","Penulis
KOMPAS.com – Cara ajukan diri sebagai penerima bansos Agustus 2026 menjadi informasi yang banyak dicari masyarakat, terutama bagi keluarga yang merasa memenuhi syarat tetapi belum pernah mendapatkan bantuan sosial dari pemerintah.
Saat ini, pemerintah membuka kesempatan bagi masyarakat untuk mengusulkan diri sebagai calon penerima bansos melalui aplikasi Cek Bansos maupun secara langsung di kantor desa atau kelurahan sesuai domisili.
Namun, perlu dipahami bahwa pengajuan tersebut tidak serta-merta membuat seseorang langsung ditetapkan sebagai penerima bantuan.
Seluruh usulan akan melalui proses verifikasi dan validasi sebelum dimasukkan ke dalam Data Tunggal Sosial dan Ekonomi Nasional (DTSEN), yang menjadi acuan pemerintah dalam menyalurkan berbagai program bansos.
Karena itu, sebelum mengajukan diri, masyarakat juga disarankan mengecek status desil Kemensos. Informasi ini dapat memberikan gambaran mengenai posisi tingkat kesejahteraan keluarga sekaligus peluang untuk menjadi penerima bantuan sosial .
Berikut penjelasan lengkap mengenai cara ajukan bansos Agustus 2026, cara cek desil Kemensos, hingga kelompok desil yang berpeluang menerima bantuan.
Pemerintah masih menjalankan sejumlah program bantuan sosial untuk membantu masyarakat berpenghasilan rendah sekaligus menjaga daya beli.
Beberapa program bansos reguler yang disalurkan pada 2026 antara lain:
Selain program tersebut, pemerintah juga dapat menyalurkan bantuan sosial lainnya sesuai kebijakan yang berlaku.
Seluruh penerima bansos ditetapkan berdasarkan data dalam DTSEN yang diperbarui secara berkala melalui proses verifikasi dan validasi oleh pemerintah daerah bersama Kementerian Sosial.
KOMPAS.com/MELA ARNANI Tangkapan layar cek bansos Agustus 2026 di laman resmi cekbansos.kemensos.go.id. Cara cek bansos Kemensos. Cek bansos Kemensos. BPNT tahap 3 2026. BPNT Agustus 2026.
Masyarakat yang merasa memenuhi syarat tetapi belum masuk dalam data penerima dapat mengusulkan diri melalui aplikasi Cek Bansos. Berikut langkah-langkahnya:
Setelah pengajuan dikirim, pemerintah daerah dan Kementerian Sosial akan melakukan verifikasi serta validasi data. Jika memenuhi ketentuan, data akan dimasukkan ke dalam DTSEN sebagai dasar penetapan penerima bantuan sosial.
Selain secara online, masyarakat juga dapat mengusulkan diri secara langsung melalui kantor desa atau kelurahan sesuai alamat domisili.
Dokumen yang perlu dibawa meliputi:
Petugas akan melakukan pendataan sebelum usulan diteruskan ke pemerintah daerah dan Kementerian Sosial untuk proses verifikasi. Apabila dinyatakan memenuhi syarat, data akan diusulkan masuk ke DTSEN.",Kompas Money,Financial,2026-08-06,Neutral,Informational or procedural content with no clear positive or negative financial implication.
"Profil Destry Damayanti, Pejabat Senior Akan Jalankan Tugas Gubernur BI usai Perry Warjiyo Mundur","Halo,
Profile
Kirim Images
Logout
Masuk ke akun Anda
Belum punya akun? Daftar Akun
Pedoman Media Siber
Hubungi Kami
Privacy Policy
Redaksi
Download TribunX untuk Android & iOS
Ringkasan Berita: Destry Damayanti akan menjalankan tugas Gubernur Bank Indonesia untuk sementara setelah Perry Warjiyo mengundurkan diri. Penunjukan tersebut mengikuti ketentuan dalam Undang-Undang Bank Indonesia mengenai pelaksana tugas gubernur. Destry dikenal memiliki pengalaman panjang di sektor perbankan, ekonomi, dan kebijakan publik sebelum bergabung dengan BI. TRIBUNNEWS.COM – Nama Destry Damayanti menjadi sorotan setelah dipastikan akan menjalankan tugas sebagai Gubernur Bank Indonesia (BI) untuk sementara menyusul pengunduran diri Perry Warjiyo . Kabar pengunduran diri Perry disampaikan Menteri Sekretaris Negara Prasetyo Hadi, Senin (27/7/2026). Presiden Prabowo Subianto disebut telah menerima surat pengunduran diri Perry pada Minggu (26/7/2026) dan segera menerbitkan Keputusan Presiden (Keppres) sebagai dasar pemberhentian. Sesuai ketentuan Undang-Undang Nomor 23 Tahun 1999 tentang Bank Indonesia sebagaimana telah beberapa kali diubah terakhir dengan Undang-Undang Nomor 4 Tahun 2023 tentang Pengembangan dan Penguatan Sektor Keuangan (PPSK), apabila jabatan Gubernur BI kosong, pelaksanaan tugas gubernur dijalankan oleh Deputi Gubernur Senior hingga gubernur definitif ditetapkan. Posisi tersebut saat ini dijabat oleh Destry Damayanti . Pemerintah juga menegaskan masyarakat tidak perlu khawatir terhadap kesinambungan kebijakan moneter. Koordinasi antara pemerintah dan Bank Indonesia dipastikan tetap berjalan guna menjaga stabilitas ekonomi nasional. Sosok Destry Damayanti Dengan statusnya sebagai Deputi Gubernur Senior, Destry akan memimpin pelaksanaan tugas-tugas strategis Bank Indonesia , mulai dari pengambilan kebijakan moneter, menjaga stabilitas nilai rupiah, mengawal sistem pembayaran, hingga memastikan stabilitas sistem keuangan bersama pemerintah dan otoritas terkait. Keberadaan pelaksana tugas ini dinilai penting agar roda organisasi Bank Indonesia tetap berjalan normal sembari menunggu proses pengajuan calon gubernur baru oleh Presiden kepada DPR untuk menjalani uji kelayakan dan kepatutan. Pengalaman Destry yang telah bertahun-tahun berada di jajaran pimpinan BI menjadi modal penting dalam menjaga kesinambungan kebijakan bank sentral di tengah dinamika ekonomi global maupun domestik. Baca juga: Perry Warjiyo Mundur sebagai Gubernur Bank Indonesia, Ini Profilnya Destry Damayanti lahir di Jakarta pada 12 Desember 1963. Mengutip laman resmi BI, ia menyelesaikan pendidikan Sarjana Ekonomi di Fakultas Ekonomi Universitas Indonesia pada 1987. Selanjutnya, Destry meraih gelar Master of Science bidang Ekonomi dari Cornell University, Amerika Serikat, pada 1997. Karier profesionalnya dimulai sebagai ekonom di berbagai lembaga riset dan kebijakan ekonomi. Destry pernah menjadi peneliti di Lembaga Penyelidikan Ekonomi dan Masyarakat (LPEM) Fakultas Ekonomi Universitas Indonesia. Ia kemudian dipercaya menjadi Chief Economist PT Bank Mandiri (Persero) Tbk, yang membuat namanya dikenal luas sebagai salah satu ekonom yang aktif memberikan analisis terhadap perkembangan ekonomi nasional. Selain itu, Destry juga pernah menjabat Kepala Ekonom PT Mandiri Sekuritas serta menjadi anggota Komite Stabilitas Sistem Keuangan (KSSK) sebagai unsur independen.
Kabar pengunduran diri Perry disampaikan Menteri Sekretaris Negara Prasetyo Hadi, Senin (27/7/2026).
Presiden Prabowo Subianto disebut telah menerima surat pengunduran diri Perry pada Minggu (26/7/2026) dan segera menerbitkan Keputusan Presiden (Keppres) sebagai dasar pemberhentian.
Sesuai ketentuan Undang-Undang Nomor 23 Tahun 1999 tentang Bank Indonesia sebagaimana telah beberapa kali diubah terakhir dengan Undang-Undang Nomor 4 Tahun 2023 tentang Pengembangan dan Penguatan Sektor Keuangan (PPSK), apabila jabatan Gubernur BI kosong, pelaksanaan tugas gubernur dijalankan oleh Deputi Gubernur Senior hingga gubernur definitif ditetapkan.
Posisi tersebut saat ini dijabat oleh Destry Damayanti .
Pemerintah juga menegaskan masyarakat tidak perlu khawatir terhadap kesinambungan kebijakan moneter. Koordinasi antara pemerintah dan Bank Indonesia dipastikan tetap berjalan guna menjaga stabilitas ekonomi nasional.
Sosok Destry Damayanti
Dengan statusnya sebagai Deputi Gubernur Senior, Destry akan memimpin pelaksanaan tugas-tugas strategis Bank Indonesia , mulai dari pengambilan kebijakan moneter, menjaga stabilitas nilai rupiah, mengawal sistem pembayaran, hingga memastikan stabilitas sistem keuangan bersama pemerintah dan otoritas terkait.
Keberadaan pelaksana tugas ini dinilai penting agar roda organisasi Bank Indonesia tetap berjalan normal sembari menunggu proses pengajuan calon gubernur baru oleh Presiden kepada DPR untuk menjalani uji kelayakan dan kepatutan.
Pengalaman Destry yang telah bertahun-tahun berada di jajaran pimpinan BI menjadi modal penting dalam menjaga kesinambungan kebijakan bank sentral di tengah dinamika ekonomi global maupun domestik.
Destry Damayanti lahir di Jakarta pada 12 Desember 1963.
Mengutip laman resmi BI, ia menyelesaikan pendidikan Sarjana Ekonomi di Fakultas Ekonomi Universitas Indonesia pada 1987. Selanjutnya, Destry meraih gelar Master of Science bidang Ekonomi dari Cornell University, Amerika Serikat, pada 1997.
Karier profesionalnya dimulai sebagai ekonom di berbagai lembaga riset dan kebijakan ekonomi. Destry pernah menjadi peneliti di Lembaga Penyelidikan Ekonomi dan Masyarakat (LPEM) Fakultas Ekonomi Universitas Indonesia.
Ia kemudian dipercaya menjadi Chief Economist PT Bank Mandiri (Persero) Tbk, yang membuat namanya dikenal luas sebagai salah satu ekonom yang aktif memberikan analisis terhadap perkembangan ekonomi nasional.
Selain itu, Destry juga pernah menjabat Kepala Ekonom PT Mandiri Sekuritas serta menjadi anggota Komite Stabilitas Sistem Keuangan (KSSK) sebagai unsur independen.
Isi komentar sepenuhnya adalah tanggung jawab pengguna dan diatur dalam UU ITE.",Tribun,General,2026-07-27,Neutral,Informational or procedural content with no clear positive or negative financial implication.
"Cara Ajukan Diri sebagai Penerima Bansos 2026, Ini Panduan Lengkapnya","Penulis
KOMPAS.com – Cara ajukan diri sebagai penerima bansos menjadi informasi yang banyak dicari masyarakat, terutama bagi keluarga yang merasa memenuhi syarat tetapi belum pernah menerima bantuan sosial dari pemerintah.
Saat ini, masyarakat dapat mengusulkan diri sebagai calon penerima bansos melalui aplikasi Cek Bansos maupun secara langsung di kantor desa atau kelurahan sesuai domisili.
Namun, perlu dipahami bahwa pengajuan tersebut tidak otomatis membuat seseorang langsung menerima bantuan.
Seluruh data akan melalui proses verifikasi dan validasi sebelum dimasukkan ke dalam Data Tunggal Sosial dan Ekonomi Nasional (DTSEN) sebagai dasar penyaluran berbagai program bantuan sosial.
Karena itu, sebelum mengajukan diri, masyarakat juga disarankan mengecek status desil Kemensos . Informasi ini dapat memberikan gambaran apakah kondisi ekonomi keluarga masuk dalam kelompok yang menjadi prioritas penerima bansos .
Berikut penjelasan lengkap mengenai cara ajukan diri sebagai penerima bansos , cara cek desil , hingga kelompok desil yang berpeluang memperoleh bantuan.
Pemerintah setiap tahun menyalurkan sejumlah bantuan sosial untuk menjaga daya beli sekaligus membantu masyarakat yang membutuhkan.
Beberapa program bansos reguler yang masih disalurkan pada 2026 meliputi:
Selain program tersebut, pemerintah juga dapat menyalurkan bantuan sosial lain sesuai kebijakan yang berlaku.
Seluruh penerima bansos ditetapkan berdasarkan data dalam DTSEN yang diperbarui secara berkala melalui proses verifikasi dan validasi oleh pemerintah daerah serta Kementerian Sosial.
Kompas.com/soffyaranti Ilustrasi cara cek bansos di aplikasi Cek Bansos Kemensos. Cara daftar bansos. Cara daftar sebagai penerima bansos. Cara ajukan diri sebagai penerima bansos.
Bagi masyarakat yang merasa layak menerima bantuan tetapi belum terdaftar, pemerintah menyediakan mekanisme pengajuan usulan data. Pengajuan dapat dilakukan melalui dua cara berikut.
Setelah pengajuan dikirim, data akan diverifikasi oleh pemerintah daerah dan Kementerian Sosial. Jika memenuhi ketentuan, data akan dimasukkan ke dalam DTSEN sebagai dasar penetapan penerima bansos.
Selain secara online, masyarakat juga dapat mengusulkan diri secara langsung ke kantor desa atau kelurahan sesuai domisili.
Dokumen yang perlu disiapkan antara lain:
Selanjutnya, petugas akan melakukan pendataan sebelum usulan diteruskan untuk proses verifikasi dan validasi. Apabila memenuhi syarat, data akan diusulkan ke Kementerian Sosial untuk diproses lebih lanjut.",Kompas Money,Financial,2026-07-23,Neutral,Informational or procedural content with no clear positive or negative financial implication.
Profil Nanik S Deyang yang Pamit Mundur ke Prabowo karena Kesehatan,"Kepala Badan Gizi Nasional (BGN) Nanik Sudaryati Deyang mundur dari jabatannya hari ini Rabu (22/7). Informasi itu diumumkan sendiri olehnya melalui status di akun Facebook Naniek Sudaryati Deyang.
Naniek mengungkap alasannya mundur terkait masalah kesehatan. Ia pun pamit kepada Presiden Prabowo untuk menjalani pengobatan di luar negeri.
""Saya sampaikan ke Presiden juga dengan beribu maaf sepertinya saya harus mundur sebagai Kepala BGN, demi kesehatan saya, dan karena presiden prihatin dan kasihan dengan saya, presiden menyetujui,"" tulisnya.
Nanik baru menjabat menjadi Kepala BGN selama sekitar satu bulan sejak 8 Juni 2026. Ia diangkat Presiden Prabowo Subianto berdasarkan Keppres Nomor 18/M Tahun 2026 terkait Pemberhentian dan Pengangkatan Kepala dan Wakil Kepala BGN dan pemberhentian Wakil Kepala BPKP.
Nanik menggantikan Dadan Hindayana yang terseret kasus korupsi program Makan Bergizi Gratis (MBG).
Sebelum dipercaya memimpin BGN, Nanik lebih dulu menjabat sebagai Wakil Kepala BGN Bidang Komunikasi Publik dan Investigasi.
Ia tercatat pernah menduduki sejumlah posisi strategis di pemerintahan dan badan negara sejak Presiden Prabowo Subianto membentuk Kabinet Merah Putih pada 2024.
Lantas bagaimana rekam jejak Nanik S Deyang selama ini?
Nanik lahir di Madiun, Jawa Timur, pada 3 Januari 1968. Ia memulai karier profesional sebagai wartawan di Tabloid Bangkit sebelum kemudian meniti karier di berbagai perusahaan media nasional.
Berdasarkan sejumlah keterangan, Kariernya berkembang tak hanya sebagai jurnalis, tetapi juga di level manajemen media.
Berdasarkan Data Pers 2014, Nanik pernah menjabat sebagai pemimpin umum majalah Femme, direktur utama tabloid Info Kecantikan, serta komisaris di sejumlah media, seperti Info Kuliner, Peluang Usaha, dan The Politic.
Pengalaman panjang di dunia jurnalistik membuat Nanik dikenal aktif mengikuti berbagai isu sosial, ekonomi, dan politik. Ia juga terlibat dalam sejumlah kegiatan sosial yang berkaitan dengan pemberdayaan masyarakat dan pengentasan kemiskinan.
Nama Nanik mulai mendapat perhatian lebih luas saat bergabung dalam tim pemenangan Prabowo Subianto pada Pilpres 2019.
Saat itu, ia menjabat sebagai Wakil Ketua Badan Pemenangan Nasional (BPN) Koalisi Adil Makmur untuk pasangan Prabowo Subianto-Sandiaga Uno.
Setelah Prabowo memenangkan Pilpres 2024, Nanik dipercaya masuk dalam jajaran pemerintahan. Berdasarkan Keputusan Presiden Nomor 145/P Tahun 2024, ia dilantik sebagai Wakil Kepala I Badan Percepatan Pengentasan Kemiskinan (BP Taskin) periode 2024-2029.
Pada Juni 2025, Nanik juga sempat ditunjuk sebagai komisaris independen PT Pertamina (Persero).
Beberapa bulan kemudian, tepatnya pada 17 September 2025, ia diangkat menjadi wakil kepala BGN sekaligus diberhentikan dari jabatannya di Badan Percepatan Pengentasan Kemiskinan.",CNN Indonesia,Business,2026-07-22,Neutral,Informational or procedural content with no clear positive or negative financial implication.
"Lowongan Kerja Cimory Juli 2026 Dibuka, Cek Posisi, Kualifikasi, dan Cara Daftarnya","Penulis
KOMPAS.com – Lowongan kerja Cimory Juli 2026 kembali dibuka untuk berbagai posisi. Kesempatan ini dapat dimanfaatkan oleh lulusan sarjana (S1) yang ingin berkarier di salah satu perusahaan makanan dan minuman (FMCG) terbesar di Indonesia.
PT Cisarua Mountain Dairy Tbk ( Cimory ) membuka rekrutmen untuk sejumlah bidang, mulai dari administrasi, pengembangan bisnis, pemasaran, desain grafis, hingga digital marketing.
Masing-masing posisi memiliki persyaratan pendidikan, pengalaman, dan kompetensi yang berbeda.
Mengacu pada laman karier resmi Cimory, berikut daftar lowongan kerja Cimory Juli 2026 beserta kualifikasi yang dibutuhkan.
Kualifikasi:
Kualifikasi:
KOMPAS.com/MELA ARNANI Tangkapan layar laman resmi karir PT Cisarua Mountain Dairy Tbk (Cimory). Lowongan kerja Cimory Juli 2026. Loker Cimory 2026.
Kualifikasi:
Kualifikasi:
https://cimory.com/ Cimory Dairyland Puncak. Simak harga tiket masuk Cimory Dairyland 2023.
Lowongan kerja Cimory terbaru 2026 untuk posisi Area Sales Supervisor tersedia di berbagai kota seperti Jawa Tengah, Sumatera Utara, Surabaya, Bali, Lampung, hingga Papua.
Secara umum, kualifikasi loker Cimory Area Sales Supervisor antara lain:
Pelamar yang memenuhi persyaratan dapat mengajukan lamaran secara online melalui laman karier resmi PT Cisarua Mountain Dairy Tbk (Cimory).
Link daftar lowongan kerja Cimory 2026 bisa diakses di sini .
Pada halaman tersebut, pelamar dapat melihat detail setiap posisi, persyaratan lengkap, lokasi penempatan, serta mengikuti proses pendaftaran sesuai petunjuk yang tersedia.
Sebelum mengirim lamaran, pastikan seluruh dokumen pendukung seperti CV, ijazah, dan berkas lainnya telah disiapkan agar proses rekrutmen dapat berjalan lancar.",Kompas Money,Financial,2026-07-22,Neutral,Informational or procedural content with no clear positive or negative financial implication.
"UU Disahkan, Apa Itu Pusat Finansial Internasional Indonesia?","DPR RI resmi mengesahkan Rancangan Undang-Undang (RUU) tentang Pusat Finansial Internasional Indonesia ( PFII ) menjadi undang-undang dalam rapat paripurna, Selasa (21/7).
PFII merupakan kawasan keuangan khusus yang disiapkan pemerintah untuk menarik modal global, memperluas sumber pembiayaan pembangunan, sekaligus meningkatkan daya saing Indonesia sebagai pusat keuangan internasional.
""Pembentukan Pusat Finansial Internasional Indonesia dimaksudkan untuk meningkatkan daya saing Indonesia sebagai pusat keuangan internasional,"" kata Menteri Keuangan Purbaya Yudhi Sadewa dalam rapat kerja bersama Komisi XI DPR RI, Senin (20/7).
Purbaya menjelaskan PFII dirancang sebagai kawasan yang mengakomodasi kebutuhan dunia usaha dan industri jasa keuangan global.
Pemerintah berharap kawasan tersebut menjadi katalis bagi pendalaman sektor keuangan nasional, pengembangan inovasi jasa keuangan, peningkatan investasi, pembiayaan proyek strategis nasional, pembiayaan berkelanjutan, hingga memperkuat kontribusi sektor keuangan terhadap pertumbuhan ekonomi.
Menurutnya, Indonesia memiliki modal yakni ukuran ekonomi yang besar, pasar domestik yang luas, posisi geografis strategis, serta prospek pertumbuhan jangka panjang.
Namun, hingga kini Indonesia belum memiliki kawasan keuangan internasional yang dibangun dengan tata kelola, kelembagaan, kepastian hukum dan daya saing yang setara dengan berbagai pusat keuangan dunia.
Purbaya mengatakan pembentukan PFII menjadi bagian dari upaya Indonesia memperkuat ketahanan ekonomi sekaligus mendiversifikasi sumber pembiayaan pembangunan di tengah persaingan ekonomi global.
""Sebagai negara Asia Tenggara terbesar dan anggota G20, Indonesia sudah saatnya memiliki sebuah financial center sendiri yang kredibel, mandiri, berintegritas serta berdaya saing global,"" ujarnya saat menyampaikan pendapat akhir pemerintah dalam rapat paripurna DPR.
Ia menegaskan PFII tidak dibentuk untuk menggantikan sistem keuangan nasional yang telah berjalan. Sebaliknya, kawasan tersebut dirancang sebagai ekosistem jasa keuangan bertaraf internasional yang melengkapi sistem keuangan domestik.
Tarik dana global
Wakil Ketua Komisi XI DPR Mohamad Hekal mengatakan tujuan utama pembentukan PFII adalah menarik modal dari luar negeri, bukan menghimpun dana yang telah beredar di dalam negeri.
""Prinsipnya PFII, kita mau narik dana global, bukan dana yang ada di Indonesia. Dan kita juga enggak mau mereka mengganggu permodalan yang ada di Indonesia,"" kata Hekal dalam keterangan resmi.
Menurut Hekal, Indonesia ingin menangkap peluang dari besarnya dana global yang saat ini dikelola berbagai family office dan tengah mencari pusat finansial baru di dunia. Karena itu, transaksi di kawasan PFII nantinya dirancang menggunakan valuta asing sehingga tidak berkompetisi secara langsung dengan industri perbankan nasional.
Selain menjadi tempat masuknya modal asing, PFII juga diharapkan membangun ekosistem pembiayaan internasional yang mencakup investment banking , pembiayaan pesawat dan kapal, leasing , asuransi, hingga berbagai layanan jasa keuangan lainnya.
""Kalau kita taruh di PFII, kita bisa menikmati seluruh ekosistem itu. Satu pesawat nilainya berapa, ada pembiayaannya, nanti ada asuransinya, dan lain-lain. Nah, itu semua mau kita bawa ke sini,"" ujarnya.
Purbaya mengatakan pengembangan PFII bertumpu pada tiga pilar utama. Pilar pertama adalah memperluas akses terhadap modal dan investasi global sebagai sumber pembiayaan jangka panjang.
Pilar kedua membangun ekosistem jasa keuangan yang didukung teknologi, keamanan siber, dan tata kelola berstandar internasional.
Adapun pilar ketiga diarahkan untuk meningkatkan daya saing sumber daya manusia melalui penciptaan lapangan kerja, transfer teknologi dan peningkatan kapasitas talenta di sektor keuangan.
Potensi investasi Rp500 triliun
Pemerintah memperkirakan keberadaan PFII mampu menarik investasi asing dalam jumlah besar.
Direktur Jenderal Stabilitas dan Pengembangan Sektor Keuangan Kementerian Keuangan Herman Saheruddin mengatakan berdasarkan perhitungan moderat, kawasan tersebut berpotensi mendatangkan investasi asing sekitar Rp300 triliun hingga Rp500 triliun.
""Kalau kita estimasi, mungkin kalau dari hitungan kita yang moderat sekitar Rp300 triliun-500 triliun. Tapi sekali lagi itu kan tergantung dari asumsi, kita kan bersaing nih dengan Singapura,"" kata Herman.
Menurut Herman, investasi tersebut diharapkan berasal dari investor asing yang membuka kantor cabang maupun mendirikan perusahaan (incorporated company) di kawasan PFII.
Sementara itu, pemerintah juga mengupayakan agar modal awal pembentukan kawasan tersebut tidak berasal dari APBN. Skema pendanaannya masih akan dibahas lebih lanjut.
Apa saja yang diatur?
UU PFII mengatur berbagai aspek penyelenggaraan kawasan keuangan internasional, mulai dari pembentukan hingga mekanisme penyelesaian sengketa.
Pokok-pokok pengaturannya meliputi pembentukan, kedudukan, dan tujuan PFII; kegiatan usaha sektor keuangan dan sektor penunjang; pembentukan Dewan PFII, lembaga pengelola, serta lembaga pengawas jasa keuangan; pembentukan lembaga arbitrase dan pengadilan khusus PFII; dukungan pemerintah pusat dan pemerintah daerah; fasilitas perpajakan dan kepabeanan; hingga berbagai ketentuan khusus mengenai penggunaan valuta asing, transaksi keuangan, perizinan, dan bahasa hukum di kawasan PFII.
Undang-undang tersebut juga mengatur mekanisme pertanggungjawaban penyelenggara PFII kepada Presiden serta pelaporan pelaksanaan tugas kepada DPR.
Punya pengadilan dan arbitrase khusus
Salah satu kekhususan PFII adalah pembentukan pengadilan dan lembaga arbitrase khusus untuk menangani sengketa yang timbul dari aktivitas bisnis di kawasan tersebut.
""Keistimewaan PFII juga terletak pada penguatan aspek hukum, yaitu keberadaan pengadilan PFII dan lembaga arbitrase PFII yang efisien, konsisten dan independen, yang mengedepankan kepastian dan keadilan bagi para pelaku usaha dengan tetap berpegang pada kedaulatan sistem hukum Indonesia,"" kata Purbaya.
Dalam undang-undang tersebut, Pengadilan PFII memiliki kewenangan memeriksa, mengadili, dan memutus perkara yang berkaitan dengan aktivitas usaha di kawasan PFII maupun sengketa komersial internasional yang memiliki keterkaitan dengan kawasan tersebut. Sementara lembaga arbitrase disiapkan sebagai alternatif penyelesaian sengketa bisnis di luar pengadilan.
Wakil Ketua Komisi XI DPR Mohamad Hekal mengatakan setiap kawasan PFII nantinya juga akan memiliki dewan, lembaga pengelola, lembaga pengawas jasa keuangan, serta pengadilan dan arbitrase untuk mendukung operasional kawasan.
""Di bawahnya ada LP (lembaga pengelola), LP itu yang nanti mengelola infrastruktur fisik. Terus kemudian ada LPJK-nya yang kayak OJK-nya di dalam kawasan itu. Lalu ada pengadilan dan arbitrasenya,"" ujar Hekal.
Dengan disahkannya UU PFII, pemerintah selanjutnya akan menyiapkan berbagai aturan pelaksana sebelum kawasan tersebut mulai beroperasi.",CNN Indonesia,Business,2026-07-22,Neutral,Informational or procedural content with no clear positive or negative financial implication.
