text,label,label_id
"WhatsApp Rilis Fitur Anti Phishing, Seberapa Kuat?. WhatsApp memperbaharui fitur pengamanan akun demi menghindari phishing. Apa saja fitur yang dimaksud?
Liputan6.com, Jakarta - WhatsApp menghadirkan sejumlah fitur baru untuk memperkuat keamanan akun pengguna. Pembaruan tersebut terjadi pada perlindungan saat akun didaftarkan kembali hingga keamanan ketika menerima panggilan dari nomor asing.
Dikutip dari CNET , Rabu (26/8/2026), WhatsApp memperbarui sistem two-step verification dan mendukungan beberapa passkey dalam satu akun. Aplikasi ini juga memberikan informasi tambahan untuk panggilan dari nomor yang tidak dikenal.
Salah satu perubahan utama terdapat pada two-step verification . Sebelumnya, pengguna harus membuat PIN enam digit sebagai lapisan keamanan tambahan.
Advertisement
Kini, PIN dapat diganti dengan kata sandi yang lebih panjang. Pengguna dapat memasukkan kombinasi huruf, angka, dan karakter khusus sehingga lebih sulit ditebak.
Fitur ini dirancang untuk membantu mencegah akun diambil alih, termasuk ketika seseorang berhasil memperoleh kode sekali pakai milik pengguna.
WhatsApp juga memperluas penggunaan passkey . Pengguna kini dapat menyimpan lebih dari satu passkey pada akun yang sama.
Fitur ini berguna bagi pengguna yang memiliki lebih dari satu perangkat. Mereka dapat menggunakan metode autentikasi seperti sidik jari, Face ID, atau kunci layar perangkat untuk masuk kembali ke akun.
WhatsApp menunjukan lebih dari satu miliar orang telah menggunakan passkey untuk mengamankan akun mereka. Teknologi tersebut memungkinkan proses masuk dilakukan tanpa mengandalkan kata sandi konvensional yang rentan terhadap phishing .
Selain itu, pengguna Android akan memperoleh informasi lebih lengkap saat menerima panggilan dari nomor yang belum tersimpan di kontak.
WhatsApp dapat menunjukkan negara asal nomor dan apakah penelepon memiliki grup yang sama dengan pengguna.
Informasi ini diharapkan membantu pengguna menilai panggilan asing sebelum memutuskan untuk menjawabnya.
Dengan tiga pembaruan itu, WhatsApp berupaya membuat perlindungan akun lebih kuat sekaligus lebih mudah digunakan.
Advertisement
Advertisement
Advertisement
Advertisement
Copyright © 2026 Liputan6.com
KLY KapanLagi Youniverse All Right Reserved.",Positive,2
"Bareskrim Tangkap 2 Pelaku Penipuan Email, Bikin Perusahaan AS Rugi USD 350 Ribu. Direktorat Tindak Pidana Siber Bareskrim Polri membongkar sindikat penipuan melalui email. Sindikat ini membuat salah satu perusahaan asal Amerika Serikat (AS) mengalami kerugian hingga USD 350 ribu.
Ada dua tersangka yang sudah ditangkap, yakni LPK (56), seorang WNI, dan LJ (46), warga negara China. Mereka ditangkap di wilayah Jakarta Selatan.
""Penyidik berhasil melakukan penangkapan terhadap dua orang laki-laki,"" kata Kasubdit I Direktorat Tindak Pidana Siber Bareskrim Polri Kombes Pol Dedi Supriyadi dalam jumpa pers, Rabu (19/8).
Kasus ini terungkap berkat kerja sama Bareskrim Polri dengan Federal Bureau of Investigation (FBI) dan Pusat Pelaporan dan Analisis Transaksi Keuangan (PPATK).
Dedi menjelaskan sindikat tersebut menyasar sebuah perusahaan di AS yang bernama IQ Power Tools. Perusahaan tersebut diketahui melakukan kerja sama perdagangan hardware komputer dengan perusahaan Duro Machinery Corp yang bertempat di China.
Pelaku terlebih dahulu membuat sebuah malware yang kemudian dikirim ke email bisnis perusahaan itu. Setelah email tersebut mendapat respons, pelaku dapat melihat komunikasi yang berlangsung antara perusahaan korban dengan rekan bisnisnya.
""Tersangka bisa melihat komunikasi apa yang muncul antara perusahaan yang di Cina yang melakukan penjualan hardware daripada komputer tersebut,"" ujar Dedi.
Pelaku pun mengetahui pembicaraan antara kedua perusahaan, termasuk ketika komunikasi masuk pada tahap pembayaran transaksi hardware komputer.
""Nah, pada saat item pembicaraannya terkait dengan pembayaran, maka tersangka dengan menyiapkan akun email yang telah dibuat sedemikian rupa menyerupai akun email bisnis yang dimiliki oleh perusahaan di Cina tersebut,"" kata Dedi.
Akun tersebut kemudian digunakan untuk berkomunikasi dengan korban seolah-olah berasal dari perusahaan yang sebenarnya.
Pelaku meminta korban mengalihkan pembayaran dengan alasan perusahaan di China sedang menghadapi audit. Korban kemudian diberikan panduan untuk melakukan pembayaran ke rekening yang telah disiapkan pelaku di Indonesia.
""Nah, selanjutnya panduan itu tersebut memunculkan adanya langkah-langkah atau step untuk melakukan transaksi pembayaran, termasuk dari rekening yang telah disiapkan tadi, yang tujuannya untuk menerima hasil pembayaran atas transaksi tersebut,"" kata Dedi.
""Sehingga atas peristiwa tersebut korban mengalami kerugian senilai 350.325 US Dolar,"" ungkap Dedi.
Dedi mengatakan penyidik kemudian melakukan pemblokiran terhadap rekening yang digunakan untuk menerima dana tersebut. Dari rekening itu, masih ditemukan saldo sebesar USD 285 ribu atau setara dengan Rp 5 miliar.
LPK sebelumnya merupakan rekan bisnis LJ dalam usaha jual beli ikan sejak 2025. Namun, usai bisnis tersebut mengalami penurunan, LJ meminta bantuan LPK untuk menyiapkan akta pendirian perusahaan dan rekening yang nantinya digunakan untuk menampung uang hasil kejahatan.
LPK kemudian menyiapkan legalitas perusahaan dengan menggunakan identitas anak kandungnya. Alamat perusahaan yang dicantumkan juga merupakan alamat fiktif.
LPK dijanjikan mendapatkan imbalan sebesar 5 persen dari setiap transaksi yang berhasil masuk ke rekening tersebut. Kesepakatan itu dilakukan bersama LJ.
Dari hasil pemeriksaan, LPK mengaku diperintah seseorang berinisial CW. Warga negara China tersebut kini masih dalam pencarian dan diketahui berada di China.
""Setelah diketahui adanya daripada otak pelaku tersebut berinisial CW di China, bahwa inisial CW ini setelah mendapatkan transfer daripada korban yang ada di Amerika, maka kedua tersangka telah berhasil melakukan transfer kepada tersangka yang DPO tersebut senilai 70.000 US Dolar di berbagai bank yang ada di China."" Kata Dedi
""Kami sudah komunikasi dengan pihak FBI untuk melakukan penelusuran identitas dan lokasi di mana kediaman tersangka CW tersebut,"" tambah Dedi.
Asisten Atase Penegakan Hukum FBI untuk Kedutaan Besar Amerika Serikat di Jakarta, Son Nguyen, mengatakan pengungkapan kasus tersebut menjadi keberhasilan penting dalam upaya memerangi kejahatan siber internasional.
""Saya sangat gembira berada di sini untuk menyaksikan hal ini. Pertemuan ini melambangkan sebuah kemenangan penting dalam upaya kita melawan kejahatan siber internasional,"" kata Son.
Dia menyampaikan apresiasi kepada Polri, khususnya Direktorat Siber Bareskrim, atas dedikasi, profesionalisme, dan kerja sama dalam menangani perkara tersebut.
""Saya ingin menyampaikan terima kasih yang sedalam-dalamnya kepada Kepolisian Negara Republik Indonesia, khususnya Bareskrim Siber, atas dedikasi mereka yang luar biasa, profesionalisme, serta kolaborasi yang sangat baik dalam kasus ini,"" ujarnya.
Son juga memberikan apresiasi kepada PPATK yang membantu melacak aliran dana dalam perkara tersebut. Menurutnya, keahlian pelacakan keuangan PPATK menjadi bagian penting dalam mengikuti jejak aliran dana yang kompleks.
""Apresiasi khusus juga ditujukan kepada PPATK atas keahlian pelacakan keuangan mereka yang sangat berharga, yang terbukti sangat penting dalam mengikuti jejak aliran dana yang kompleks,"" kata Son.
Terhadap para tersangka Pasal 51 ayat 1 juncto Pasal 35 UU ITE dan Pasal 492 KUHP, serta Pasal 82 dan Pasal 85 Undang-Undang Nomor 3 Tahun 2011 tentang Transfer Dana.
Selain itu, mereka dijerat dengan pasal tindak pidana pencucian uang sebagaimana dimaksud dalam Pasal 607 KUHP.
""Akumulasi ancaman maksimal adalah 15 tahun penjara,"" pungkas Dedi.",Positive,2
"Geger Aplikasi Android Pulse Muncul di Google Play Store, Berbahayakah?. Pengguna HP Android sempat dikejutkan dengan kemunculan aplikasi baru Android Pulse di daftar pembaruan Google Play Store.
Liputan6.com, Jakarta - Pengguna HP Android sempat dikejutkan dengan kemunculan aplikasi baru bernama Android Pulse di daftar pembaruan Google Play Store. Uniknya, aplikasi ini muncul tanpa ikon resmi dan hanya menampilkan kotak kosong.
Pantauan Tekno Liputan6.com di toko aplikasi Google, Minggu (23/8/2026), aplikasi ini belum muncul di Play Store untuk wilayah Indonesia--mungkin karena hanya diperuntukkan buat HP Android tertentu.
Meski bentuknya mencurigakan, Android Pulse bukanlah malware atau program berbahaya. Diwartakan 9to5google , Pulse merupakan aplikasi resmi besutan Google yang ditujukan untuk keperluan diagnosis sistem.
Advertisement
Apa Fungsi Android Pulse?
Dalam deskripsi resminya di Play Store, Google menjelaskan bahwa aplikasi ini bertugas memfasilitasi distribusi aturan untuk mendeteksi anomali pada konsumsi sumber daya sistem yang bersifat kritis, baik oleh sistem operasi Android maupun aplikasi yang terpasang.
Secara sederhana, Android Pulse bekerja di latar belakang tanpa antarmuka (user interface) yang bisa dibuka pengguna.
Aplikasi ini berfungsi sebagai alat diagnosis untuk memantau kesehatan perangkat, khususnya terkait penggunaan sumber daya penting seperti daya baterai, kinerja prosesor (CPU), dan memori (RAM).
Aplikasi ini sebenarnya bukan hal baru. Pada ponsel Google Pixel, sistem sudah menyertakannya secara bawaan dengan nama Pulse di menu Pengaturan. Halaman informasi aplikasinya pun menampilkan ikon hijau berbentuk garis detak jantung.
Berdasarkan data dari situs penyedia APK, APKMirror , aplikasi ini sudah ada sejak Maret dan telah mengalami beberapa kali pembaruan versi.
Hingga saat ini, catatan di Play Store menunjukkan Android Pulse telah diunduh lebih dari 10 juta kali.
Advertisement
Kemunculannya di Play Store yang mendadak sebagai pembaruan manual cukup menarik perhatian. Sebab, Google biasanya memperbarui komponen sistem seperti ini secara otomatis melalui mekanisme Google System Services tanpa perlu tindakan manual dari pengguna.
Kesimpulannya, jika Android Pulse muncul di daftar pembaruan ponsel kamu, tidak ada yang perlu dikhawatirkan.
Aplikasi ini dipastikan aman dan memang bagian dari ekosistem resmi Google untuk menjaga performa perangkat tetap optimal.
Advertisement
Advertisement
Advertisement
Copyright © 2026 Liputan6.com
KLY KapanLagi Youniverse All Right Reserved.",Positive,2
"Daftar HP Samsung Galaxy yang Mulai Kehabisan Jatah Update Software. Halo,
Profile
Kirim Images
Logout
Masuk ke akun Anda
Belum punya akun? Daftar Akun
Pedoman Media Siber
Hubungi Kami
Privacy Policy
Redaksi
Download TribunX untuk Android & iOS
Ringkasan Berita: Sejumlah HP Samsung Galaxy keluaran 2021–2023 mulai memasuki akhir masa dukungan software. Galaxy Z Fold3 dan Z Flip3 paling dekat dengan akhir patch keamanan pada Agustus 2026, disusul S21 FE, S22 Series, dan A53 5G pada 2027. Berhentinya pembaruan Android tidak berarti HP langsung tidak bisa digunakan. Namun, setelah patch keamanan berakhir, pengguna sebaiknya mulai mempertimbangkan upgrade. TRIBUNNEWS.COM - Bagi pengguna smartphone, usia perangkat kini tidak lagi hanya ditentukan oleh kondisi baterai atau performa. Dukungan software juga menjadi faktor penting, terutama karena pembaruan sistem operasi dan patch keamanan berperan besar dalam menjaga perangkat tetap aman dan kompatibel dengan aplikasi terbaru. Samsung sendiri telah memperpanjang masa dukungan software pada sejumlah perangkat Galaxy. Model yang dirilis mulai 2021 umumnya mendapatkan dukungan hingga lima tahun, sementara perangkat Galaxy yang lebih baru bisa memperoleh pembaruan hingga enam atau tujuh tahun, tergantung kelas dan kebijakan dukungannya. Artinya, Galaxy yang diluncurkan pada Agustus 2026 dengan dukungan tujuh tahun secara teori masih dapat menerima pembaruan hingga sekitar Agustus 2033. Namun, beberapa Galaxy keluaran 2021–2023 kini mulai memasuki fase akhir dukungannya. Galaxy Z Fold 4 dan Z Flip 4 Galaxy Z Fold 4 dan Z Flip 4 diperkenalkan pada Agustus 2022. Berdasarkan periode dukungan lima tahun, pembaruan Android untuk kedua perangkat tersebut diperkirakan berakhir pada Agustus 2026. Meski demikian, pengguna masih memiliki waktu lebih panjang untuk mendapatkan patch keamanan hingga Agustus 2027. Dengan demikian, berakhirnya pembaruan Android tidak berarti perangkat langsung berhenti berfungsi. Ponsel tetap dapat digunakan, tetapi pengguna tidak lagi memperoleh versi Android utama terbaru setelah batas tersebut. Baca juga: Bingung Pilih Samsung Galaxy Z Series? Ini Panduan Pilih HP Lipat yang Tepat Galaxy S23 Series Galaxy S23, S23+ dan S23 Ultra diluncurkan pada Februari 2023. Ketiga model tersebut masih memiliki masa dukungan yang relatif panjang. Pembaruan Android diperkirakan tersedia hingga Februari 2027, sedangkan patch keamanan dapat berlanjut hingga Februari 2028. Artinya, pengguna Galaxy S23 Series belum perlu terburu-buru mengganti perangkat hanya karena usianya mulai bertambah. Galaxy A54 5G
Dukungan software juga menjadi faktor penting, terutama karena pembaruan sistem operasi dan patch keamanan berperan besar dalam menjaga perangkat tetap aman dan kompatibel dengan aplikasi terbaru.
Samsung sendiri telah memperpanjang masa dukungan software pada sejumlah perangkat Galaxy.
Model yang dirilis mulai 2021 umumnya mendapatkan dukungan hingga lima tahun, sementara perangkat Galaxy yang lebih baru bisa memperoleh pembaruan hingga enam atau tujuh tahun, tergantung kelas dan kebijakan dukungannya.
Artinya, Galaxy yang diluncurkan pada Agustus 2026 dengan dukungan tujuh tahun secara teori masih dapat menerima pembaruan hingga sekitar Agustus 2033.
Namun, beberapa Galaxy keluaran 2021–2023 kini mulai memasuki fase akhir dukungannya.
Galaxy Z Fold 4 dan Z Flip 4 diperkenalkan pada Agustus 2022.
Berdasarkan periode dukungan lima tahun, pembaruan Android untuk kedua perangkat tersebut diperkirakan berakhir pada Agustus 2026.
Meski demikian, pengguna masih memiliki waktu lebih panjang untuk mendapatkan patch keamanan hingga Agustus 2027.
Dengan demikian, berakhirnya pembaruan Android tidak berarti perangkat langsung berhenti berfungsi.
Ponsel tetap dapat digunakan, tetapi pengguna tidak lagi memperoleh versi Android utama terbaru setelah batas tersebut.
Galaxy S23, S23+ dan S23 Ultra diluncurkan pada Februari 2023.
Ketiga model tersebut masih memiliki masa dukungan yang relatif panjang.
Pembaruan Android diperkirakan tersedia hingga Februari 2027, sedangkan patch keamanan dapat berlanjut hingga Februari 2028.
Artinya, pengguna Galaxy S23 Series belum perlu terburu-buru mengganti perangkat hanya karena usianya mulai bertambah.
Isi komentar sepenuhnya adalah tanggung jawab pengguna dan diatur dalam UU ITE.",Neutral,1
"Cyberleek: Hantu di Balik Bocoran Terbesar Sejarah Video Game GTA 6. JAKARTA
- Rockstar Games kebobolan. Bukan sekali. Enam kali berturut-turut.
Sejak 18 Agustus lalu, akun misterius bernama ""Cyberleek"" mengunggah video demi video gameplay Grand Theft Auto 6. Rockstar tidak pernah mengonfirmasi. Tidak juga membantah. Yang terjadi hanya satu: video-video itu terus dihapus dengan alasan hak cipta.
Video pertama menampilkan Jason, protagonis pria GTA 6, bermain basket di depan rumah yang sudah muncul di trailer.
Ada juga adegan khas GTA: menembaki warga sipil sembarangan.
Video kelima berakhir dengan tulisan ""LEEK"" ditembakkan ke dinding gedung. Ini bukan potongan video hasil tester yang bocor dari server tak terkunci. Cyberleek benar-benar memegang build game itu.
Buktinya ada di detail kecil. Di salah satu klip, radio dalam game memutar lagu ""Sports Car"" milik Tate McRae, dirilis Januari 2025. Artinya, build yang dipegang Cyberleek relatif baru.
Take-Two Interactive, induk perusahaan Rockstar, tidak tinggal diam. Jumat lalu mereka resmi menggugat ke pengadilan New York. Sasarannya: GitHub dan Discord. Keduanya diminta membuka identitas akun yang menyebarkan ""materi berhak cipta"" tersebut.
Siapa Cyberleek?
Jejak digital menunjuk ke Eropa. Waktu unggah videonya konsisten sekitar pukul 9 pagi waktu California, artinya sore hari di Eropa. Postingan lama tahun 2018 di forum keamanan siber berbahasa Jerman, szenebox.org, diduga milik akun yang sama.
Analisis independen dari pengembang perangkat lunak bernama Zyre mengarah ke individu asal Jerman atau Swiss, usia sekitar 30-an.",Negative,0
"Pertama di Dunia, Satu Negara Lumpuh Dibobol AI Tanpa Bantuan Manusia. Jakarta, CNBC Indonesia - Ancaman siber menggila di era teknologi kecerdasan buatan (AI) yang kian canggih. Para peretas dilaporkan telah mengerahkan sistem AI otonom untuk menyerang Taiwan. Para ahli menilai aksi ini sebagai serangan otonom penuh pertama yang menyasar lembaga pemerintah di dunia.
Perusahaan keamanan siber berbasis AI asal Israel, Dream, mengungkap fakta mengejutkan. Hanya dalam kurun waktu empat hari pada Juli lalu, agen-agen AI tersebut mampu memetakan 21 sistem pemerintah, membobol 85 akun pengguna, dan menggasak 2,500 data personel.
Meski Taiwan dan Dream enggan membeberkan secara terbuka asal-usul peretas tersebut, para pakar meyakini Beijing berada di balik serangan ini.
""Hasil investigasi menemukan indikasi kuat bahwa serangan berasal dari luar negeri dan menggunakan metode hibrida-menggabungkan operasi konvensional dengan bantuan agen AI seperti OpenClaw,"" tegas Kementerian Urusan Digital Taiwan dalam keterangan resminya, dikutip dari CNN International, Jumat (21/8/2026).
Laporan dari Financial Times membocorkan bahwa peretas membangun sistem berbasis agen AI open-source untuk mengotomatisasi seluruh proses penyusupan. Mulai dari pengintaian, pembobolan kredensial, hingga penentuan strategi alur serangan selanjutnya.
Penggunaan AI untuk menulis kode atau mencari celah keamanan sebenarnya sudah lazim dilakukan. Namun, insiden di Taiwan ini dinilai melompat terlalu jauh.
Sistem otonom yang bekerja mengordinasikan hingga delapan agen AI mampu melakukan penyusupan dan mengambil keputusan mandiri tanpa campur tangan manusia. AI tersebut bertindak layaknya tim peretas independen.
""Ini mempertegas satu hal. Biaya untuk melancarkan serangan siber yang mumpuni kini telah anjlok drastis, tetapi biaya untuk bertahan darinya tidak,"" tulis Dream dalam unggahan blog resminya.
Chief Business and Strategy Officer Dream, Amir Becker, menyoroti bahayanya kemampuan adaptasi sistem AI ini.
""Ketika satu jalur diblokir, sistem ini langsung meneliti teknik baru secara real-time dan beradaptasi. Ini adalah penyerang yang bisa menyusun strategi, belajar, dan menyesuaikan diri sendiri,"" ungkap Becker.
Tak hanya lembaga pemerintah dan kementerian kehakiman, serangan berantai ini meluas ke Badan Keselamatan Nuklir Taiwan, vendor TI pemerintah, hingga sedikitnya tujuh perusahaan di sektor energi.
Para ahli mengidentifikasi penggunaan Bahasa Mandarin Sederhana (Simplified Chinese) pada dokumen internal peretasan tersebut. Hal ini memperkuat dugaan bahwa dalang di balik aksi ini terhubung kuat dengan China.
Saat dikonfirmasi, juru bicara Kementerian Luar Negeri China berkali-kali mengklaim tidak mengetahui situasi tersebut.
Ancaman siber dari Beijing sebenarnya bukan hal baru bagi Taiwan. Sepanjang tahun lalu, pulau berpenduduk 23 juta jiwa itu diserbu rata-rata 2,6 juta serangan siber per hari dari China-naik 6% dibanding periode sebelumnya.
Ketua Taiwan Network Information Center, Kenny Huang, menegaskan bahwa insiden Juli ini menjadi bukti nyata bahwa AI telah bergeser dari sekadar alat bantu menjadi pemain utama dalam perang siber.
""Setiap negara, bukan hanya Taiwan, masih belum siap menghadapi ancaman ini. Masih ada celah yang sangat besar dalam strategi pertahanan AI global, baik dari sisi regulasi, kapabilitas teknis, maupun kebijakan,"" pungkas Huang.",Negative,0
"Modus Baru Maling M-Banking Makin Ngeri, Rekening Ludes Seketika. Jakarta, CNBC Indonesia - Kejahatan siber yang menyasar aplikasi mobile banking (m-Banking) terus mengintai nasabah. Jika lengah, pelaku dapat membobol rekening hingga menguras seluruh saldo tabungan.
Di sisi lain, perkembangan layanan perbankan digital membuat aktivitas transaksi semakin mudah. Bank kini tidak hanya menyediakan fitur transfer dan pembayaran melalui m-Banking, tetapi juga mengembangkan aplikasi menjadi super app yang menawarkan berbagai layanan, mulai dari investasi hingga beragam kebutuhan pembayaran.
Sejumlah modus penipuan di aplikasi m-Banking antara lain pencurian data pribadi hingga pengelabuan (phishing). Untuk mengantisipasi hal tersebut, Otoritas Jasa Keuangan (OJK) membagikan sejumlah langkah preventif yang dapat dilakukan nasabah.
Berikut tips menghindari kejahatan digital banking:
Tidak memberitahukan kode akses atau nomor Personal Identification Number (PIN) kepada orang lain.
Tidak mencatat dan menyimpan kode akses atau nomor pribadi SMS banking di tempat yang mudah diketahui orang lain.
Memeriksa detail transaksi secara teliti sebelum melakukan konfirmasi.
Menunggu beberapa saat hingga menerima respons balik atas transaksi yang dijalankan.
Memeriksa notifikasi transaksi (SMS atau email) yang masuk secara teliti dan segera menghubungi call center bank apabila menemukan transaksi mencurigakan.
Segera mengganti PIN jika merasa kode akses tersebut telah diketahui oleh orang lain.
Segera melapor ke cabang terdekat atau call center bank jika kartu SIM (SIM card) hilang, dicuri, atau dipindahtangankan kepada pihak lain.
Waspada terhadap aplikasi berisiko di internet yang mengandung spam atau malware yang berpotensi mencuri data pribadi.
Menghindari transaksi internet banking menggunakan jaringan publik seperti WiFi gratis atau komputer umum (warnet) karena berisiko mengalami peretasan data.
Memastikan selalu melakukan proses log out setelah selesai melakukan transaksi.
Memastikan seluruh data pribadi telah dihapus (factory reset) saat berganti ponsel guna menghindari penyalahgunaan oleh pemilik perangkat berikutnya.",Negative,0
"Apple Tingkatkan Keamanan iPhone Menyusul Serangan Baru Spyware. JAKARTA
- Apple Tingkatkan Keamanan iPhone Menyusul Serangan Baru Spyware
CUPERTINO- Apple memperbarui sistem peringatan keamanannya untuk mendeteksi apakah perangkat iPhone pengguna menjadi target serangan spyware yang canggih.
Langkah ini diambil menyusul meningkatnya ancaman spyware yang kian canggih, yang sering kali digunakan untuk menargetkan individu tertentu seperti jurnalis, aktivis, politisi, dan diplomat.
Melalui pembaruan ini, notifikasi ancaman keamanan akan ditampilkan langsung di layar kunci iPhone serta di bagian atas menu Pengaturan bagi pengguna yang diyakini menjadi target serangan.
Saat notifikasi tersebut ditekan, sistem iOS akan menampilkan panduan mengenai langkah-langkah keamanan yang dapat diambil untuk melindungi data dan perangkat pengguna dari segala bentuk intrusi.",Positive,2
"Awas Rekening Terkuras! Panda Beracun Bisa Berubah Transparan-Curi PIN. Jakarta, CNBC Indonesia - Pengguna Android perlu waspadai karena serangan malware perbankan semakin canggih. Salah satunya ToxicPanda, atau dikenal juga sebagai TgToxic, yang diupgrade dengan kemampuan lebih luas untuk mencuri data hingga menguras rekening korban.
Peneliti keamanan siber dari Zimperium zLabs mengungkap ToxicPanda 2.0 membawa sejumlah peningkatan signifikan, termasuk 167 perintah jarak jauh.
Malware ini juga memperluas targetnya secara global dan menyasar lebih dari 140 aplikasi perbankan serta kripto untuk mencuri PIN.
ToxicPanda sendiri diketahui telah aktif setidaknya sejak Juli 2022. Dalam versi terbarunya, malware tersebut memanfaatkan layanan aksesibilitas Android untuk mengambil berbagai elemen yang tampil di layar perangkat korban.
""Melalui penyalahgunaan layanan aksesibilitas Android, pelaku dapat mencuri setiap elemen antarmuka pengguna di layar, sekaligus menggunakan mekanisme pencurian kredensial berbasis overlay yang menargetkan 349 institusi keuangan di 16 negara,"" kata peneliti keamanan Vishnu Pratapagiri, dikutip dari The Hacker News, Selasa (25/8/2026).
Jumlah tersebut meningkat drastis dibandingkan versi sebelumnya yang hanya menyasar 16 aplikasi perbankan. Artinya, ToxicPanda 2.0 kini memiliki cakupan target dan kemampuan serangan yang jauh lebih besar.
Ditambahkan, malware itu juga dapat mencuri kredensial layar kunci melalui tampilan palsu atau fake overlay. ToxicPanda 2.0 bahkan memiliki mekanisme klik otomatis untuk menyalahgunakan fitur Wireless Debugging Android melalui Android Debug Bridge (ADB).
Dengan memanfaatkan layanan aksesibilitas, malware dapat mengaktifkan Developer Options dan Wireless Debugging. Langkah tersebut memungkinkan pelaku meningkatkan hak akses dan memperoleh akses ke shell pada perangkat yang telah terinfeksi.
ToxicPanda 2.0 berkomunikasi dengan server command-and-control (C2) milik penyerang melalui permintaan HTTPS awal. Setelah itu, malware membangun saluran komunikasi WebSocket dua arah untuk menerima perintah sekaligus mengirimkan data dari perangkat korban.
Malware ini juga dapat menampilkan halaman penuh yang menyerupai pembaruan sistem. Tampilan tersebut bertujuan menyembunyikan aktivitas berbahaya yang berjalan di latar belakang.
Selain itu, ToxicPanda mampu memasang overlay transparan yang tidak terlihat pengguna untuk menangkap sentuhan pada layar dan mencuri PIN.
Kemampuan lainnya mencakup dapat membujuk korban memberikan hak akses Device Administrator. Setelah memperoleh akses tersebut, pelaku dapat mengganti PIN atau kata sandi layar kunci perangkat dengan kode yang mereka tentukan sendiri.
ToxicPanda juga dapat melakukan profiling terhadap perangkat yang terinfeksi untuk mengetahui produsen atau OEM. Informasi itu kemudian digunakan malware untuk menyesuaikan langkah agar terbebas dari kebijakan penghemat baterai Android.
Langkah tersebut memungkinkan malware tetap aktif di latar belakang dan menjalankan aktivitasnya tanpa mudah dihentikan sistem.
""Perkembangan kampanye terbaru juga menunjukkan perubahan metode distribusi, dengan sampel ToxicPanda 2.0 dikirim melalui bucket yang di-host di Amazon AWS. Ini menunjukkan bahwa para penyerang memanfaatkan infrastruktur cloud untuk mendistribusikan malware,"" kata Zimperium.",Negative,0
"Dua Model Ponsel Terakhir Ini Menandai Berakhirnya Era Nokia. BEIJING
- Fakta bahwa dua model terakhir berhenti menerima pembaruan perangkat lunak menandai penarikan total nama Nokia dari pasar ponsel pintar.
Merek ponsel terlaris dalam sejarah bersiap untuk sepenuhnya meninggalkan pasar ponsel pintar. Dua model terakhir yang masih menerima pembaruan, Nokia G310 5G dan Nokia XR21, akan berakhir masa dukungannya pada 24 Agustus 2026 dan 24 Mei 2027.
Setelah tanggal tersebut, kurangnya pembaruan keamanan dapat membuat perangkat tersebut rentan terhadap risiko keamanan data yang signifikan.
Ini menandai akhir dari perjalanan waralaba yang penuh gejolak bagi merek asal Finlandia ini. Setelah menjual divisi ponselnya ke Microsoft pada tahun 2013, hak untuk menggunakan nama Nokia pada ponsel dialihkan ke HMD pada tahun 2016.
Saat ini, grup Nokia berfokus pada telekomunikasi dan infrastruktur konektivitas, sementara HMD secara bertahap menghapus nama Nokia untuk fokus pada lini produk bermereknya sendiri.
Penghentian produksi kedua perangkat seluler ini secara resmi menandai berakhirnya era nostalgia bagi pengguna di seluruh dunia. Ketiadaan pembaruan perangkat lunak membuat peningkatan perangkat menjadi sangat penting. Konsumen perlu mempertimbangkan alternatif yang sesuai untuk memastikan keamanan data pribadi mereka.",Negative,0
"Tanda WhatsApp Dibajak Orang dari Jarak Jauh, Awas Rekening Ludes!. Jakarta, CNBC Indonesia - Penyadapan WhatsApp kini menjelma menjadi ancaman serius yang tak hanya merampas privasi, tetapi juga berpotensi menguras habis saldo rekening korban. Ketika akun tersadap, peretas dapat menguasai daftar kontak, membaca percakapan pribadi, hingga menguasai kode One-Time Password (OTP) perbankan dan e-commerce yang masuk via WhatsApp.
Modus penyusupan kini kian bervariasi, mulai dari infiltrasi malware, penyalahgunaan fitur WhatsApp Web, hingga aplikasi pihak ketiga.
1. Aktifkan Fitur Two-Step Verification Langkah proteksi paling krusial untuk mengunci akun dengan PIN rahasia tambahan:
2. Putuskan Sambungan WhatsApp Web Suspicious Cek berkala perangkat yang terhubung dengan akun Anda:
3. Ambil Alih Lewat Re-install Aplikasi Hapus (uninstall) dan unduh ulang aplikasi WhatsApp. Lakukan login ulang menggunakan nomor telepon Anda, lalu masukkan kode OTP resmi via SMS untuk mendepak akses peretas.
4. Kunci Aplikasi dengan Biomettrik Gunakan fitur pengaman bawaan perangkat:
5. Laporkan Pemblokiran Akun ke WhatsApp Jika akun telah sepenuhnya dikuasai peretas, kirim email darurat ke [email protected] :",Negative,0
"Top 3 Tekno: Aplikasi Android Pulse Sedot Perhatian. Aplikasi Android Pulse tiba-tiba muncul di daftar pembaruan Google Play Store, sehingga banyak pengguna merasa was-was.
Liputan6.com, Jakarta - Aplikasi Android Pulse tiba-tiba muncul di daftar pembaruan Google Play Store . Uniknya, aplikasi ini hadir tanpa ikon resmi dan hanya menampilkan kotak kosong.
Informasi ini menyedot perhatian para pembaca di kanal Tekno Liputan6.com, Minggu (23/8/2026) kemarin.
Berita lain yang juga populer datang dari semakin banyaknya halaman web yang memiliki indikasi dibuat menggunakan AI.
Advertisement
Lebih lengkapnya, simak tiga berita terpopuler di kanal Tekno Liputan6.com berikut ini.
1. Geger Aplikasi Android Pulse Muncul di Google Play Store, Berbahayakah?
Pengguna HP Android sempat dikejutkan dengan kemunculan aplikasi baru bernama Android Pulse di daftar pembaruan Google Play Store. Uniknya, aplikasi ini muncul tanpa ikon resmi dan hanya menampilkan kotak kosong.
Pantauan Tekno Liputan6.com di toko aplikasi Google, Minggu (23/8/2026), aplikasi ini belum muncul di Play Store untuk wilayah Indonesia--mungkin karena hanya diperuntukkan buat HP Android tertentu.
Meski bentuknya mencurigakan, Android Pulse bukanlah malware atau program berbahaya. Diwartakan 9to5google , Pulse merupakan aplikasi resmi besutan Google yang ditujukan untuk keperluan diagnosis sistem.
Apa Fungsi Android Pulse?
Dalam deskripsi resminya di Play Store, Google menjelaskan bahwa aplikasi ini bertugas memfasilitasi distribusi aturan untuk mendeteksi anomali pada konsumsi sumber daya sistem yang bersifat kritis, baik oleh sistem operasi Android maupun aplikasi yang terpasang.
Secara sederhana, Android Pulse bekerja di latar belakang tanpa antarmuka (user interface) yang bisa dibuka pengguna.
Aplikasi ini berfungsi sebagai alat diagnosis untuk memantau kesehatan perangkat, khususnya terkait penggunaan sumber daya penting seperti daya baterai, kinerja prosesor (CPU), dan memori (RAM).
Baca selengkapnya di sini
Pernah membaca sebuah teks di internet dan merasa tulisan tersebut seperti dibuat oleh bot kecerdasan buatan atau Artificial Intelligence (AI)? Dugaan tersebut ternyata cukup mungkin benar.
Studi terbaru Pew Research menunjukkan semakin banyak halaman web yang memiliki indikasi dibuat menggunakan AI.
Temuan ini juga berkaitan dengan teori Dead Internet yang mulai ramai dibahas sejak 2021. Teori tersebut menyebut sebagian besar aktivitas dan konten di internet pada akhirnya akan didominasi oleh bot dan AI.
Dilansir CNET , Minggu (2322/8/2026), peneliti Pew Research menganalisis hampir 500.000 halaman web berbahasa Inggris selama lima tahun terakhir menggunakan data dari Common Crawl.
Peneliti juga menganalisis sampel 10.000 halaman web terbaru yang dikumpulkan pada Juli 2026.
Dalam penelitian tersebut, peneliti menggunakan alat pendeteksi AI Open Pangram. Alat ini digunakan untuk mencari frasa, kata, dan pola bahasa yang dianggap menjadi ciri khas tulisan yang dibuat AI.
Baca selengkapnya di sini
Advertisement
Persidangan yang tengah berlangsung di California, Amerika Serikat, kembali menyoroti dugaan peran Meta dalam memperburuk krisis kesehatan mental anak-anak.
Para jaksa agung negara bagian mendesak Meta untuk bertanggung jawab atas dampak platform media sosialnya terhadap anak dan remaja.
Mantan insinyur keselamatan Meta, Arturo Béjar, memberikan kesaksian dalam persidangan tersebut. Ia menyebut perusahaan sengaja menerapkan kebijakan “jangan tanya, jangan beri tahu” terkait upaya menjaga keselamatan anak-anak di platformnya.
Dikutip dari Futurism , Minggu (23/8/2026), Béjar mengatakan Meta mengetahui bahwa platformnya dapat membahayakan anak-anak. Salah satu persoalan yang disorot adalah munculnya konten seperti kekerasan dan materi seksual dalam feed pengguna muda.
Menurut Béjar, Meta tidak segera mencari solusi meski telah memahami persoalan tersebut. Hal ini dinilai bertolak belakang dengan klaim perusahaan yang berulang kali menyatakan tidak menempatkan keuntungan di atas keselamatan pengguna.
“Tampaknya dia (Zuckerberg) menciptakan kesan palsu dan menyesatkan mengenai komitmen Facebook terhadap anak muda,” ujar Béjar dalam kesaksiannya.
Baca selengkapnya di sini
Advertisement
Advertisement
Advertisement
Copyright © 2026 Liputan6.com
KLY KapanLagi Youniverse All Right Reserved.",Neutral,1
"Registrasi Kartu SIM Wajib Biometrik Wajah, Akses NIK dan KK Ditutup Permanen. Komdigi menegaskan proses registrasi kartu SIM prabayar baru kini sepenuhnya mengandalkan metode verifikasi biometrik wajah.
Liputan6.com, Jakarta - Pemerintah melalui Kementerian Komunikasi dan Digital ( Komdigi ) mengambil langkah tegas untuk memperketat keutamaan keamanan data seluler di Indonesia.
Komdigi menegaskan proses registrasi kartu SIM prabayar baru kini sepenuhnya mengandalkan metode verifikasi biometrik berbasis wajah yang terhubung langsung dengan sistem kependudukan nasional.
Skema verifikasi konvensional yang sebelumnya menggunakan Nomor Induk Kependudukan (NIK) dan nomor Kartu Keluarga (KK) kini telah dihapus.
Advertisement
Direktur Pengendalian Ekosistem Digital Kemkomdigi, Dany Suwardany, memastikan seluruh operator seluler di Indonesia tidak lagi dapat melayani pendaftaran kartu SIM baru dengan metode lama tersebut.
""Sejak diberlakukannya registrasi biometrik secara penuh, registrasi menggunakan NIK dan nomor KK secara otomatis ditutup secara permanen oleh Dukcapil. Saat ini operator seluler sudah tidak bisa mengakomodir masyarakat yang menggunakan mekanisme konvensional tersebut,"" ujar Dany, dikutip dari Antara , Rabu (26/8/2026).
Langkah penutupan total sistem verifikasi konvensional ini diambil untuk merespons temuan di lapangan selama masa implementasi awal.
Kala itu, masih ada sejumlah operator seluler yang memfasilitasi pendaftaran kartu SIM baru menggunakan NIK dan nomor KK.
Guna memangkas celah penyalahgunaan data pribadi milik masyarakat oleh pihak yang tidak bertanggung jawab, akses verifikasi via NIK dan KK diputus sepenuhnya oleh Direktorat Jenderal Kependudukan dan Pencatatan Sipil (Dukcapil) Kementerian Dalam Negeri.
Alhasil, pemindaian wajah kini menjadi satu-satunya jalur valid untuk mengaktifkan kartu prabayar baru.
Dany mengklaim bahwa selama hampir dua bulan penerapan secara nasional, proses transaksi registrasi melalui pemindaian biometrik wajah berjalan lancar tanpa kendala teknis berarti.
Kendala nihil terutama tercatat pada segmen pengguna berusia 17 tahun ke atas yang data biometriknya telah terekam sempurna di basis data kependudukan.
Advertisement
Meski penerapan pada kelompok dewasa terhitung sukses, pemerintah menyadari adanya tantangan untuk kelompok masyarakat berusia di bawah 17 tahun.
Saat ini, registrasi kartu SIM bagi kelompok usia ini masih harus diwakilkan menggunakan biometrik wajah milik kepala keluarga atau wali yang sah.
Untuk mempermudah aksesibilitas tanpa mengorbankan standar keamanan, Komdigi bersama Ditjen Dukcapil Kemendagri dan asosiasi operator seluler tengah mengembangkan penyesuaian sistem.
Pengembangan ini ditargetkan mampu mengakomodasi mekanisme registrasi biometrik yang lebih responsif dan aman bagi anak-anak serta remaja.
Transisi menuju integrasi biometrik wajah ini mencatatkan tren positif. Berdasarkan Surat Edaran Dirjen Ekosistem Digital Nomor 55 Tahun 2025 tentang Pelaksanaan Registrasi Pelanggan Jasa Telekomunikasi dengan Menggunakan Data Kependudukan Biometrik, tahapan uji coba telah dimulai sejak Juli 2025 hingga akhirnya resmi diimplementasikan secara penuh pada 1 Juli 2026.
Hingga pertengahan 2026, Komdigi mencatat sebanyak 19.669.890 kartu SIM baru telah berhasil diaktifkan melalui verifikasi biometrik wajah.
Angka impresif ini menjadi tolok ukur bahwa infrastruktur digital dan kesiapan ekosistem jasa telekomunikasi di Indonesia telah berjalan stabil dalam menerapkan standar keamanan baru.
Advertisement
Advertisement
Advertisement
Advertisement
Copyright © 2026 Liputan6.com
KLY KapanLagi Youniverse All Right Reserved.",Positive,2
"TNI Gelar Kompetisi Siber: Pecahkan Rekor MURI, Pemenang Bisa Jadi Prajurit. Satuan Siber (Satsiber) TNI menggelar kompetisi penanganan ancaman siber di Mabes TNI, Cilangkap, Jakarta Timur, Minggu (23/8). Lomba ini meraih rekor MURI sebagai kompetisi dengan jumlah peserta terbanyak.
Lomba tersebut bertajuk Cyber Competition: Rise The Ranger 2. Ada 534 tim yang ikut dalam kompetisi tersebut. Tiga kategori yang diperlombakan tahun ini, yakni digital forensic, attack and defense, serta incident response.
Ajang ini menjadi wadah bagi mahasiswa, profesional, praktisi, komunitas, hingga masyarakat umum untuk menguji kemampuan menghadapi berbagai skenario ancaman siber.
""Tahun ini dapat kita 534 tim yang ikut dalam kompetisi meskipun saat pendaftaran ada 600-an. Dan alhamdulillah, puji Tuhan, tahun ini kita juga masuk dalam pemecahan rekor dari MURI dengan jumlah peserta terbanyak,"" ujar Komandan Satsiber TNI, Brigjen Juinta Omboh Sembiring, kepada wartawan.
Ia menjelaskan kompetisi Rise The Ranger 2 merupakan ajang untuk menguji kemampuan talenta-talenta Indonesia di bidang siber. Kompetisi tahun ini juga menghadirkan materi baru yang belum pernah digunakan dalam penyelenggaraan sebelumnya.
Juinta menjelaskan, para pemenang bisa mengikuti seleksi untuk masuk TNI.
""Nanti finalis 1, 2, 3 yang berkeinginan masuk menjadi prajurit TNI, kiya akan mengikuti seleksi langsung tingkat pusat. Ada prioritas, tapi tentunya ada materi-materi yang harus lulus dia, psikologi maupun mental ideologi, ini yang terpenting menurut kami,"" jelas dia.
""Tapi kalau masalah fisik, kesehatan, ya kalau kurang-kurang dikit, ya bisa dimaklumi nanti bisa lakukan diskresi saya pikir,"" lanjut dia.",Positive,2
"Pokemon Center Dibobol Hacker, Ini Jenis Data Pelanggan yang Bocor. Layanan Logistik Pokemon Center mengalami kebocoran, data apa saja yang bocor?
Liputan6.com, Jakarta - Pokemon Center mengalami kebocoran data pelanggan setelah penyedia layanan logistiknya, CEVA Logistics , terkena serangan siber .
Insiden tersebut berdampak pada pelanggan Pokemon Center di Inggris dan Jerman serta menyebabkan sejumlah pesanan mengalami keterlambatan hingga pembatalan.
Dikutip dari Polygon , Kamis (20/8/2026), serangan tersebut terjadi pada akhir Juli dan berdampak terhadap operasional CEVA Logistics. Perusahaan tersebut merupakan penyedia layanan logistik yang menangani proses pengiriman pesanan Pokémon Center di sejumlah wilayah.
Advertisement
Gangguan tersebut membuat sejumlah pelanggan Pokémon Center mengalami masalah pada pesanan mereka. Beberapa pesanan dilaporkan terlambat dikirim, sementara sebagian lainnya dibatalkan.
Pokemon Center kemudian menginformasikan pelanggan yang terdampak mengenai gangguan tersebut. Pemberitahuan juga diumumkan melalui situs Pokemon Center terkait informasi mengenai keterlambatan dan masalah pengiriman.
Serangan ini juga menyebabkan sejumlah data pelanggan terdampak. Informasi yang dilaporkan ikut terkena insiden meliputi nama lengkap, alamat pengiriman, nomor telepon, alamat email, serta riwayat pesanan.
Data tersebut dapat memberikan informasi mengenai identitas dan aktivitas pembelian pelanggan. Namun, informasi pembayaran dan akun pelanggan disebut tetap aman.
Insiden tersebut tidak hanya berdampak pada Pokemon Center. CEVA Logistics diketahui menangani layanan logistik untuk sejumlah perusahaan lain sehingga serangan terhadap perusahaan tersebut berpotensi memberikan dampak lebih luas.
Laporan mengenai serangan ini muncul setelah sejumlah pelanggan menyadari adanya pembatalan dan keterlambatan pesanan mereka.
Serangan terhadap CEVA Logistics terjadi pada akhir Juli 2026 dan memengaruhi aktivitas di sejumlah fasilitas perusahaan. Laporan TechRadar menyebut delapan gudang CEVA terdampak akibat insiden tersebut.
CEVA Logistics sendiri merupakan perusahaan yang menyediakan layanan rantai pasok dan logistik untuk berbagai perusahaan. Akibatnya, gangguan terhadap sistem perusahaan dapat berdampak pada proses pengiriman barang dari sejumlah klien.
Dalam kasus Pokemon Center, dampaknya terlihat pada proses pemenuhan pesanan pelanggan. Pesanan yang seharusnya diproses dan dikirim mengalami keterlambatan atau pembatalan.
Sementara itu, belum ada kelompok hacker yang secara terbuka mengaku bertanggung jawab atas serangan tersebut. Investigasi mengenai insiden dan dampaknya masih berlangsung.
Advertisement
Pokemon sendiri memiliki program pendeteksi kerentanan yang meminta peneliti keamanan bertanggung jawab melaporkan jika terdapat celah. Program tersebut mencakup sejumlah layanan Pokemon, termasuk domain Pokemon Center.
Insiden terbaru tersebut kembali menunjukkan bahwa keamanan data pelanggan tidak hanya bergantung pada perusahaan yang menjual produk secara langsung. Penyedia layanan pihak ketiga seperti perusahaan logistik juga dapat menjadi bagian penting dalam rantai pengelolaan data pelanggan.
Bagi pelanggan yang terdampak, data seperti nama, alamat, nomor telepon, email, dan riwayat pembelian dapat menjadi informasi yang perlu diwaspadai. Data itu berpotensi digunakan untuk membuat pesan atau komunikasi penipuan.
Untuk saat ini, informasi yang tersedia menunjukkan bahwa data pembayaran pelanggan tidak ikut terdampak. Namun, pelanggan yang menerima komunikasi mencurigakan tentang pesanan Pokemon Center tetap perlu berhati-hati dan memastikan informasi tersebut berasal dari saluran resmi.
Advertisement
Advertisement
Advertisement
Copyright © 2026 Liputan6.com
KLY KapanLagi Youniverse All Right Reserved.",Negative,0
"4 Cara Optimalkan AI untuk Cegah Serangan Siber di Perusahaan. Bersamaan dengan ancaman siber yang semakin merajalela, Akamai hadir menjadi solusi guna menjaga keamanan.
Liputan6.com, Jakarta - Semakin masif penggunaan kecerdasan buatan ( Artificial Intelligence / AI ) dan banyaknya terhubung ke berbagai tempat, celah keamanan menjadi risiko utama.
Dari aplikasi, API, data yang saling terhubung antar sistem dan lingkungan, infrastruktur, hingga agen AI.
Risiko ancaman siber ini dapat muncul dari kebocoran data, penyalahgunaan API, manipulasi model dan instruksi, hingga celah akses dan identitas.
Advertisement
Tradisional AI memiliki risiko lebih kecil dibandingkan agen AI yang bisa langsung bertindak dan bukan hanya menjawab pertanyaan. Hal ini membuat agen AI mempunyai kewenangan juga dampak lebih besar.
Melalui acara media briefing Akamai APAC, Kamis (20/8/2026), Reuben Koh, Security Technology and Strategy Director, Asia-Pacific and Japan membagikan empat hal yang harus dijadikan prioritas perusahaan agar alat dari Akamai dapat berjalan maksimal dalam mencegah serangan siber.
Untuk menunjang revolusi AI pada perusahaan, Akamai siap menjadi solusi, tidak hanya dari segi keamanan, tetapi juga pengiriman data hingga daya komputasi.
Untuk mendukung kebutuhan pelanggan, Akamai menyediakan jaringan global berkapasitas besar dan telah diaplikasikan ke banyak brand yang tersebar di berbagai negara.
Akamai sudah berpengalaman lebih dari 20 tahun melayani pelanggan di Asia Pasifik dengan mencapai pendapatan tahunan USD 1 miliar (sekitar Rp 17,7 triliun) pada 2025.
Kapasitas jaringan Akamai sendiri sebesar 1.000+ Tbps dan memiliki lokasi edge lebih dari 4.300. Bahkan, jaringannya sudah terkoneksi ke lebih dari 1.200 jaringan di 700 lebih kota dan 130 lebih negara.
Beberapa brand yang mempercayai Akamai dalam pengadopsian AI adalah Adidas, Adobe, Airbnb, Casio, Panasonic, dan masih banyak lagi.
Akamai membantu organisasi di Asia Pasifik untuk membangun, mengamankan, dan mengembangkan generasi berikutnya dari pengalaman digital AI.
Advertisement
Platform penyedia layanan bisnis AI, GoVeda, disebutkan memiliki tantangan dalam mengolah database AI berukuran raksasa. Mereka membutuhkan infrastruktur cepat dan penghematan biaya.
Solusinya, dengan bermigrasi ke Akamai Cloud dan menggunakan prosesor G8 & GPU RTX 6.000 Pro, performa naik 30% dan biaya berkurang 20%.
Sementara itu, penyedia layanan telekomunikasi di India, Sarv, membutuhkan infrastruktur yang hemat biaya untuk sistem darurat, pencegahan kejahatan siber, dan alat kolaborasi.
Setelah beralih ke Akamai Cloud yang dikelola CloudMinister, biaya operasional AI menurun, namun kecepatan dan keandalan tetap terjaga.
Advertisement
Advertisement
Advertisement
Copyright © 2026 Liputan6.com
KLY KapanLagi Youniverse All Right Reserved.",Positive,2
"Aplikasi AI Pembuat Video Pornografi Berkeliaran Muncul di App Store. MENLO PARK
- Appledikenal dengan proses peninjauan aplikasi yang ketat sebelum mengizinkannya muncul di App Store iPhone, yang membantu mencegah aplikasi yang melanggar kebijakan atau mengandung malware.
Namun, surat kabarThe Independentmenemukan sejumlah aplikasi di App Store yang menggunakan kecerdasan buatan untuk mengubah potret seseorang menjadi video pornografi, bahkan membuat video yang menggambarkan pemerkosaan atau pelecehan seksual dengan tingkat realisme yang sangat tinggi.
Surat kabarThe Independentmelaporkan bahwa aplikasi-aplikasi ini mencantumkan puluhan skenario bagi AI untuk membuat konten pornografi dari gambar yang disediakan oleh pengguna.
Aplikasi-aplikasi tersebut memungkinkan pengguna untuk membuat beberapa konten secara gratis sebelum kemudian dikenakan biaya.
Yang perlu diperhatikan, aplikasi-aplikasi ini tidak hanya muncul di App Store. Situs teknologiWiredjuga menemukan beberapa aplikasi yang membuat konten pornografi dan menayangkan iklan di platform media sosial Meta seperti Facebook dan Instagram. Ini berarti aplikasi-aplikasi ini juga telah melewati proses moderasi konten iklan Meta.
Apple telah menghapus aplikasi yang menghasilkan pornografi menggunakan AI setelah menerima laporan dariThe Independent, yang menyatakan bahwa aplikasi tersebut melanggar kebijakan perusahaan.
“Aplikasi yang ‘menampilkan ketelanjangan’ melanggar kebijakan perusahaan. Kami telah secara proaktif menolak dan menghapus banyak aplikasi ini, termasuk yang dilaporkan oleh pengguna,” kata perwakilan Apple.
Kebijakan App Store menyatakan bahwa aplikasi tidak boleh menyertakan “konten yang menyinggung, tidak sensitif, menyedihkan, atau sengaja menjijikkan atau sekadar menakutkan.” Namun, Apple belum menjelaskan mengapa konten pornografi yang dihasilkan AI lolos dari proses peninjauan perusahaan dan muncul di App Store.",Negative,0
"Mac Bisa Langsung Dibobol Hacker Tanpa Password, Segera Lakukan Ini. Jakarta, CNBC Indonesia - Pengguna Mac diminta segera memperbarui sistem operasi perangkatnya. Sebab, hacker disebut sudah mengeksploitasi celah keamanan pada fitur Screen Sharing Apple untuk membobol Mac tanpa memerlukan password yang valid.
Pusat Keamanan Siber Nasional Belanda (NCSC) mengeluarkan peringatan setelah menerima laporan sejumlah insiden yang memanfaatkan kerentanan tersebut untuk memasang penambang kripto atau cryptominer Monero.
Celah keamanan itu tercatat sebagai CVE-2026-65400 dan sudah ditambal Apple pada 6 Agustus 2026. Kerentanan tersebut merupakan celah authentication bypass pada fitur Screen Sharing di macOS yang memungkinkan penyerang di jaringan terhubung ke perangkat tanpa kredensial yang sah, demikian dikutip dari Malwarebytes, Rabu (19/8/2026).
Screen Sharing merupakan fitur bawaan macOS yang memungkinkan pengguna mengendalikan Mac dari jarak jauh. Layanan ini umumnya berjalan melalui port 5900.
Jika berhasil mengeksploitasi celah tersebut, penyerang dapat memperoleh akses untuk melihat dan mengendalikan Mac dari jarak jauh. Dalam kasus yang ditemukan NCSC, hacker bahkan berhasil mendapatkan akses root dan memasang software untuk menambang Monero.
Apple memperbaiki celah tersebut melalui mekanisme yang disebut sebagai improved state management. Perbaikan ini mengindikasikan adanya masalah dalam proses autentikasi atau validasi status sesi, bukan kerusakan pada sistem kriptografi.
Apple sendiri telah merilis perbaikan untuk macOS Tahoe 26.6.1, Sequoia 15.7.9, dan Sonoma 14.8.9.
Risiko paling tinggi mengintai Mac yang mengaktifkan Screen Sharing dan membuat port 5900 dapat diakses dari internet. Kondisi tersebut dapat terjadi, misalnya, ketika pengguna melakukan port forwarding pada router, menggunakan alamat IP publik, atau menjalankan perangkat melalui penyedia hosting.
Namun, Mac yang hanya dapat diakses dari jaringan internal tetap berpotensi menjadi sasaran. Dalam kondisi tersebut, hacker terlebih dahulu harus mendapatkan akses ke jaringan yang sama.
Kasus yang ditemukan sejauh ini memang berkaitan dengan penambangan Monero. Hacker kemungkinan memilih Monero karena proses penambangannya tidak bergantung pada perangkat ASIC yang sangat spesifik. Penambangan dapat dilakukan menggunakan CPU maupun GPU.
Meski demikian, cryptomining bukan satu-satunya ancaman. Jika hacker berhasil memperoleh akses tingkat root, mereka berpotensi mempertahankan akses ke perangkat, mencuri data, mengambil kredensial dan kunci keamanan, memasang malware tambahan, hingga melakukan pergerakan ke perangkat lain dalam jaringan.
Langkah utama yang disarankan adalah segera melakukan pembaruan macOS. Pengguna dapat membuka menu Apple di pojok kiri atas layar, kemudian memilih System Settings.
Selanjutnya, pilih General, lalu Software Update. Mac akan memeriksa pembaruan yang tersedia. Jika pembaruan muncul, pilih Update Now atau Upgrade Now, kemudian ikuti instruksi di layar.
Pengguna mungkin perlu memasukkan password administrator. Pastikan Mac tetap terhubung ke internet dan sumber listrik hingga proses pembaruan selesai karena perangkat dapat melakukan restart.
Jika belum bisa memperbarui macOS, pengguna dapat menonaktifkan Screen Sharing apabila fitur tersebut tidak digunakan.
Caranya dengan membuka Apple Menu > System Settings > General > Sharing, kemudian mencari Screen Sharing. Jika fitur tersebut aktif, matikan tombolnya.
Pengguna juga disarankan memeriksa Remote Management di halaman Sharing yang sama. Fitur tersebut menyediakan jalur lain untuk mengendalikan Mac dari jarak jauh sehingga sebaiknya dinonaktifkan jika tidak digunakan untuk kebutuhan pekerjaan atau dukungan IT.",Positive,2
"Top 3 Tekno: Daftar HP Xiaomi yang Kebagian HyperOS 4. HyperOS 4 menyuguhkan model LLM buatan Xiaomi sendiri, MiMo, guna mendukung Super AI Assistant 2.0.
Liputan6.com, Jakarta - Xiaomi baru saja memperkenalkan antarmuka HyperOS 4 . Informasi mengenai daftar HP Xiaomi yang kebagian pembaruan perangkat lunak itu membuat penasaran para pembaca di kanal Tekno Liputan6.com , Senin (17/8/2026) kemarin.
Berita lain yang juga menuai perhatian datang dari sebuah insiden berkaitan dengan kecerdasan buatan (Artificial Intelligence/AI) terjadi di Australia.
Program kecerdasan buatan (agen AI) telah melakukan hal di luar batas demi memenuhi perintah pengguna. Lebih lengkapnya, simak tiga berita terpopuler di kanal Tekno Liputan6.com berikut ini.
Advertisement
1. Xiaomi Perbarui Tampilan HyperOS 4, Ini Daftar Perangkat yang Kebagian
Xiaomi meluncurkan Android 17 sebagai HyperOS 3 dan kini mereka sudah memperkenalkan HyperOS 4. Pembaruan ini menghadirkan antarmuka baru, dengan menampilkan desain efek kaca (glass) serta mampu merender efek pembiasan cahaya secara realistis.
Selain itu, sebagaimana dikutip dari GSMArena , Senin (17/8/2026), Xiaomi menawarkan opsi kustom lock screen, mulai dari mengatur posisi jam dan notifikasi bebas sesuai keinginan. Sistem ini juga memungkinkan kamu mengubah ukuran folder dan mengelompokkan widget.
Fleksibilitas ini disempurnakan dengan transisi mulus saat berpindah aplikasi dalam mode potret dan lanskap, termasuk otomatis memutar aplikasi yang melayang (floating apps).
Performa
Bukan hanya itu, Xiaomi juga mengoptimalkan sistem internal untuk mempercepat waktu pemuatan aplikasi. Disebutkan dalam sebuah pengujian internal, setelah ponsel digunakan 9 jam, kecepatan pemuatan aplikasi meningkat 18% dibandingkan HyperOS 3.
Terdapat mekanisme dari kecerdasan buatan (Artificial Intelligence/AI) yang bekerja di belakang layar. Mereka akan memprediksi kebutuhan sumber daya pengguna dan langsung memuatnya terlebih dahulu ke dalam RAM.
Baca selengkapnya di sini
Sebuah insiden berkaitan dengan kecerdasan buatan (Artificial Intelligence/AI) terjadi di Australia. Program kecerdasan buatan (agen AI) telah melakukan hal diluar batas demi memenuhi perintah pengguna.
Berdasarkan laporan ABC minggu ini pada kasus Andrew, dilaporkan ia meminta agen AI untuk memindahkannya dari urutan keempat daftar tunggu kelas gym ke urutan teratas.
Mengejutkannya, sebagaimana diwartakan The Guardian , Kamis (13/8/2026), agen AI miliknya meretas sistem perangkat lunak gym tersebut dan menendang anggota lain dari daftar tunggu.
Ketika diminta membatalkan, agen AI itu justru membalas, “Maaf, saya seharusnya lebih berhati-hati.”
Insiden ini menunjukkan bahwa AI bisa melakukan sesuatu sesuai perintah dan seringkali akan mencari jalan pintas yang sebenarnya tidak diminta pengguna.
Profesor Jeannie Paterson, Direktur Centre for AI and Digital Ethics dari University of Melbourne, menegaskan, secara hukum tanggung jawab jatuh ke pengguna atau pihak yang menyebarkan AI tersebut.
Baca selengkapnya di sini
Advertisement
CEO Meta Mark Zuckerberg baru-baru ini menerbitkan surat terbuka sepanjang 6.500 kata berjudul ""The Future is for Everyone"" atau ""Masa Depan untuk Semua"". Tulisan tersebut menjadi manifesto terbaru dari bos perusahaan teknologi yang menyampaikan pandangannya mengenai besarnya potensi kecerdasan buatan (AI).
Bagi sebagian orang, tulisan Zuckerberg merupakan ungkapan optimisme terhadap masa depan AI. Namun, bagi sebagian lainnya, manifesto tersebut tidak lebih dari strategi hubungan masyarakat yang dibuat dalam bentuk tulisan panjang.
Dikutip dari BBC , Senin (17/8/2026), Zuckerberg bukan satu-satunya bos teknologi yang menyampaikan visi besarnya tentang AI. Dalam beberapa tahun terakhir, sejumlah pemimpin perusahaan teknologi juga membuat manifesto yang menjelaskan mengapa AI akan menjadi teknologi paling penting di masa depan.
Visi mereka memiliki kesamaan. Teknologi yang sedang mereka kembangkan dianggap sebagai salah satu inovasi paling penting dalam sejarah manusia.
Marc Andreessen, salah satu pendiri Netscape, perusahaan pelopor internet, mungkin menjadi salah satu tokoh yang memulai tren tersebut pada 2023.
Saat itu, Andreessen menerbitkan esai sepanjang sekitar 5.000 kata berjudul ""The Techno-Optimist Manifesto"". Ia berpendapat bahwa inovasi merupakan salah satu cara untuk menyelesaikan berbagai persoalan kehidupan manusia.
Baca selengkapnya di sini
Advertisement
Advertisement
Advertisement
Copyright © 2026 Liputan6.com
KLY KapanLagi Youniverse All Right Reserved.",Negative,0
"Benarkah Meta Pura-Pura Peduli Keselamatan Anak?. Persidangan di California mengungkap kesaksian mantan insinyur Meta soal dugaan kelalaian perusahaan melindungi anak-anak.
Liputan6.com, Jakarta - Persidangan yang tengah berlangsung di California, Amerika Serikat, kembali menyoroti dugaan peran Meta dalam memperburuk krisis kesehatan mental anak-anak.
Para jaksa agung negara bagian mendesak Meta untuk bertanggung jawab atas dampak platform media sosialnya terhadap anak dan remaja.
Mantan insinyur keselamatan Meta, Arturo Béjar, memberikan kesaksian dalam persidangan tersebut. Ia menyebut perusahaan sengaja menerapkan kebijakan “jangan tanya, jangan beri tahu” terkait upaya menjaga keselamatan anak-anak di platformnya.
Advertisement
Dikutip dari Futurism , Minggu (23/8/2026), Béjar mengatakan Meta mengetahui bahwa platformnya dapat membahayakan anak-anak. Salah satu persoalan yang disorot adalah munculnya konten seperti kekerasan dan materi seksual dalam feed pengguna muda.
Menurut Béjar, Meta tidak segera mencari solusi meski telah memahami persoalan tersebut. Hal ini dinilai bertolak belakang dengan klaim perusahaan yang berulang kali menyatakan tidak menempatkan keuntungan di atas keselamatan pengguna.
“Tampaknya dia (Zuckerberg) menciptakan kesan palsu dan menyesatkan mengenai komitmen Facebook terhadap anak muda,” ujar Béjar dalam kesaksiannya.
Bocoran dari Orang Dalam
Kesaksian Béjar bukan satu-satunya tudingan yang diarahkan kepada Meta. Sejumlah mantan orang dalam perusahaan sebelumnya juga pernah mengungkap dugaan strategi yang berkaitan dengan pengguna di bawah umur.
Tahun lalu, mantan Direktur Kebijakan Publik Facebook, Sarah Wynn-Williams, menerbitkan buku yang mengungkap strategi perusahaan dalam memperluas jangkauan iklan kepada anak di bawah umur sejak 2017.
Dalam bukunya, Wynn-Williams mengungkap bahwa Facebook pernah mempromosikan kemampuannya untuk memanfaatkan “momen kerentanan psikologis” pengguna, termasuk ketika mereka merasa “tidak berharga” atau “tidak percaya diri.”
Ia juga mengungkap dugaan bahwa Facebook melacak ketika remaja perempuan menghapus foto mereka. Data tersebut kemudian disebut dapat dimanfaatkan untuk menampilkan iklan produk kecantikan kepada mereka pada waktu yang dianggap tepat.
Kesaksian dan pengungkapan dari sejumlah mantan orang dalam tersebut semakin menambah sorotan terhadap cara perusahaan teknologi mengelola keselamatan pengguna muda.
Hasil akhir persidangan di California masih dinantikan. Namun, kesaksian Béjar dan sejumlah pengungkapan sebelumnya kembali memunculkan pertanyaan mengenai sejauh mana perusahaan teknologi bertanggung jawab atas dampak platform mereka terhadap anak-anak dan remaja.
Di tengah persoalan tersebut, perhatian terhadap keamanan teknologi juga meluas ke perkembangan kecerdasan buatan (AI).
Bulan lalu, OpenAI mengungkapkan kabar mengejutkan bahwa salah satu model AI miliknya berhasil menembus sistem keamanan internal dan meretas platform AI open-source Hugging Face.
Sebagaimana dikutip dari Futurism, Sabtu (8/8/2026), sejumlah pakar menilai insiden tersebut sebagai alarm bahaya terbaru terkait perkembangan kemampuan AI.
Model AI yang mampu menyusup ke dalam sistem secara otonom selama bertahun-tahun hanya menjadi kekhawatiran teoretis. Namun, insiden tersebut menunjukkan bahwa kemampuan semacam itu mulai terlihat dalam praktik.
Advertisement
Meski demikian, tidak semua pengamat melihat insiden tersebut secara sama. Sejumlah pihak justru mempertanyakan apakah aksi peretasan itu benar-benar terjadi secara tidak terduga.
Muncul spekulasi bahwa OpenAI sengaja “merancang” peretasan tersebut sebagai bagian dari publicity stunt atau aksi untuk mendapatkan perhatian publik. Ada pula dugaan bahwa perusahaan sengaja menurunkan sistem pertahanannya untuk memancing sorotan media.
Kecurigaan tersebut muncul di tengah persaingan industri AI yang semakin ketat. Hanya tiga bulan sebelum insiden tersebut, pesaing OpenAI, Anthropic, juga menjadi sorotan setelah mengumumkan bahwa model AI mereka, Mythos, melakukan hal serupa.
Di tengah persaingan yang semakin panas, klaim bahwa model AI memiliki kemampuan cukup canggih untuk menimbulkan risiko di dunia nyata justru dapat menjadi strategi promosi yang menguntungkan bagi perusahaan teknologi.
Situasi semakin menarik ketika Meta ikut terseret dalam narasi tersebut. Menurut laporan The Wall Street Journal (WSJ), perusahaan teknologi yang dipimpin Mark Zuckerberg itu mengklaim bahwa dalam uji coba independen terbaru, AI milik mereka berhasil mengakses internet dan meretas layanan pihak ketiga.
Pola narasi tersebut dinilai terasa familier. Perusahaan-perusahaan teknologi kini tidak hanya berlomba mengembangkan AI dengan kemampuan semakin canggih, tetapi juga berupaya menunjukkan seberapa jauh teknologi mereka mampu beroperasi secara mandiri.
Di sisi lain, perkembangan tersebut kembali memunculkan pertanyaan mengenai batas keamanan dan tanggung jawab perusahaan ketika teknologi yang mereka kembangkan mulai memiliki kemampuan untuk memengaruhi atau mengakses sistem di dunia nyata.
Advertisement
Advertisement
Advertisement
Copyright © 2026 Liputan6.com
KLY KapanLagi Youniverse All Right Reserved.",Negative,0
"Saat Agen AI Bikin Onar, Siapa yang Harus Bertanggung Jawab?. Dari insiden agen AI berbuat kerusuhan ini, siapakah yang seharusnya bertanggung jawab?
Liputan6.com, Jakarta - Sebuah insiden berkaitan dengan kecerdasan buatan ( Artificial Intelligence / AI ) terjadi di Australia. Program kecerdasan buatan ( agen AI ) telah melakukan hal diluar batas demi meme nuh i perintah pengguna.
Berdasarkan laporan ABC minggu ini pada kasus Andrew, dilaporkan ia meminta agen AI untuk memindahkannya dari urutan keempat daftar tunggu kelas gym ke urutan teratas.
Mengejutkannya, sebagaimana diwartakan The Guardian, Kamis (13/8/2026), agen AI miliknya meretas sistem perangkat lunak gym tersebut dan menendang anggota lain dari daftar tunggu.
Advertisement
Ketika diminta membatalkan, agen AI itu justru membalas, “Maaf, saya seharusnya lebih berhati-hati.”
Insiden ini menunjukkan bahwa AI bisa melakukan sesuatu sesuai perintah dan seringkali akan mencari jalan pintas yang sebenarnya tidak diminta pengguna.
Profesor Jeannie Paterson, Direktur Centre for AI and Digital Ethics dari University of Melbourne, menegaskan, secara hukum tanggung jawab jatuh ke pengguna atau pihak yang menyebarkan AI tersebut.
Paterson mengatakan dalam kasus ini, Andrew sudah cukup bertanggung jawab dengan mengungkapkan masalah tersebut secara terbuka dan berupaya memperbaikinya.
Kepolisian Victoria menyatakan aksi agen AI milik Andrew memang belum masuk pidana. Namun, para ahli memperingatkan kasus serupa bisa saja terjadi ke depannya dan berdampak lebih parah, seperti pencemaran nama baik, penipuan, hingga pelanggaran privasi.
Contoh lain ketika properti sewaan meminta agen AI mereka menulis ulasan buruk dengan jumlah banyak. Akibatnya, peringkat properti tersebut anjlok drastis hingga dapat menghancurkan bisnis seseorang. Dalam kasus ini, pengembang bisa dimintai pertanggungjawaban.
Pemerintah Australia sendiri menegaskan berbagai aturan hukum yang berhubungan dengan AI, seperti pelanggaran privasi, hak konsumen, keamanan online , pencemaran nama baik, dan hukum pidana.
Paterson dan Dr. Rebecca Johnson, pakar tata kelola AI dari University of Sydney, menolak istilah “rogue” yang seolah-olah agen AI bertindak sendiri. Menurutnya, AI bekerja demi tujuan yang ditetapkan.
Jika pengguna tidak membuat batasan dan pengembang tidak menyediakan sistem keamanan, celah bahaya akan semakin terbuka lebar.
“Banyak orang membuat agen AI tanpa panduan yang jelas, sementara terdapat banyak panduan berkualitas beragam di luar sana,” ujar Paterson menuturkan.
Pada akhirnya, berbagai kasus akan berujung di ranah hukum dan para pengembang berkewajiban memantau insiden serta mengembangkan protokol mereka.
Advertisement
Advertisement
Advertisement
Advertisement
Copyright © 2026 Liputan6.com
KLY KapanLagi Youniverse All Right Reserved.",Negative,0
"Ngeri! Indonesia Digempur 257 Juta Kali Serangan Siber, Ini yang Diincar Hacker. 257,97 juta serangan siber mengintai Indonesia sejak Januari hingga Juni 2026. Apa yang diincar hacker?
Liputan6.com, Jakarta - Ruang siber Indonesia berada di bawah ancaman serius. Sepanjang Semester I 2026, terjadi lonjakan serangan digital yang sangat signifikan, bahkan mencapai hampir dua kali lipat dibandingkan periode yang sama tahun sebelumnya.
Laporan Ancaman Digital di Indonesia Semester 1 2026 dari platform threat intelligence AwanPintar.id mencatat ada 257,97 juta serangan yang mengintai Indonesia sejak Januari hingga Juni 2026.
Angka ini melonjak hingga 93,33% dibanding Semester I 2025 yang tercatat sebanyak 133,43 juta serangan. Jika dikalkulasikan, ruang siber nasional menerima gempuran rata-rata 16 serangan per detik.
Advertisement
Ancaman ini tak lagi bersifat acak, melainkan operasi otomatis yang berlangsung terus-menerus untuk mengeksploitasi sektor-sektor rentan, mulai dari layanan publik, pemerintahan, hingga dunia usaha.
Founder AwanPintar.id, Yudhi Kukuh, mengungkapkan bahwa eskalasi ini dipicu oleh makin luasnya ruang serangan (attack surface) seiring akselerasi transformasi digital.
""Meningkatnya pemanfaatan layanan cloud, kecerdasan buatan (AI), serta transaksi online masyarak at tur ut memperluas celah yang diincar peretas,"" ungkap Yudhi, dikutip Rabu (19/8/2026).
Satu hal yang paling mengkhawatirkan dari data terbaru ini adalah perubahan taktik para hacker (peretas). Upaya merebut kendali pe nuh atas akun administrator (Attempted Administrator Privilege Gain) melonjak drastis dari hanya 2,76% pada tahun lalu menjadi 43,65% pada Semester I 2026.
Penjebolan hak akses administrator adalah tahap paling krusial sebelum peretas melancarkan aksi lanjutan yang destruktif, seperti penyebaran ransomware, pencurian data massal, hingga sabotase total infrastruktur jaringan.
Pelaku aktif memanfaatkan kredensial curian, eksploitasi kerentanan sistem, serta bot otomatisasi untuk menebak hak akses istimewa ini.
Di saat yang sama, upaya pembocoran informasi sensitif (Attempted Information Leak) juga naik menjadi 13,97%. Aktor kejahatan siber kian gencar berburu data bernilai tinggi, seperti kredensial akun, data nasabah, hingga informasi kartu kredit.
Teknik brute forc e--menebak kata sandi menggunakan alat otomatis berkecepatan tinggi--masih menjadi senjata favorit penyerang.
Laporan AwanPintar.id juga memetakan peta asal peretas. Serangan lintas negara masih didominasi oleh peretas asal Tiongkok (21,94%) dan Amerika Serikat (10,83%).
Namun, ada lonjakan dari kawasan regional seperti Singapura, yang mengindikasikan bahwa peretas memanfaatkan jaringan berlatensi rendah di dekat Indonesia agar serangan bekerja lebih cepat.
Menariknya, ancaman dari dalam negeri juga tak boleh dipandang sebelah mata. Dua daerah di Indonesia mendadak muncul sebagai titik asal serangan baru yang signifikan, yakni Banyuwangi (melonjak dari 0,01% ke 4,53%) dan Tangerang (naik dari 0,03% ke 3,46%).
Hal ini mengindikasikan banyaknya perangkat atau server domestik yang telah terkompromi dan dimanfaatkan sebagai botnet.
Selain itu, pintu masuk malware paling populer dilakukan melalui penyusupan DoublePulsar Backdoor yang mendominasi hingga 99,28% dalam kasus pencurian kredensial.
Advertisement
Melihat kondisi yang makin kritis ini, AwanPintar.id® mendesak seluruh organisasi di Indonesia untuk segera meninggalkan metode keamanan konvensional dan beralih ke pendekatan yang lebih adaptif berbasis risiko.
""Sektor pemerintah dan bisnis harus memperkuat deteksi dini, manajemen kerentanan, serta menerapkan autentikasi multifaktor (MFA) dan enkripsi data,"" tegas Yudhi.
""Dengan deteksi berbasis perilaku ( threat intelligence ) yang terus diperbarui, kita dapat meminimalkan risiko kebocoran data yang berpotensi menimbulkan kerugian finansial maupun reputasi,"" ia memungkaskan
Advertisement
Advertisement
Advertisement
Copyright © 2026 Liputan6.com
KLY KapanLagi Youniverse All Right Reserved.",Negative,0
"Makin Mirip AirDrop, Quick Share Kini Jadi Lebih Mudah dan Cepat. Quick Share kini hadir dengan pembaruan yang dinilai mirip AirDrop. Seperti apa?
Liputan6.com, Jakarta - Google memberikan pembaruan baru pada fitur berbagi data nirkabel miliknya, Quick Share . Kini, kamu bisa bertukar informasi kontak, foto dan video hanya dengan mendekatkan dua perangkat Android yang kompatibel.
Untuk berbagi informasi kontak, kamu bisa mendekatkan ujung kedua ponsel hingga muncul notifikasi di layar.
Sedangkan untuk membagikan file berukuran besar, kamu dapat membuka Share Sheet di file kemudian tempelkan kedua ponsel. Demikian sebagaimana dikutip dari Engadget , Minggu (16/8/2026)
Advertisement
Pada dasarnya, cara tersebut mirip dengan fitur NameDrop milik Apple di iOS 17. Kemiripan Quick Share dan AirDrop dinilai masuk akal, karena perkembangan saat ini mengikuti langkah sebelumnya demi meningkatkan interoperabilitas antara kedua fitur tersebut.
Sebelumnya, Google mendukung interoperabilitas dengan AirDrop pada lini ponsel Pixel 10 di akhir 2025, sebelum akhirnya akan meluas ke perangkat lain.
Pembaruan Quick Share akan diluncurkan mulai dari Pixel 6 ke atas. Nantinya, akan diterapkan ke Samsung Galaxy Z Fold 8 Ultra, Galaxy Z Fold 8, dan Galaxy Z Flip 8.
Google berjanji akan memperluas dukungan ke perangkat Android lain akhir tahun nanti.
Di sisi lain, fitur berbagi file seperti AirDrop di iPhone dan Quick Share di Android memang sangat memudahkan pengguna. Namun, sebuah penelitian keamanan dari CISPA Helmholtz Center for Information Security, menemukan potensi ancaman berbahaya dari penggunaan fitur tersebut.
Menurut laporan Help Net Security, dikutip dari BGR , Kamis (2/7/2026), terungkap enam potensi ancaman yang dapat mempengaruhi perangkat iOS, Android, macOS, dan bahkan Windows.
Tiga di antaranya terkait dengan AirDrop di iPhone, Mac, dan perangkat Apple lainnya. Sementara sisanya menargetkan Quick Share di perangkat Android dan Windows.
Menariknya, serangan yang terjadi bisa dilakukan hacker hanya dengan satu laptop berkoneksi Wi-Fi dalam radius sekitar 30 meter. Pelaku cukup mengirim satu permintaan yang salah format ( malformed request ), untuk memaksa layanan latar belakang yang menjalankan AirDrop berhenti berfungsi.
Advertisement
Sementara itu, Quick Share juga memiliki tiga celah keamanan. Dua di antaranya ditemukan di implementasi Samsung, yang memungkinkan mekanisme pemeriksaan sesi dilewati dalam kondisi tertentu.
Adapun satu kerentanan lainnya terdapat di Quick Share versi Windows milik Google, berupa masalah heap use-after-free yang berpotensi dimanfaatkan untuk menjalankan serangan lebih lanjut.
Namun, ancaman penggunaan fitur berbagi file ini telah dilaporkan ke Apple dan Google. Selain itu, dua potensi ancaman yang bisa terjadi ini, telah memiliki perbaikan yang dirilis, sedangkan empat lainnya sedang menunggu penyelesaian perbaikan secara resmi.
Para pengguna iPhone maupuan Android, dapat terlindung dari segala ancaman dengan selalu memperbarui sistem operasi ke versi terbaru, serta membatasi pengaturan AirDrop maupun Quick Share hanya untuk kontak terpercaya, atau menonaktifkannya saat tidak digunakan, demi mengurangi risiko serangan.
Advertisement
Advertisement
Advertisement
Copyright © 2026 Liputan6.com
KLY KapanLagi Youniverse All Right Reserved.",Neutral,1
"Amerika Darurat, Terungkap Serangan Diam-Diam dari Dalam. Jakarta, CNBC Indonesia - Pemerintah Amerika Serikat (AS) memperingatkan adanya ancaman serangan siber terhadap perangkat yang digunakan untuk mengoperasikan dan memantau fasilitas air serta infrastruktur kritis lainnya. Sejumlah peretas yang belum teridentifikasi disebut tengah berupaya membobol perangkat buatan Siemens.
Peringatan tersebut tertuang dalam advisori keamanan siber yang diterbitkan pada Rabu (19/8). Badan Keamanan Nasional AS (NSA), FBI, Departemen Energi, Badan Perlindungan Lingkungan (EPA), serta Cybersecurity and Infrastructure Security Agency (CISA) menerbitkan peringatan bersama tersebut.
Dalam advisori itu, pemerintah AS menyebut terdapat ""active threat"" atau ancaman aktif terhadap seluruh programmable logic controller (PLC) Siemens seri S7 yang digunakan di berbagai sektor infrastruktur penting.
Perangkat tersebut berperan mengendalikan dan memantau proses industri. Penggunaannya mencakup sektor manufaktur, energi, air dan pengolahan air limbah, kimia, pangan, hingga pertanian.
Pemerintah AS memperingatkan bahwa jika peretas berhasil mengambil alih perangkat tersebut, dampaknya bisa sangat serius. Serangan dapat mengganggu proses penting, memicu insiden keselamatan, menyebabkan penghentian operasional, hingga merusak peralatan.
Selain itu, peretas berpotensi mencuri data sensitif dan memicu pelanggaran kepatuhan. Gangguan juga dapat menyebar ke sistem lain yang saling terhubung sehingga menimbulkan efek berantai terhadap infrastruktur kritis.
Yang membuat ancaman ini semakin serius, para peretas disebut mulai memanfaatkan kecerdasan buatan (AI) untuk mempercepat proses serangan, demikian dikutip dari Reuters, Kamis (20/8/2026).
Menurut badan-badan pemerintah AS, AI memungkinkan pelaku mengurangi secara drastis keahlian teknis dan waktu yang sebelumnya dibutuhkan untuk mengembangkan eksploit yang dapat membobol sistem.
CISA sebelumnya telah memperingatkan pada 30 Juli mengenai peningkatan signifikan serangan terhadap PLC. Peringatan tersebut menyusul advisori pada 22 Juli yang mengungkap bahwa peretas yang berafiliasi dengan Iran mengeksploitasi perangkat PLC buatan Siemens, Rockwell Automation, dan Schneider Electric.
Ancaman tersebut muncul ketika sejumlah sistem air lokal di beberapa negara bagian AS menjadi sasaran serangan siber dalam beberapa pekan terakhir. Pakar keamanan siber menduga serangkaian serangan tersebut memiliki keterkaitan dengan Iran.
Namun, pejabat federal AS belum secara resmi menghubungkan serangan terhadap sistem air lokal dengan Iran.
Presiden Donald Trump bahkan mengatakan pada 31 Juli bahwa dirinya tidak meyakini Iran berada di balik serangan tersebut. Trump justru menyalahkan Minnesota, negara bagian pertama yang melaporkan gelombang sedikitnya 30 insiden siber terkait fasilitas air pada 26 dan 27 Juli.",Negative,0
"Adopsi AI Akamai Mengubah Infrastruktur Bisnis di Asia Pasifik. Akamai hadir untuk meningkatkan infrastruktur bisnis di Asia Pasifik dengan keunggulannya. Apa saja?
Liputan6.com, Jakarta - Kecerdasan buatan ( Artificial Intelligence / AI ) kini banyak digunakan hampir semua orang di dunia, terutama bagi pelaku bisnis. Hal ini membuat mereka harus memikirkan strategi bisnis secara matang dari perencanaan hingga pengoperasian.
Meluasnya penggunaan AI ini berpengaruh ke anggaran perusahaan yang kini tidak lagi dipakai hanya untuk uji coba, namun langsung ke penggunaan nyata di lapangan.
Akibatnya, pelanggan tidak hanya membutuhkan fitur AI tetapi memerlukan komputer, jaringan, dan sistem di belakang layar.
Advertisement
""Kebutuhan perusahaan akan hal ini menjadi strategi utama mereka demi bersaing dalam persaingan AI,"" ujar Managing Director Akamai untuk wilayah Asia Pasifik, Sean Li, dalam acara media briefing virtual Akamai APAC, Kamis (20/8/2026).
Permintaan perusahaan terhadap AI semakin melejit, bersamaan dengan kebutuhan daya komputasi, data, dan pemrosesan lebih cepat. Semua ini juga diperlukan satu jaringan terhubung yang cepat dan aman serta berkapasitas besar.
Keunggulan Akamai
Untuk mendukung kebutuhan pelanggan, Akamai menyediakan jaringan global berkapasitas besar dan telah diaplikasikan ke banyak brand yang tersebar di berbagai negara.
Akamai sudah berpengalaman lebih dari 20 tahun melayani pelanggan di Asia Pasifik dengan mencapai pendapatan tahunan USD 1 miliar (sekitar Rp 17,7 triliun) pada 2025.
Kapasitas jaringan Akamai sendiri sebesar 1.000+ Tbps dan memiliki lokasi edge lebih dari 4.300. Bahkan, jaringannya sudah terkoneksi ke lebih dari 1.200 jaringan di 700 lebih kota dan 130 lebih negara.
Beberapa brand yang mempercayai Akamai dalam pengadopsian AI adalah Adidas, Adobe, Airbnb, Casio, Panasonic, dan masih banyak lagi.
Akamai membantu organisasi di Asia Pasifik untuk membangun, mengamankan, dan mengembangkan generasi berikutnya dari pengalaman digital AI.
Platform penyedia layanan bisnis AI, GoVeda, disebutkan memiliki tantangan dalam mengolah database AI berukuran raksasa. Mereka membutuhkan infrastruktur cepat dan penghematan biaya.
Solusinya, dengan bermigrasi ke Akamai Cloud dan menggunakan prosesor G8 & GPU RTX 6.000 Pro, performa naik 30% dan biaya berkurang 20%.
Sementara itu, penyedia layanan telekomunikasi di India, Sarv, membutuhkan infrastruktur yang hemat biaya untuk sistem darurat, pencegahan kejahatan siber, dan alat kolaborasi.
Setelah beralih ke Akamai Cloud yang dikelola CloudMinister, biaya operasional AI menurun, namun kecepatan dan keandalan tetap terjaga.
Advertisement
Advertisement
Advertisement
Advertisement
Copyright © 2026 Liputan6.com
KLY KapanLagi Youniverse All Right Reserved.",Positive,2
"Bukan RoboCop, Robot 1,88 Meter Kini Atur Lalu Lintas di China. Robot ini mendeteksi pelanggaran lalu lintas dan memberi peringatan kepada pengguna jalan.
Robot polisi lalu lintas humanoid yang dikembangkan SUPCON mulai bertugas di sebuah ruas jalan di Hangzhou, Provinsi Zhejiang, China, Senin (21/7/2026). Dengan tinggi 1,88 meter, robot T2 ditempatkan di persimpangan sibuk untuk membantu mengatur lalu lintas, sekaligus mendeteksi sejumlah pelanggaran dan memberikan peringatan kepada pengguna jalan. (REUTERS/Go Nakamura)
Dikembangkan perusahaan teknologi lokal SUPCON Information, robot seberat 98 kilogram tersebut menggunakan kamera, radar, dan sistem komputasi untuk mendeteksi pengendara sepeda listrik tanpa helm, kendaraan yang membawa penumpang, pengendara yang melewati garis berhenti, hingga pejalan kaki yang menyeberang saat lampu lalu lintas belum mengizinkan. (REUTERS/Go Nakamura)
Robot ini juga dilengkapi lengan mekanis dengan tujuh sendi yang dapat menirukan gerakan standar polisi lalu lintas dan disinkronkan dengan lampu lalu lintas. Selain mengatur lalu lintas, T2 dapat menjawab pertanyaan mengenai arah, parkir, dan peraturan lalu lintas serta menghubungkan pengguna dengan polisi saat keadaan darurat. (REUTERS/Go Nakamura)
SUPCON telah menempatkan 15 robot di Hangzhou sejak Mei. Perusahaan mengklaim robot-robot tersebut telah memberikan lebih dari 170.000 peringatan dan membantu menurunkan pelanggaran berkendara tanpa helm serta kendaraan yang melewati garis berhenti hingga lebih dari 40%. Angka tersebut belum dapat diverifikasi secara independen oleh Reuters. (REUTERS/Go Nakamura)
Robot telah diuji selama ribuan jam di berbagai lokasi, termasuk kawasan wisata, zona sekolah, kawasan bisnis, lalu lintas jam sibuk, hingga kondisi cuaca buruk. SUPCON mengklaim tingkat akurasi pendeteksian pelanggaran mencapai lebih dari 95%, meski kamera dan radar tetap dapat terpengaruh sinar matahari, hujan, dan suhu ekstrem. (REUTERS/Go Nakamura)
Menurut SUPCON, robot dapat beroperasi secara otonom dari pukul 07.00 hingga 18.00 tanpa kendali jarak jauh. Hampir 50 robot serupa kini beroperasi di sekitar delapan kota di tiga provinsi China, sementara perusahaan menargetkan jumlahnya mendekati 200 unit pada akhir tahun. (REUTERS/Go Nakamura)
Teknologi robot polisi juga dinilai memiliki peluang untuk diekspor, terutama ke wilayah dengan kondisi kerja berat seperti Timur Tengah dan Asia Tenggara. Namun, ekspansi ke luar negeri menghadapi tantangan berupa kebutuhan integrasi dengan sistem penegak hukum setempat, sertifikasi, serta kepatuhan terhadap aturan perlindungan data karena robot dilengkapi kamera dan berbagai sensor. (REUTERS/Go Nakamura)",Positive,2
"Apple Sebar Peringatan Spyware ke Pengguna di 110 Negara. Dengan dikirimkannya peringatan ini, total negara yang warganya pernah menerima notifikasi peretasan dari Apple kini telah menembus lebih dari 150 negara.
Liputan6.com, Jakarta - Apple kembali menyebar peringatan keamanan secara global. Perusahaan asal Cupertino, Amerika Serikat (AS) tersebut mengonfirmasi telah mengirimkan notifikasi ancaman kepada sejumlah pengguna di 110 negara yang terdeteksi menjadi target serangan mercenary spyware .
Kepada TechCrunch , dikutip Jumat (14/8/2026), Apple menjelaskan bahwa serangan ini bukanlah peretasan biasa.
Mercenary spyware merupakan perangkat peretas tingkat tinggi berbiaya amat mahal yang dirancang khusus untuk mengintai target-target spesifik secara personal, seperti jurnalis, aktivis, diplomat, dan pejabat pemerintah.
Advertisement
Dengan dikirimkannya peringatan terbaru ini, total negara yang warganya pernah menerima notifikasi peretasan dari Apple selama beberapa tahun terakhir kini telah menembus lebih dari 150 negara.
Sebelumnya, sekitar satu tahun lalu, Apple juga pernah mengirimkan peringatan serupa kepada pengguna di 100 negara.
Tak lama setelah itu, Apple mengonfirmasi telah memperingatkan belasan korban peretasan di Iran jelang memanasnya konflik di kawasan tersebut.
Bersamaan dengan peringatan ini, Apple menerbitkan dokumen panduan keamanan resmi bertajuk “About Apple threat notifications and protecting against mercenary spyware”.
Dokumen ini memuat penjelasan detail mengenai bentuk notifikasi ancaman, cara pengirimannya, hingga langkah darurat yang harus diambil korban.
Bagi pengguna yang menerima notifikasi ancaman tersebut, Apple mengimbau untuk segera mengaktifkan Moda Isolasi (Lockdown Mode) pada perangkat iPhone atau Mac. Selain itu, Apple menyarankan korban untuk segera berkonsultasi dengan tim ahli keamanan siber.
Apple merekomendasikan bantuan darurat dari organisasi nirlaba Access Now melalui layanan Digital Security Helpline yang beroperasi 24 jam sehari, 7 hari seminggu.
Meski lembaga luar tidak memiliki akses ke data internal Apple mengenai pemicu serangan, mereka dapat memberikan pendampingan teknis dan navigasi keamanan yang terukur bagi para korban target pengintaian.
Advertisement
Apple menegaskan mayoritas pengguna umum kecil kemungkinan menjadi target serangan mercenary spyware.
Meski demikian, potensi ancaman siber harian tetap mengintai. Untuk itu, Apple membagikan beberapa panduan keamanan mendasar yang wajib diterapkan seluruh pengguna:
Advertisement
Advertisement
Advertisement
Copyright © 2026 Liputan6.com
KLY KapanLagi Youniverse All Right Reserved.",Positive,2
"Sinergi Telkom-Danantara Buka Peluang Pertumbuhan Bisnis Enterprise hingga 30%. Telkom dan Danantara memperkuat bisnis enterprise melalui transformasi digital. Segmen B2B Telkom diproyeksi memiliki peluang tumbuh hingga 30%.
Liputan6.com, Jakarta - Transformasi digital membutuhkan dukungan konektivitas yang kuat dan merata. Ketersediaan jaringan yang andal hingga ke berbagai wilayah Indonesia menjadi fondasi penting untuk mempercepat digitalisasi di sektor industri sekaligus mendorong pertumbuhan ekonomi nasional.
Sebagai perusahaan digital telco terdepan di Indonesia, PT Telkom Indonesia (Persero) Tbk (Telkom) memiliki kapabilitas di bidang telekomunikasi dan digital untuk menjawab kebutuhan transformasi berbagai sektor. Melalui Telkom Enterprise, kapabilitas tersebut diwujudkan dalam beragam solusi digital bagi pemerintah, BUMN, hingga pelaku usaha.
Hal tersebut disampaikan Direktur Enterprise & Business Service Telkom Veranita Yosephine saat berdiskusi dengan Kepala Badan Pengelola Investasi Danantara sekaligus Chief Operating Officer (COO) Danantara Dony Oskaria dan Managing Director Business-2 Danantara Setyanto Hantoro. Diskusi strategis tersebut membahas arah pengembangan bisnis Telkom Enterprise beberapa waktu lalu.
Advertisement
Telkom Enterprise Direstrukturisasi, Fokus Perkuat Bisnis B2B
Selaras dengan transformasi yang sedang dijalankan Telkom melalui strategi TLKM 30, Telkom Enterprise juga melakukan restrukturisasi sebagai upaya pembenahan organisasi, penguatan tata kelola, dan penyederhanaan proses bisnis agar semakin efektif, efisien, serta berorientasi pada kebutuhan pasar di segmen B2B.
Inisiatif ini menjadi bagian dari sinergi Telkom bersama Danantara untuk menjawab tantangan baru yang membutuhkan kapabilitas digital nasional yang semakin kuat. Penataan Telkom Enterprise juga menjadi langkah strategis untuk memastikan Indonesia memiliki fondasi digital yang mampu mendukung kebutuhan teknologi masa depan.
“Indonesia membutuhkan kapabilitas digital nasional yang kuat untuk menjawab tantangan artificial intelligence (AI), keamanan siber, data sovereignty, hingga AI sovereignty. Telkom siap mengambil peran strategis tersebut melalui penguatan konektivitas dan solusi digital yang terintegrasi guna mendukung transformasi digital di berbagai sektor,” ujar Veranita.
Lebih lanjut, Veranita menjelaskan bahwa berbagai solusi digital seperti AI, cloud, data center, managed services, Internet of Things (IoT), hingga cyber security membutuhkan konektivitas yang tangguh, aman, dan berkapasitas tinggi agar dapat berjalan optimal. Karena itu, Telkom terus memperkuat bisnis enterprise agar mampu menghadirkan layanan digital yang terintegrasi sekaligus menjadi mitra strategis bagi pelanggan dalam meme nuh i kebutuhan transformasi mereka.
Saat ini, kontribusi bisnis enterprise terhadap pendapatan Telkom mencapai sekitar 11% atau senilai Rp19 triliun. Kontribusi tersebut masih memiliki ruang yang besar untuk ditingkatkan, mengingat pada sejumlah perusahaan telekomunikasi global, bisnis enterprise dapat menyumbang 20%–30% atau lebih terhadap total pendapatan. Hal ini menunjukkan adanya peluang bagi Telkom untuk terus mengembangkan bisnis enterprise sebagai salah satu sumber pertumbuhan ke depan.
“Dengan transformasi yang tepat, kami optimistis Telkom Enterprise memiliki potensi untuk tumbuh lebih kuat, meningkatkan profitabilitas, sekaligus menjadi salah satu motor pertumbuhan Telkom ke depan,” jelas Veranita.
Langkah transformasi tersebut dilakukan Telkom melalui penyederhanaan proses bisnis dan penguatan tata kelola berbasis teknologi digital. Inisiatif ini dimulai dari internal perusahaan untuk meningkatkan efisiensi operasional, mempercepat layanan kepada pelanggan, sekaligus menciptakan peluang bisnis baru yang lebih responsif terhadap dinamika pasar.
Ke depan, Telkom akan terus memperkuat integrasi konektivitas, infrastruktur digital, data center, cloud, hingga layanan keamanan siber sebagai fondasi pengembangan solusi digital end-to-end. Melalui pengembangan bisnis enterprise yang berkelanjutan, Telkom optimistis dapat meningkatkan daya saing nasional, mendorong percepatan transformasi digital di berbagai sektor, serta memperkuat kedaulatan digital Indonesia.
(*)
Advertisement
Advertisement
Advertisement
Advertisement
Copyright © 2026 Liputan6.com
KLY KapanLagi Youniverse All Right Reserved.",Positive,2
"Giliran Model AI Milik Meta Lepas Kendali, Retas Perusahaan Pihak Ketiga. JAKARTA - Meta menjadi perusahaan teknologi besar ketiga yang melaporkan bahwa sistem AI-nya bertindak di luar kendali dan meretas perusahaan pihak ketiga. Insiden ini melibatkan Muse Spark 1.1, sebuah model AI yang dipasarkan oleh perusahaan tersebut sebagai sistem yang ""supercerdas.""
Dalam pernyataan kepada media pada Rabu, (5/8/2026) Meta menyebutkan bahwa model tersebut sedang diuji oleh sebuah perusahaan keamanan siber bernama Irregular ketika sistem AI itu ""memanfaatkan celah keamanan"" pada sistem Irregular, mengakses internet terbuka, dan meretas perusahaan pihak ketiga yang tidak disebutkan namanya.
Meta menyatakan bahwa insiden tersebut disebabkan oleh ""kesalahan konfigurasi"" pada sistem Irregular.
Insiden ini menyusul kejadian serupa yang dialami oleh OpenAI dan Anthropic. Bulan lalu, model GPT-5.6 Sol milik OpenAI dan satu model pra-rilis lainnya sedang menjalani pengujian internal ketika sistem tersebut mendeteksi celah keamanan, mengakses internet, dan berupaya menemukan solusi untuk sebuah teka-teki keamanan siber dengan cara meretas repositori hasil pengujian sebelumnya.
Claude AI milik Anthropic juga melakukan serangan siber tanpa izin saat sedang diuji oleh Irregular; hal ini diungkapkan oleh perusahaan tersebut pekan lalu.
Irregular mengungkapkan bahwa Muse Spark 1.1 milik Meta dan Claude milik Anthropic sedang diuji dalam ""lingkungan evaluasi yang persis sama"" ketika keduanya berhasil lolos dari batasan pengujian.
""Saat ini tidak ada masalah yang belum terselesaikan. Irregular sedang menyusun dokumen panduan (white paper) untuk membagikan praktik terbaik terkait pengendalian dan pelaksanaan evaluasi siber secara aman,"" tambah perusahaan tersebut, sebagaimana dilansir RT .
Sebagaimana dilaporkan bulan lalu, model-model buatan OpenAI dan Anthropic sama-sama berhasil keluar dari batasan laboratorium pengujian saat mencoba menyelesaikan tugas-tugas keamanan siber. Dalam kedua kasus tersebut, model-model itu telah diperintahkan untuk membobol sistem internal, namun mereka menyimpulkan bahwa cara paling efisien untuk mencapai tujuan tersebut adalah dengan mengakses internet terbuka.
© 2007 - 2026 Okezone.com, All Rights Reserved",Negative,0
"Apa Itu Grow AI? Platform yang Diklaim Dorong UMKM Naik Kelas?. Grow AI memadukan infrastruktur cloud, keamanan siber, hingga otomasi dalam satu ekosistem terintegrasi.
Liputan6.com, Jakarta - Penyedia solusi web hosting , Exabytes , baru saja memperkenalkan arah strategis terbarunya, beralih dari 'Grow Digital' menjadi ' Grow AI '.
Inisiatif yang diumumkan dalam ajang Grow AI Summit 2026 di Kuala Lumpur, Malaysia, ini menegaskan komitmen Exabytes untuk mendampingi Usaha Mikro, Kecil, dan Menengah (UMKM) serta pelaku usaha nasional mengadopsi kecerdasan buatan secara praktis, aman, dan terukur.
Langkah strategis ini menjadi bagian dari misi besar Exabytes memberdayakan satu juta bisnis berbasis AI hingga 2030.
Advertisement
Lantas, apa itu Grow AI? Konsep ini dirancang untuk mendorong dunia bisnis bergerak melampaui sekadar kehadiran digital menuju operasional yang dipacu oleh AI secara efisien.
Grow AI memadukan infrastruktur cloud , keamanan siber, aplikasi bisnis, e-commerce , produktivitas kerja, otomasi, hingga layanan managed AI dalam satu ekosistem terintegrasi.
Berlandaskan prinsip RASA (Reliable, Accessible, Scalable, AI-driven), strategi ini mengubah AI dari sekadar tren teknologi menjadi dapur pacu pertumbuhan bisnis yang terukur.
Pendiri sekaligus Chief Executive Officer Exabytes Group, Chan Kee Siak, menegaskan transformasi menuju Grow AI merupakan langkah alami dari perjalanan 25 tahun perusahaan mendampingi pelaku usaha.
""Selama 25 tahun beroperasi, Exabytes telah mendukung lebih dari 160.000 bisnis. Dengan adopsi AI dan strategi baru ini, kami menetapkan target besar untuk membantu lebih banyak bisnis bertumbuh melalui AI,"" ujarnya, dikutip Kamis (20/8/2026).
Ia menambahkan, Exabytes hadir untuk menyederhanakan kompleksitas AI agar para pelaku usaha tidak ragu dan dapat menerapkannya secara aman dengan hasil yang nyata.
Bagi Indonesia, salah satu dari tiga pasar inti Exabytes selain Malaysia dan Singapura, inisiatif ini memiliki arti yang amat vital.
Dengan lebih dari 65 juta UMKM yang menyumbang sekitar 60 persen terhadap Produk Domestik Bruto (PDB) nasional, percepatan adopsi AI menjadi kunci utama peningkatan daya saing ekonomi digital Indonesia.
Kehadiran Grow AI diharapkan mampu mengatasi tantangan keterbatasan literasi digital dan kesenjangan infrastruktur yang kerap dihadapi UMKM di tanah air.
VP & Country Manager Exabytes Indonesia, Indra Hartawan, menyatakan bahwa Grow AI merupakan komitmen nyata Exabytes dalam mendampingi bisnis lokal menjawab tantangan era modern.
Melalui solusi berbasis AI, pihaknya optimistis dapat mendorong efisiensi operasional sekaligus meningkatkan produktivitas tenaga kerja bisnis di Indonesia.
Sebagai bentuk konkret dari arah baru ini, Exabytes bersiap meluncurkan rangkaian produk berbasis AI dalam waktu dekat.
Solusi yang ditawarkan mencakup asisten layanan pelanggan, optimalisasi penjualan dan pemasaran berbasis AI, otomasi alur kerja, hingga infrastruktur AI yang fleksibel untuk membantu UMKM Indonesia bertransformasi secara bertahap dan terukur.
Advertisement
Advertisement
Advertisement
Advertisement
Copyright © 2026 Liputan6.com
KLY KapanLagi Youniverse All Right Reserved.",Positive,2
"Pengguna Android Bisa Akses iMessage Lagi Berkat Aplikasi Ini. Pengguna Android kembali mendapatkan pilihan untuk mengakses layanan iMessage melalui aplikasi ini.
Liputan6.com, Jakarta - Pengguna Android kembali mendapatkan pilihan untuk mengakses layanan iMessage melalui aplikasi Sunbird . Setelah tiga tahun ditarik karena masalah keamanan, aplikasi ini kembali tersedia dalam versi beta di Google Play Store.
Disitat dari BGR , Rabu (19/8/2026), Sunbird sebelumnya harus menghentikan layanan iMessage untuk Android, setelah ditemukan sejumlah masalah keamanan yang berujung pada kebocoran data pengguna.
Kini, pengembang telah melakukan beberapa pembaruan, dengan melakukan perbaikan di berbagai celah, dan meningkatkan perlindungan data serta privasi pengguna.
Advertisement
Dalam proses pengembangannya, Sunbird melakukan sejumlah perubahan teknis di arsitektur iMessage. Perusahaan menyebut telah memperbarui infrastruktur backend melalui evaluasi menyeluruh, sekaligus menghadirkan arsitektur yang lebih aman.
Dukungan terhadap Rich Communication Services (RCS) juga menjadi bagian dari perubahan yang dilakukan di sistem tersebut.
Meski begitu, kehadiran kembali Sunbird menimbulkan pertanyaan, apakah aplikasi tersebut masih dibutuhkan? Sebab, Apple telah berkomitmen mengadopsi standar RCS, yang memungkinkan pengguna iPhone dan Android berkomunikasi dengan lebih baik tanpa harus bergantung pada aplikasi iMessage versi tidak resmi.
Dengan dukungan RCS, pengguna iPhone dan Android nantinya dapat bertukar berbagai jenis konten dengan lebih nyaman, termasuk file , gambar berkualitas tinggi, GIF, hingga percakapan dalam grup.
Sejumlah fitur eksklusif iMessage memang tetap menjadi bagian dari ekosistem Apple, tetapi RCS diharapkan mampu mengurangi berbagai keterbatasan komunikasi lintas platform .
Sebagai informasi, Sunbird pertama kali diluncurkan pada 2022. Namun, aksesnya cukup terbatas karena hanya diluncurkan dalam versi beta pribadi. Layanan ini baru tersedia secara luas ketika Sunbird memutuskan untuk bermitra dengan Nothing.
Kedua startup ini meluncurkan Nothing Chats yang didukung Sunbird. Namun, beberapa hari setelah aplikasi diluncurkan, aplikasi Sunbird dan Nothing Chats dilaporkan memiki masalah keamanan, seperti pesan dan media pengguna yang mudah diakses.
Advertisement
Advertisement
Advertisement
Advertisement
Copyright © 2026 Liputan6.com
KLY KapanLagi Youniverse All Right Reserved.",Positive,2
"Fitur Baru ChatGPT Bisa Lacak Setiap Ketikan Pengguna, Apa Berbahaya?. Fitur bernama Computer History membantu ChatGPT mempelajari kebiasaan kerja pengguna, menyelesaikan tugas yang belum selesai, dan lain sebagainya.
Liputan6.com, Jakarta - OpenAI memperkenalkan fitur baru milik ChatGPT pada aplikasi desktop di macOS yang dapat mendeteksi setiap klik, ketukan tombol, dan lainnya. Semua ini demi melatih model kecerdasan buatan ( Artificial Intelligence / AI ) mereka.
Fitur bernama Computer History membantu ChatGPT mempelajari kebiasaan kerja pengguna, menyelesaikan tugas yang belum selesai, serta memberi saran keterampilan dan otomatisasi.
Dilansir Futurism , Selasa (18/8/2026), dalam sebuah video, Dominik Kundel dari OpenAI menunjukkan ChatGPT bisa menyebutkan judul dokumen Google Doc yang terakhir dilihat. Bahkan, dapat mengecek apakah dokumen tersebut pernah dibagikan di grup obrolan.
Advertisement
Hal ini membuktikan AI memiliki akses mendalam ke kehidupan digital pengguna, sehingga bisa mengetahui pesan mana yang perlu diperiksa, dan menelusuri riwayat percakapan Slack milik Kundel.
Perusahaan AI asal San Francisco ini menegaskan fitur Computer History bersifat opt-in, yaitu memerlukan persetujuan pengguna untuk mengaktifkannya dan bukan opt-out, yaitu aktif secara otomatis.
Fitur tersebut dapat secara otomatis mengabaikan konten apapun pada mode penyamaran atau dari tab browser pribadi. Weinstein mengatakan pengguna bisa secara manual memasukkan aplikasi ke daftar hitam agar tidak dilacak.
Selain itu, pengguna juga dapat menghapus memori aktivitas yang tersimpan dalam basis data sistem.
Meskipun demikian, memberikan akses sebesar itu kepada model AI merupakan hal besar. Meskipun pengguna dapat memilih perizinan akses, rekan bicara dalam obrolan tidak bisa melakukan hal serupa.
Banyak pengguna di media sosial menyebut fitur ini mengerikan dan membandingkan dengan fitur Windows Recall milik Microsoft yang sebelumnya dikecam terkait masalah keamanan data.
Berbeda dengan Recall yang berfokus mengambil tangkapan layar, Computer History mengandalkan interaksi secara real-time .
Perusahaan memperingatkan berkas Computer History ini berisi informasi sensitif dan tidak dienkripsi. Hal ini berarti membuka celah aplikasi lain dengan hak izin macOS pengguna untuk dapat mengaksesnya.
Advertisement
Advertisement
Advertisement
Advertisement
Copyright © 2026 Liputan6.com
KLY KapanLagi Youniverse All Right Reserved.",Negative,0
"Muncul 'Waiting for this Message' di WhatsApp, Lakukan Ini Buat Baca. Jakarta, CNBC Indonesia - Anda mungkin pernah mendapatkan notifikasi 'Waiting for this Message. This may take a while ' di ruang chat. Biasanya ini muncul saat seseorang mengirimkan pesan kepada kita.
Ada beberapa penyebab pesan ini muncul. Salah satunya pengirim pesam baru saja menginstal ulang WhatsApp membuat fitur keamanan enkripsi ujung-ke-ujung belum berjalan optimal.
Ada juga masalah koneksi internet yang buruk dan tidak stabil. Hal ini juga membuat fitur enkripsi tidak bisa bekerja dengan baik.
Kemungkinan lainnya adalah pengguna masih menggunakan versi lama WhatsApp yang memunculkan masalah kompatibilitas.
Terdapat beberapa cara untuk mengatasi dan memunculkan pesan yang tidak terkirim tersebut. Berikut tiga cara tersebut:
1. Update WhatsApp ke versi terbaru
Sebaiknya langsung update aplikasi WhatsApp ke versi terbaru. Dengan begitu akan menghilangkan masalah tertentu dalam aplikasi, termasuk pesan bisa langsung masuk ke akun WhatsApp kita.
Pengirim pesan juga harus memperbarui aplikasi agar bisa menyelesaikan masalah pesan menunggu ini.
2. Buka aplikasi WhatsApp
Minta pengirim pesan membuka aplikasi langsung dari ponselnya. Dengan begitu sistem enkripsi bisa berjalan dengan optimal dan pesan bisa muncul secara langsung.
3. Tunggu hingga pesan muncul
Terakhir tunggu saja hingga fitur enkripsi bekerja hingga pesan muncul dengan sendirinya.",Neutral,1
"Lepas Kendali, Model AI Kimi K3 China Bobol Sistem Keamanan saat Pengujian. JAKARTA - Sebuah model kecerdasan buatan (AI) terkemuka asal China telah menemukan cara untuk melampaui batasan selama uji coba keamanan siber terkendali. Kejadian ini menambah kekhawatiran yang kian meningkat mengenai efektivitas mekanisme perlindungan AI, terutama setelah serangkaian insiden di mana AI lepas kendali dan melakukan peretasan baru-baru ini.
Para peneliti mengidentifikasi model tersebut sebagai Kimi K3—produk unggulan dari perusahaan rintisan (startup) Moonshot—dan menyatakan bahwa model itu mengakses informasi daring saat dievaluasi dalam lingkungan pengujian terisolasi yang dikembangkan oleh AI Security Institute, Inggris. Sistem tersebut dirancang agar model AI tetap terputus dari internet selama kemampuan mereka dinilai.
Dilansir RT , perusahaan riset keamanan siber yang berbasis di Amerika Serikat (AS), Frontier Security , mengungkapkan bahwa alih-alih menyelesaikan tugas hanya dengan menggunakan informasi yang disediakan untuk pengujian, Kimi K3 menemukan cara untuk mengakses informasi daring. Para peneliti menyebutkan bahwa model tersebut memanfaatkan celah pada konfigurasi lingkungan pengujian, bukan dengan cara membobol sistem keamanannya.
Menurut Frontier Security, berbeda dengan beberapa model AI yang terlibat dalam insiden pengujian baru-baru ini, Kimi K3 tidak berupaya mengakses atau menyerang situs web maupun sistem komputer eksternal. Namun, para peneliti menyatakan bahwa insiden tersebut mengindikasikan kurangnya sejumlah fitur keamanan siber bawaan—yang lazim ditemukan pada sistem AI pesaing—pada model ini, sehingga berpotensi menimbulkan risiko lebih besar mengingat model tersebut sudah tersedia bagi pengembang untuk diunduh, dimodifikasi, dan digunakan.
Kejadian ini menyusul insiden serupa dalam pengujian yang dilaporkan beberapa minggu terakhir oleh OpenAI dan Anthropic, di mana model AI mereka juga keluar dari lingkungan pengujian yang telah ditentukan saat menjalani evaluasi terkendali. Dalam beberapa kasus tersebut, sistem berinteraksi dengan layanan daring eksternal saat berupaya menyelesaikan tugas yang diberikan.
Temuan terbaru ini menambah sorotan yang kian meningkat terhadap sistem AI canggih, seiring upaya pemerintah, peneliti, dan perusahaan teknologi untuk memperkuat pengujian keamanan. Evaluasi terkini menunjukkan bahwa model AI yang semakin kapabel dapat mengeksploitasi kelemahan yang tidak disengaja dalam lingkungan pengujian atau bertindak di luar batasan yang ditetapkan oleh para peneliti.
(Rahman Asmardika)
© 2007 - 2026 Okezone.com, All Rights Reserved",Negative,0
